[Licensing::Module] Trying to connect to existing licensing client channel...
Built from '6000.3/staging' branch; Version is '6000.3.10f1 (e35f0c77bd8e) revision 14901004'; Using compiler version '194234433'; Build Type 'Release'
OS: 'Windows 10  (10.0.19045) 64bit Professional' Language: 'ru' Physical Memory: 32668 MB
[Licensing::IpcConnector] Successfully connected to: "LicenseClient-skond" at "2026-03-19T18:37:37.5556707Z"
BatchMode: 1, IsHumanControllingUs: 0, StartBugReporterOnCrash: 0, Is64bit: 1
System  architecture: x64
Process architecture: x64
Date: 2026-03-19T18:37:37Z

COMMAND LINE ARGUMENTS:
C:\Program Files\Unity\Hub\Editor\6000.3.10f1\Editor\Unity.exe
-adb2
-batchMode
-noUpm
-name
AssetImportWorker4
-projectPath
C:/Users/skond/OneDrive/Документы/GitHub/RPG/Real_RPG
-logFile
Logs/AssetImportWorker4.log
-srvPort
58025
-licensingIpc
LicenseClient-skond
-job-worker-count
5
-background-job-worker-count
8
-gc-helper-count
1
-name
AssetImport
Successfully changed project path to: C:/Users/skond/OneDrive/Документы/GitHub/RPG/Real_RPG
C:/Users/skond/OneDrive/Документы/GitHub/RPG/Real_RPG
[UnityMemory] Configuration Parameters - Can be set up in boot.config
    "memorysetup-temp-allocator-size-nav-mesh-worker=65536"
    "memorysetup-temp-allocator-size-audio-worker=65536"
    "memorysetup-temp-allocator-size-gfx=262144"
    "memorysetup-allocator-temp-initial-block-size-main=262144"
    "memorysetup-allocator-temp-initial-block-size-worker=262144"
    "memorysetup-temp-allocator-size-background-worker=32768"
    "memorysetup-temp-allocator-size-job-worker=262144"
    "memorysetup-temp-allocator-size-preload-manager=33554432"
    "memorysetup-temp-allocator-size-gi-baking-worker=262144"
    "memorysetup-temp-allocator-size-gi-baking-worker=262144"
    "memorysetup-temp-allocator-size-gi-baking-worker=262144"
    "memorysetup-temp-allocator-size-gi-baking-worker=262144"
    "memorysetup-temp-allocator-size-gi-baking-worker=262144"
    "memorysetup-bucket-allocator-granularity=16"
    "memorysetup-bucket-allocator-bucket-count=8"
    "memorysetup-bucket-allocator-block-size=33554432"
    "memorysetup-bucket-allocator-block-count=8"
    "memorysetup-main-allocator-block-size=16777216"
    "memorysetup-thread-allocator-block-size=16777216"
    "memorysetup-gfx-main-allocator-block-size=16777216"
    "memorysetup-gfx-thread-allocator-block-size=16777216"
    "memorysetup-cache-allocator-block-size=4194304"
    "memorysetup-typetree-allocator-block-size=2097152"
    "memorysetup-profiler-bucket-allocator-granularity=16"
    "memorysetup-profiler-bucket-allocator-bucket-count=8"
    "memorysetup-profiler-bucket-allocator-block-size=33554432"
    "memorysetup-profiler-bucket-allocator-block-count=8"
    "memorysetup-profiler-allocator-block-size=16777216"
    "memorysetup-profiler-editor-allocator-block-size=1048576"
    "memorysetup-temp-allocator-size-main=16777216"
    "memorysetup-job-temp-allocator-block-size=2097152"
    "memorysetup-job-temp-allocator-block-size-background=1048576"
    "memorysetup-job-temp-allocator-reduction-small-platforms=262144"
    "memorysetup-temp-allocator-size-cloud-worker=32768"
Player connection [18136]  Target information:

Player connection [18136]  * "[IP] 192.168.1.109 [Port] 0 [Flags] 2 [Guid] 992046013 [EditorId] 992046013 [Version] 1048832 [Id] WindowsEditor(7,DESCTOP-NIKITA) [Debug] 1 [PackageName] WindowsEditor [ProjectName] Editor" 

Player connection [18136]  * "[IP] 26.159.67.115 [Port] 0 [Flags] 2 [Guid] 992046013 [EditorId] 992046013 [Version] 1048832 [Id] WindowsEditor(7,DESCTOP-NIKITA) [Debug] 1 [PackageName] WindowsEditor [ProjectName] Editor" 

Player connection [18136]  * "[IP] 192.168.56.1 [Port] 0 [Flags] 2 [Guid] 992046013 [EditorId] 992046013 [Version] 1048832 [Id] WindowsEditor(7,DESCTOP-NIKITA) [Debug] 1 [PackageName] WindowsEditor [ProjectName] Editor" 

Player connection [18136] Host joined multi-casting on [225.0.0.222:54997]...
Player connection [18136] Host joined alternative multi-casting on [225.0.0.222:34997]...
JobSystem: Creating JobQueue using job-worker-count value 5
Input System module state changed to: Initialized.
[Physics::Module] Initialized fallback backend.
[Physics::Module] Id: 0xdecafbad
Library Redirect Path: Library/
[Physics::Module] Selected backend.
[Physics::Module] Name: PhysX
[Physics::Module] Id: 0xf2b8ea05
[Physics::Module] SDK Version: 4.1.2
[Physics::Module] Integration Version: 1.0.0
[Physics::Module] Threading Mode: Multi-Threaded
Refreshing native plugins compatible for Editor in 2.70 ms, found 3 plugins.
Preloading 0 native plugins for Editor in 0.00 ms.
Initialize engine version: 6000.3.10f1 (e35f0c77bd8e)
[Subsystems] Discovering subsystems at path C:/Program Files/Unity/Hub/Editor/6000.3.10f1/Editor/Data/Resources/UnitySubsystems
[Subsystems] Discovering subsystems at path C:/Users/skond/OneDrive/Документы/GitHub/RPG/Real_RPG/Assets
GfxDevice: creating device client; kGfxThreadingModeNonThreaded
Direct3D:
    Version:  Direct3D 11.0 [level 11.1]
    Renderer: NVIDIA GeForce RTX 4060 (ID=0x2882)
    Vendor:   NVIDIA
    VRAM:     7957 MB
    Driver:   32.0.15.8180
Initialize mono
Mono path[0] = 'C:/Program Files/Unity/Hub/Editor/6000.3.10f1/Editor/Data/Managed'
Mono path[1] = 'C:/Program Files/Unity/Hub/Editor/6000.3.10f1/Editor/Data/MonoBleedingEdge/lib/mono/unityjit-win32'
Mono config path = 'C:/Program Files/Unity/Hub/Editor/6000.3.10f1/Editor/Data/MonoBleedingEdge/etc'
Using monoOptions --debugger-agent=transport=dt_socket,embedding=1,server=y,suspend=n,address=127.0.0.1:56700
Begin MonoManager ReloadAssembly
Registering precompiled unity dll's ...
Register platform support module: C:/Program Files/Unity/Hub/Editor/6000.3.10f1/Editor/Data/PlaybackEngines/WindowsStandaloneSupport/UnityEditor.WindowsStandalone.Extensions.dll
Registered in 0.004086 seconds.
[Licensing::Client] Handshaking with LicensingClient:
  Version:                 1.17.4+4293ba1
  Session Id:              90d6a1c6f39f49cc8c1c905d5a63f3dd
  Correlation Id:          740a33a231589c221f42416699ed8bec
  External correlation Id: 4887025541314020162
  Machine Id:              EAfocD0rgLwKLANkq5GPS46Ey/g=
[Licensing::Module] Successfully connected to LicensingClient on channel: "LicenseClient-skond" (connect: 0.00s, validation: 0.00s, handshake: 1.57s)
[Licensing::IpcConnector] Successfully connected to: "LicenseClient-skond-notifications" at "2026-03-19T18:37:39.1222658Z"
[Licensing::Module] Licensing Background thread has ended after 1.57s
- Loaded All Assemblies, in  0.643 seconds
Native extension for WindowsStandalone target not found
ScheduleIndexationOnStartup MainProcess:False IndexOnStartup:True
Mono: successfully reloaded assembly
- Finished resetting the current domain, in  0.635 seconds
Domain Reload Profiling: 1273ms
	BeginReloadAssembly (202ms)
		ExecutionOrderSort (0ms)
		DisableScriptedObjects (0ms)
		BackupInstance (0ms)
		ReleaseScriptingObjects (0ms)
		CreateAndSetChildDomain (1ms)
	RebuildCommonClasses (52ms)
	RebuildNativeTypeToScriptingClass (22ms)
	initialDomainReloadingComplete (75ms)
	LoadAllAssembliesAndSetupDomain (287ms)
		LoadAssemblies (197ms)
		RebuildTransferFunctionScriptingTraits (0ms)
		AnalyzeDomain (283ms)
			TypeCache.Refresh (281ms)
				TypeCache.ScanAssembly (260ms)
			BuildScriptInfoCaches (0ms)
			ResolveRequiredComponents (1ms)
	FinalizeReload (635ms)
		ReleaseScriptCaches (0ms)
		RebuildScriptCaches (0ms)
		SetupLoadedEditorAssemblies (560ms)
			LogAssemblyErrors (0ms)
			InitializePlatformSupportModulesInManaged (104ms)
			SetLoadedEditorAssemblies (5ms)
			BeforeProcessingInitializeOnLoad (174ms)
			ProcessInitializeOnLoadAttributes (208ms)
			ProcessInitializeOnLoadMethodAttributes (69ms)
			AfterProcessingInitializeOnLoad (0ms)
			EditorAssembliesLoaded (0ms)
		ExecutionOrderSort2 (0ms)
		AwakeInstancesAfterBackupRestoration (0ms)
========================================================================
Worker process is ready to serve import requests
Import Worker Mode flag is 0x00
Begin MonoManager ReloadAssembly
[Licensing::Client] Successfully resolved entitlement details
[Licensing::Module] License group:
  Id: 10171162515417-UnityPersXXXX
  Product: Unity Personal
  Type: Assigned
  Expiration: Unlimited
- Loaded All Assemblies, in  1.061 seconds
Refreshing native plugins compatible for Editor in 1.02 ms, found 3 plugins.
Native extension for WindowsStandalone target not found
Package Manager log level set to [2]
[Package Manager] Failed to launch server process. Reason: Unity was launched with the -noUpm command-line argument
[Package Manager] Unable to send message (not connected to server process).
[Package Manager] Cannot connect to Unity Package Manager local server
ScheduleIndexationOnStartup MainProcess:False IndexOnStartup:True
Mono: successfully reloaded assembly
- Finished resetting the current domain, in  1.193 seconds
Domain Reload Profiling: 2248ms
	BeginReloadAssembly (213ms)
		ExecutionOrderSort (0ms)
		DisableScriptedObjects (7ms)
		BackupInstance (0ms)
		ReleaseScriptingObjects (0ms)
		CreateAndSetChildDomain (36ms)
	RebuildCommonClasses (44ms)
	RebuildNativeTypeToScriptingClass (16ms)
	initialDomainReloadingComplete (46ms)
	LoadAllAssembliesAndSetupDomain (735ms)
		LoadAssemblies (434ms)
		RebuildTransferFunctionScriptingTraits (0ms)
		AnalyzeDomain (419ms)
			TypeCache.Refresh (288ms)
				TypeCache.ScanAssembly (268ms)
			BuildScriptInfoCaches (109ms)
			ResolveRequiredComponents (16ms)
	FinalizeReload (1194ms)
		ReleaseScriptCaches (0ms)
		RebuildScriptCaches (0ms)
		SetupLoadedEditorAssemblies (984ms)
			LogAssemblyErrors (0ms)
			InitializePlatformSupportModulesInManaged (15ms)
			SetLoadedEditorAssemblies (5ms)
			BeforeProcessingInitializeOnLoad (191ms)
			ProcessInitializeOnLoadAttributes (419ms)
			ProcessInitializeOnLoadMethodAttributes (346ms)
			AfterProcessingInitializeOnLoad (7ms)
			EditorAssembliesLoaded (0ms)
		ExecutionOrderSort2 (0ms)
		AwakeInstancesAfterBackupRestoration (7ms)
Launched and connected shader compiler UnityShaderCompiler.exe after 0.01 seconds
Refreshing native plugins compatible for Editor in 0.98 ms, found 3 plugins.
Preloading 0 native plugins for Editor in 0.00 ms.
Unloading 11 Unused Serialized files (Serialized files now loaded: 0)
Unloading 7341 unused Assets / (5.8 MB). Loaded Objects now: 8401.
Memory consumption went from 213.7 MB to 207.9 MB.
Total: 10.615500 ms (FindLiveObjects: 1.034500 ms CreateObjectMapping: 1.354200 ms MarkObjects: 5.357200 ms  DeleteObjects: 2.868800 ms)

========================================================================
Received Import Request.
  Time since last request: 363501.874157 seconds.
  path: Assets/work/sound/Human
  artifactKey: Guid(f27548fdd01d1dd4f96d20eba67de8d2) Importer(815301076,1909f56bfc062723c751e8b465ee728b)
Start importing Assets/work/sound/Human using Guid(f27548fdd01d1dd4f96d20eba67de8d2) Importer(815301076,1909f56bfc062723c751e8b465ee728b) (PreviewImporter) -> (artifact id: '28d40ddd7278b37e949f94cb6d77921c') in 0.0055813 seconds
Number of updated asset objects reloaded before import = 0Number of asset objects unloaded after import = 0

========================================================================
Received Import Request.
  Time since last request: 0.000019 seconds.
  path: Assets/work/sound/Human/belch_1.wav
  artifactKey: Guid(7e2edc9402781d447aa9269b2d615ab1) Importer(815301076,1909f56bfc062723c751e8b465ee728b)
Start importing Assets/work/sound/Human/belch_1.wav using Guid(7e2edc9402781d447aa9269b2d615ab1) Importer(815301076,1909f56bfc062723c751e8b465ee728b) (PreviewImporter) -> (artifact id: 'd510d849a6be837e28ff3d2ad1bc0917') in 0.1974993 seconds
Number of updated asset objects reloaded before import = 0Number of asset objects unloaded after import = 2

========================================================================
Received Import Request.
  Time since last request: 0.000032 seconds.
  path: Assets/work/sound/Human/whistle.wav
  artifactKey: Guid(c7b53ff8ad1e40848b154d6fb7c8fcce) Importer(815301076,1909f56bfc062723c751e8b465ee728b)
Start importing Assets/work/sound/Human/whistle.wav using Guid(c7b53ff8ad1e40848b154d6fb7c8fcce) Importer(815301076,1909f56bfc062723c751e8b465ee728b) (PreviewImporter) -> (artifact id: '69233275edcf130e6ff175fac3464191') in 0.0104538 seconds
Number of updated asset objects reloaded before import = 0Number of asset objects unloaded after import = 2

========================================================================
Received Import Request.
  Time since last request: 0.000016 seconds.
  path: Assets/work/sound/Human/man_0.wav
  artifactKey: Guid(c0b15a5734589fc48848c15204dbb550) Importer(815301076,1909f56bfc062723c751e8b465ee728b)
Start importing Assets/work/sound/Human/man_0.wav using Guid(c0b15a5734589fc48848c15204dbb550) Importer(815301076,1909f56bfc062723c751e8b465ee728b) (PreviewImporter) -> (artifact id: '78b1af0985847c23f574944fbcc61b1f') in 0.0084476 seconds
Number of updated asset objects reloaded before import = 0Number of asset objects unloaded after import = 2

========================================================================
Received Import Request.
  Time since last request: 0.000021 seconds.
  path: Assets/work/sound/Human/man_8.wav
  artifactKey: Guid(0557a6224feeef34aa42c9ec95ef5a5d) Importer(815301076,1909f56bfc062723c751e8b465ee728b)
Start importing Assets/work/sound/Human/man_8.wav using Guid(0557a6224feeef34aa42c9ec95ef5a5d) Importer(815301076,1909f56bfc062723c751e8b465ee728b) (PreviewImporter) -> (artifact id: 'e4aca742dcd5da36124f772e28ac64cc') in 0.0148732 seconds
Number of updated asset objects reloaded before import = 0Number of asset objects unloaded after import = 2

========================================================================
Received Import Request.
  Time since last request: 0.000027 seconds.
  path: Assets/work/sound/Human/man_4.wav
  artifactKey: Guid(3cbf26aa7583ca84cad4c7ed8bee2b51) Importer(815301076,1909f56bfc062723c751e8b465ee728b)
Start importing Assets/work/sound/Human/man_4.wav using Guid(3cbf26aa7583ca84cad4c7ed8bee2b51) Importer(815301076,1909f56bfc062723c751e8b465ee728b) (PreviewImporter) -> (artifact id: '6c773c27047575c1f32c893f02387dfd') in 0.0063288 seconds
Number of updated asset objects reloaded before import = 0Number of asset objects unloaded after import = 2

========================================================================
Received Import Request.
  Time since last request: 48.759696 seconds.
  path: Assets/work/sound/Items
  artifactKey: Guid(c257e89d61b50094891da696a9d74d9d) Importer(815301076,1909f56bfc062723c751e8b465ee728b)
Start importing Assets/work/sound/Items using Guid(c257e89d61b50094891da696a9d74d9d) Importer(815301076,1909f56bfc062723c751e8b465ee728b) (PreviewImporter) -> (artifact id: 'f7a89952f9af83d6f6484fc012d6b2ff') in 0.0009193 seconds
Number of updated asset objects reloaded before import = 0Number of asset objects unloaded after import = 0

========================================================================
Received Import Request.
  Time since last request: 0.000018 seconds.
  path: Assets/work/sound/Items/air_pump.wav
  artifactKey: Guid(9c27cdc608220464e980681c431cb7aa) Importer(815301076,1909f56bfc062723c751e8b465ee728b)
Start importing Assets/work/sound/Items/air_pump.wav using Guid(9c27cdc608220464e980681c431cb7aa) Importer(815301076,1909f56bfc062723c751e8b465ee728b) (PreviewImporter) -> (artifact id: '99b99a04754164d856c4a2aa5fec5d51') in 0.0241233 seconds
Number of updated asset objects reloaded before import = 0Number of asset objects unloaded after import = 2

========================================================================
Received Import Request.
  Time since last request: 0.000024 seconds.
  path: Assets/work/sound/Items/coins_gather_quick.wav
  artifactKey: Guid(b3ce1ae79ba5061488569ed7cea8dbc6) Importer(815301076,1909f56bfc062723c751e8b465ee728b)
Start importing Assets/work/sound/Items/coins_gather_quick.wav using Guid(b3ce1ae79ba5061488569ed7cea8dbc6) Importer(815301076,1909f56bfc062723c751e8b465ee728b) (PreviewImporter) -> (artifact id: 'bf560fa0a09a9dd5d1dda6e2e21a8cea') in 0.0098491 seconds
Number of updated asset objects reloaded before import = 0Number of asset objects unloaded after import = 2

========================================================================
Received Import Request.
  Time since last request: 0.000026 seconds.
  path: Assets/work/sound/Items/coins_gather_small.wav
  artifactKey: Guid(93fd4d86adea89d4b94ccb5f9b5f4e0e) Importer(815301076,1909f56bfc062723c751e8b465ee728b)
Start importing Assets/work/sound/Items/coins_gather_small.wav using Guid(93fd4d86adea89d4b94ccb5f9b5f4e0e) Importer(815301076,1909f56bfc062723c751e8b465ee728b) (PreviewImporter) -> (artifact id: '2a684b19097a75b1379650470bf5ab3d') in 0.0296881 seconds
Number of updated asset objects reloaded before import = 0Number of asset objects unloaded after import = 2

========================================================================
Received Import Request.
  Time since last request: 0.000015 seconds.
  path: Assets/work/sound/Items/coins_gather_medium.wav
  artifactKey: Guid(600b01ca5635ac441ac2a7335cd76bc6) Importer(815301076,1909f56bfc062723c751e8b465ee728b)
Start importing Assets/work/sound/Items/coins_gather_medium.wav using Guid(600b01ca5635ac441ac2a7335cd76bc6) Importer(815301076,1909f56bfc062723c751e8b465ee728b) (PreviewImporter) -> (artifact id: '9fb545f309e9b00995f8c91f657502a6') in 0.0052738 seconds
Number of updated asset objects reloaded before import = 0Number of asset objects unloaded after import = 2

========================================================================
Received Import Request.
  Time since last request: 0.000019 seconds.
  path: Assets/work/sound/Items/pencil_scribble.wav
  artifactKey: Guid(3879cc8040c2fef4c89121986d1c25ea) Importer(815301076,1909f56bfc062723c751e8b465ee728b)
Start importing Assets/work/sound/Items/pencil_scribble.wav using Guid(3879cc8040c2fef4c89121986d1c25ea) Importer(815301076,1909f56bfc062723c751e8b465ee728b) (PreviewImporter) -> (artifact id: '8f0589b1c4e82e82d09d824c412d3448') in 0.0062248 seconds
Number of updated asset objects reloaded before import = 0Number of asset objects unloaded after import = 2

========================================================================
Received Import Request.
  Time since last request: 0.000029 seconds.
  path: Assets/work/sound/Items/map_close.wav
  artifactKey: Guid(9439371459ba4bb4fa212b1c3376f10b) Importer(815301076,1909f56bfc062723c751e8b465ee728b)
Start importing Assets/work/sound/Items/map_close.wav using Guid(9439371459ba4bb4fa212b1c3376f10b) Importer(815301076,1909f56bfc062723c751e8b465ee728b) (PreviewImporter) -> (artifact id: '03adb2ecad59891f014cea86dc90f560') in 0.0054858 seconds
Number of updated asset objects reloaded before import = 0Number of asset objects unloaded after import = 2

========================================================================
Received Import Request.
  Time since last request: 0.000017 seconds.
  path: Assets/work/sound/Items/tennis_ball_bounce_2.wav
  artifactKey: Guid(a02fa77965d404049852392ef230370c) Importer(815301076,1909f56bfc062723c751e8b465ee728b)
Start importing Assets/work/sound/Items/tennis_ball_bounce_2.wav using Guid(a02fa77965d404049852392ef230370c) Importer(815301076,1909f56bfc062723c751e8b465ee728b) (PreviewImporter) -> (artifact id: 'e45e791f678d8f26058491d6df9771b6') in 0.0057114 seconds
Number of updated asset objects reloaded before import = 0Number of asset objects unloaded after import = 2

========================================================================
Received Import Request.
  Time since last request: 0.000017 seconds.
  path: Assets/work/sound/Items/coin_collect.wav
  artifactKey: Guid(deaf90e029410b949b3e8bc25cd7c802) Importer(815301076,1909f56bfc062723c751e8b465ee728b)
Start importing Assets/work/sound/Items/coin_collect.wav using Guid(deaf90e029410b949b3e8bc25cd7c802) Importer(815301076,1909f56bfc062723c751e8b465ee728b) (PreviewImporter) -> (artifact id: '3b1edfc02c7cc5044b41a72e01fd3549') in 0.0059354 seconds
Number of updated asset objects reloaded before import = 0Number of asset objects unloaded after import = 2

========================================================================
Received Import Request.
  Time since last request: 66.119455 seconds.
  path: Assets/work/sound/UI
  artifactKey: Guid(571ae8f332193dd438de65bc875a97c7) Importer(815301076,1909f56bfc062723c751e8b465ee728b)
Start importing Assets/work/sound/UI using Guid(571ae8f332193dd438de65bc875a97c7) Importer(815301076,1909f56bfc062723c751e8b465ee728b) (PreviewImporter) -> (artifact id: 'f3146cd7600bdad0f9462344eb156ae7') in 0.0006036 seconds
Number of updated asset objects reloaded before import = 0Number of asset objects unloaded after import = 0

========================================================================
Received Import Request.
  Time since last request: 0.000025 seconds.
  path: Assets/work/sound/UI/cancel.wav
  artifactKey: Guid(6eb40eb63e6a0624997e799ad0858796) Importer(815301076,1909f56bfc062723c751e8b465ee728b)
Start importing Assets/work/sound/UI/cancel.wav using Guid(6eb40eb63e6a0624997e799ad0858796) Importer(815301076,1909f56bfc062723c751e8b465ee728b) (PreviewImporter) -> (artifact id: '8930e57e00853727015dc149b65c8421') in 0.020349 seconds
Number of updated asset objects reloaded before import = 0Number of asset objects unloaded after import = 2

========================================================================
Received Import Request.
  Time since last request: 0.000031 seconds.
  path: Assets/work/sound/UI/toggle_on.wav
  artifactKey: Guid(2b6eb5c36f13a2c4bab28374a4f03a82) Importer(815301076,1909f56bfc062723c751e8b465ee728b)
Start importing Assets/work/sound/UI/toggle_on.wav using Guid(2b6eb5c36f13a2c4bab28374a4f03a82) Importer(815301076,1909f56bfc062723c751e8b465ee728b) (PreviewImporter) -> (artifact id: 'a1bc0152210b93c3012ea663e993de77') in 0.0091146 seconds
Number of updated asset objects reloaded before import = 0Number of asset objects unloaded after import = 2

========================================================================
Received Import Request.
  Time since last request: 0.000015 seconds.
  path: Assets/work/sound/UI/select_2.wav
  artifactKey: Guid(a178e1a0c9bc3d846a386950688d4ff8) Importer(815301076,1909f56bfc062723c751e8b465ee728b)
Start importing Assets/work/sound/UI/select_2.wav using Guid(a178e1a0c9bc3d846a386950688d4ff8) Importer(815301076,1909f56bfc062723c751e8b465ee728b) (PreviewImporter) -> (artifact id: '7fe99a31442223dae1a0021a0acd642f') in 0.057615 seconds
Number of updated asset objects reloaded before import = 0Number of asset objects unloaded after import = 2

========================================================================
Received Import Request.
  Time since last request: 0.000019 seconds.
  path: Assets/work/sound/UI/sci_fi_select_big.wav
  artifactKey: Guid(5b2ed2e1da3185a4e8e27712022ef901) Importer(815301076,1909f56bfc062723c751e8b465ee728b)
Start importing Assets/work/sound/UI/sci_fi_select_big.wav using Guid(5b2ed2e1da3185a4e8e27712022ef901) Importer(815301076,1909f56bfc062723c751e8b465ee728b) (PreviewImporter) -> (artifact id: '3417d31bba8e372f69480bc752c7ec7c') in 0.0099031 seconds
Number of updated asset objects reloaded before import = 0Number of asset objects unloaded after import = 2

========================================================================
Received Import Request.
  Time since last request: 0.000022 seconds.
  path: Assets/work/sound/UI/pop_2.wav
  artifactKey: Guid(d4d273cb4992aff42b20166a4602785a) Importer(815301076,1909f56bfc062723c751e8b465ee728b)
Start importing Assets/work/sound/UI/pop_2.wav using Guid(d4d273cb4992aff42b20166a4602785a) Importer(815301076,1909f56bfc062723c751e8b465ee728b) (PreviewImporter) -> (artifact id: '8f877e57674091bfccc5007fdbe51b3c') in 0.0395717 seconds
Number of updated asset objects reloaded before import = 0Number of asset objects unloaded after import = 2

========================================================================
Received Import Request.
  Time since last request: 0.000022 seconds.
  path: Assets/work/sound/UI/sci_fi_cancel.wav
  artifactKey: Guid(afb40363dc1904d4887397b57b811397) Importer(815301076,1909f56bfc062723c751e8b465ee728b)
Start importing Assets/work/sound/UI/sci_fi_cancel.wav using Guid(afb40363dc1904d4887397b57b811397) Importer(815301076,1909f56bfc062723c751e8b465ee728b) (PreviewImporter) -> (artifact id: '6cb8fe2af472ebed5d4896e90119aad6') in 0.0055857 seconds
Number of updated asset objects reloaded before import = 0Number of asset objects unloaded after import = 2

========================================================================
Received Import Request.
  Time since last request: 0.000034 seconds.
  path: Assets/work/sound/UI/synth_confirmation.wav
  artifactKey: Guid(fafec4407ff5f10429ac1acdd74d5ffe) Importer(815301076,1909f56bfc062723c751e8b465ee728b)
Start importing Assets/work/sound/UI/synth_confirmation.wav using Guid(fafec4407ff5f10429ac1acdd74d5ffe) Importer(815301076,1909f56bfc062723c751e8b465ee728b) (PreviewImporter) -> (artifact id: '11593d35a11760303ee23e83cf91a81e') in 0.0097593 seconds
Number of updated asset objects reloaded before import = 0Number of asset objects unloaded after import = 2

========================================================================
Received Import Request.
  Time since last request: 0.000028 seconds.
  path: Assets/work/sound/UI/pop_4.wav
  artifactKey: Guid(c4ae73d30f3886d4d9a4c867bc06867b) Importer(815301076,1909f56bfc062723c751e8b465ee728b)
Start importing Assets/work/sound/UI/pop_4.wav using Guid(c4ae73d30f3886d4d9a4c867bc06867b) Importer(815301076,1909f56bfc062723c751e8b465ee728b) (PreviewImporter) -> (artifact id: 'edc98c524144c7e5be360b36cd98312a') in 0.0058314 seconds
Number of updated asset objects reloaded before import = 0Number of asset objects unloaded after import = 2

========================================================================
Received Import Request.
  Time since last request: 0.000021 seconds.
  path: Assets/work/sound/UI/sci_fi_deselect.wav
  artifactKey: Guid(99d2da01630e36d4e8ce858f2b0ff1bc) Importer(815301076,1909f56bfc062723c751e8b465ee728b)
Start importing Assets/work/sound/UI/sci_fi_deselect.wav using Guid(99d2da01630e36d4e8ce858f2b0ff1bc) Importer(815301076,1909f56bfc062723c751e8b465ee728b) (PreviewImporter) -> (artifact id: 'd9a6a96f3dda9166acce5a8a4ac6929e') in 0.0059426 seconds
Number of updated asset objects reloaded before import = 0Number of asset objects unloaded after import = 2

========================================================================
Received Import Request.
  Time since last request: 0.000025 seconds.
  path: Assets/work/sound/UI/sci_fi_select.wav
  artifactKey: Guid(0608aa7d643f68440af28ffc2e98ac6d) Importer(815301076,1909f56bfc062723c751e8b465ee728b)
Start importing Assets/work/sound/UI/sci_fi_select.wav using Guid(0608aa7d643f68440af28ffc2e98ac6d) Importer(815301076,1909f56bfc062723c751e8b465ee728b) (PreviewImporter) -> (artifact id: '3929bb1b6d25bd09a73fe1fb64b9dad1') in 0.0053562 seconds
Number of updated asset objects reloaded before import = 0Number of asset objects unloaded after import = 2

========================================================================
Received Import Request.
  Time since last request: 0.000017 seconds.
  path: Assets/work/sound/UI/synth_error.wav
  artifactKey: Guid(c0ac4196d2170d0489fb8b08820ebc9a) Importer(815301076,1909f56bfc062723c751e8b465ee728b)
Start importing Assets/work/sound/UI/synth_error.wav using Guid(c0ac4196d2170d0489fb8b08820ebc9a) Importer(815301076,1909f56bfc062723c751e8b465ee728b) (PreviewImporter) -> (artifact id: '8668575fd17e89c5dd6fd343a2c40e3c') in 0.0060748 seconds
Number of updated asset objects reloaded before import = 0Number of asset objects unloaded after import = 2

========================================================================
Received Import Request.
  Time since last request: 0.000023 seconds.
  path: Assets/work/sound/UI/synth_cancel.wav
  artifactKey: Guid(bd1ba25dfbc2dd74d81988f8dd78bd5f) Importer(815301076,1909f56bfc062723c751e8b465ee728b)
Start importing Assets/work/sound/UI/synth_cancel.wav using Guid(bd1ba25dfbc2dd74d81988f8dd78bd5f) Importer(815301076,1909f56bfc062723c751e8b465ee728b) (PreviewImporter) -> (artifact id: '463c9455fa79d78c53f7b0e54ca8b70b') in 0.005268 seconds
Number of updated asset objects reloaded before import = 0Number of asset objects unloaded after import = 2

========================================================================
Received Import Request.
  Time since last request: 0.000026 seconds.
  path: Assets/work/sound/UI/pop_1.wav
  artifactKey: Guid(8787741713008ac4aa6cf0cca5c3650b) Importer(815301076,1909f56bfc062723c751e8b465ee728b)
Start importing Assets/work/sound/UI/pop_1.wav using Guid(8787741713008ac4aa6cf0cca5c3650b) Importer(815301076,1909f56bfc062723c751e8b465ee728b) (PreviewImporter) -> (artifact id: '0a09a96ec5766c32575a6d62c55df566') in 0.0064425 seconds
Number of updated asset objects reloaded before import = 0Number of asset objects unloaded after import = 2

========================================================================
Received Import Request.
  Time since last request: 0.000023 seconds.
  path: Assets/work/sound/UI/sci_fi_confirm.wav
  artifactKey: Guid(112fbd4339972534681c9df3b018c87d) Importer(815301076,1909f56bfc062723c751e8b465ee728b)
Start importing Assets/work/sound/UI/sci_fi_confirm.wav using Guid(112fbd4339972534681c9df3b018c87d) Importer(815301076,1909f56bfc062723c751e8b465ee728b) (PreviewImporter) -> (artifact id: '714b6120b1359392acca21d5d2429a1f') in 0.0065286 seconds
Number of updated asset objects reloaded before import = 0Number of asset objects unloaded after import = 2

========================================================================
Received Import Request.
  Time since last request: 7.002632 seconds.
  path: Assets/work/sound/Materials
  artifactKey: Guid(3845bc4428983634aa1f8acfe41df7c1) Importer(815301076,1909f56bfc062723c751e8b465ee728b)
Start importing Assets/work/sound/Materials using Guid(3845bc4428983634aa1f8acfe41df7c1) Importer(815301076,1909f56bfc062723c751e8b465ee728b) (PreviewImporter) -> (artifact id: '1d9d6bd5e842f9b9549db7533616d335') in 0.0006114 seconds
Number of updated asset objects reloaded before import = 0Number of asset objects unloaded after import = 0

========================================================================
Received Import Request.
  Time since last request: 0.000019 seconds.
  path: Assets/work/sound/Materials/aluminium_can_pick_up.wav
  artifactKey: Guid(b43b0aeb452edba4d874512229efbba5) Importer(815301076,1909f56bfc062723c751e8b465ee728b)
Start importing Assets/work/sound/Materials/aluminium_can_pick_up.wav using Guid(b43b0aeb452edba4d874512229efbba5) Importer(815301076,1909f56bfc062723c751e8b465ee728b) (PreviewImporter) -> (artifact id: 'c5002aab8d990a859827bfc64833b442') in 0.018391 seconds
Number of updated asset objects reloaded before import = 0Number of asset objects unloaded after import = 2

========================================================================
Received Import Request.
  Time since last request: 0.000035 seconds.
  path: Assets/work/sound/Materials/glass_ping_small.wav
  artifactKey: Guid(28dfb1fc9ee32c7479fc384401dc29d0) Importer(815301076,1909f56bfc062723c751e8b465ee728b)
Start importing Assets/work/sound/Materials/glass_ping_small.wav using Guid(28dfb1fc9ee32c7479fc384401dc29d0) Importer(815301076,1909f56bfc062723c751e8b465ee728b) (PreviewImporter) -> (artifact id: '67061896470dcb00eed9e1b82ce0ebd1') in 0.0100155 seconds
Number of updated asset objects reloaded before import = 0Number of asset objects unloaded after import = 2

========================================================================
Received Import Request.
  Time since last request: 0.000018 seconds.
  path: Assets/work/sound/Materials/cardboard_box_close.wav
  artifactKey: Guid(f2ec26ea205a0bd4bb2abbebcaee4ddc) Importer(815301076,1909f56bfc062723c751e8b465ee728b)
Start importing Assets/work/sound/Materials/cardboard_box_close.wav using Guid(f2ec26ea205a0bd4bb2abbebcaee4ddc) Importer(815301076,1909f56bfc062723c751e8b465ee728b) (PreviewImporter) -> (artifact id: '847e7bb41d4f14a994cf8ff504943983') in 0.009445 seconds
Number of updated asset objects reloaded before import = 0Number of asset objects unloaded after import = 2

========================================================================
Received Import Request.
  Time since last request: 0.000018 seconds.
  path: Assets/work/sound/Materials/metal_clang.wav
  artifactKey: Guid(a0c3d05fc6b8c9b4c91cf4984edfde15) Importer(815301076,1909f56bfc062723c751e8b465ee728b)
Start importing Assets/work/sound/Materials/metal_clang.wav using Guid(a0c3d05fc6b8c9b4c91cf4984edfde15) Importer(815301076,1909f56bfc062723c751e8b465ee728b) (PreviewImporter) -> (artifact id: 'ae21937604a5e1a65efe5908023cabdf') in 0.0063914 seconds
Number of updated asset objects reloaded before import = 0Number of asset objects unloaded after import = 2

========================================================================
Received Import Request.
  Time since last request: 0.000026 seconds.
  path: Assets/work/sound/Materials/paper_scrunch.wav
  artifactKey: Guid(3013ac6d0bb55f24287f99983f087bf5) Importer(815301076,1909f56bfc062723c751e8b465ee728b)
Start importing Assets/work/sound/Materials/paper_scrunch.wav using Guid(3013ac6d0bb55f24287f99983f087bf5) Importer(815301076,1909f56bfc062723c751e8b465ee728b) (PreviewImporter) -> (artifact id: '5d6ee31c5ae2771b01b79742184e91a9') in 0.0049866 seconds
Number of updated asset objects reloaded before import = 0Number of asset objects unloaded after import = 2

========================================================================
Received Import Request.
  Time since last request: 0.000016 seconds.
  path: Assets/work/sound/Materials/metal_blunt_tap.wav
  artifactKey: Guid(cd193a1dbcaa37d449e334434e084c28) Importer(815301076,1909f56bfc062723c751e8b465ee728b)
Start importing Assets/work/sound/Materials/metal_blunt_tap.wav using Guid(cd193a1dbcaa37d449e334434e084c28) Importer(815301076,1909f56bfc062723c751e8b465ee728b) (PreviewImporter) -> (artifact id: '5953d8d40b37a5a9bfc6826cccf8ec2c') in 0.007986 seconds
Number of updated asset objects reloaded before import = 0Number of asset objects unloaded after import = 2

========================================================================
Received Import Request.
  Time since last request: 0.000014 seconds.
  path: Assets/work/sound/Materials/clothing_2.wav
  artifactKey: Guid(68331b2d5b1e61b40826a11ff8d3cdd2) Importer(815301076,1909f56bfc062723c751e8b465ee728b)
Start importing Assets/work/sound/Materials/clothing_2.wav using Guid(68331b2d5b1e61b40826a11ff8d3cdd2) Importer(815301076,1909f56bfc062723c751e8b465ee728b) (PreviewImporter) -> (artifact id: 'e601f42c84d0d83db2fc8be8670af5ae') in 0.0058942 seconds
Number of updated asset objects reloaded before import = 0Number of asset objects unloaded after import = 2

========================================================================
Received Import Request.
  Time since last request: 0.000034 seconds.
  path: Assets/work/sound/Materials/paper_sort.wav
  artifactKey: Guid(bb01473494e21464bb2c09ca491b6eaf) Importer(815301076,1909f56bfc062723c751e8b465ee728b)
Start importing Assets/work/sound/Materials/paper_sort.wav using Guid(bb01473494e21464bb2c09ca491b6eaf) Importer(815301076,1909f56bfc062723c751e8b465ee728b) (PreviewImporter) -> (artifact id: '7cb82c6ed2544b442841fc3ee4137a83') in 0.0230549 seconds
Number of updated asset objects reloaded before import = 0Number of asset objects unloaded after import = 2

========================================================================
Received Import Request.
  Time since last request: 0.000014 seconds.
  path: Assets/work/sound/Materials/cardboard_drop.wav
  artifactKey: Guid(86ce1bba78a30ed488adf5eb1fcf661a) Importer(815301076,1909f56bfc062723c751e8b465ee728b)
Start importing Assets/work/sound/Materials/cardboard_drop.wav using Guid(86ce1bba78a30ed488adf5eb1fcf661a) Importer(815301076,1909f56bfc062723c751e8b465ee728b) (PreviewImporter) -> (artifact id: '1434964095d652f55bdba07104d0bc24') in 0.038327 seconds
Number of updated asset objects reloaded before import = 0Number of asset objects unloaded after import = 2

========================================================================
Received Import Request.
  Time since last request: 0.000017 seconds.
  path: Assets/work/sound/Materials/cardboard_pick_up.wav
  artifactKey: Guid(9be4ed0a7cd646d4eb278696ca39816a) Importer(815301076,1909f56bfc062723c751e8b465ee728b)
Start importing Assets/work/sound/Materials/cardboard_pick_up.wav using Guid(9be4ed0a7cd646d4eb278696ca39816a) Importer(815301076,1909f56bfc062723c751e8b465ee728b) (PreviewImporter) -> (artifact id: '7083918049241aed781df9d67a5015a3') in 0.0192861 seconds
Number of updated asset objects reloaded before import = 0Number of asset objects unloaded after import = 2

========================================================================
Received Import Request.
  Time since last request: 0.000023 seconds.
  path: Assets/work/sound/Materials/cardboard_push.wav
  artifactKey: Guid(afa06f10de570254584b3d98c817e060) Importer(815301076,1909f56bfc062723c751e8b465ee728b)
Start importing Assets/work/sound/Materials/cardboard_push.wav using Guid(afa06f10de570254584b3d98c817e060) Importer(815301076,1909f56bfc062723c751e8b465ee728b) (PreviewImporter) -> (artifact id: 'c09ed9d2137bb0f60653ac6b76088982') in 0.0156702 seconds
Number of updated asset objects reloaded before import = 0Number of asset objects unloaded after import = 2

========================================================================
Received Import Request.
  Time since last request: 32.997526 seconds.
  path: Assets/work/sound/Match Three
  artifactKey: Guid(8f46cdd2e00b1304c8aafb7a265a8c1e) Importer(815301076,1909f56bfc062723c751e8b465ee728b)
Start importing Assets/work/sound/Match Three using Guid(8f46cdd2e00b1304c8aafb7a265a8c1e) Importer(815301076,1909f56bfc062723c751e8b465ee728b) (PreviewImporter) -> (artifact id: '8e8f38f8744f325ca68523e0f5696fde') in 0.0005845 seconds
Number of updated asset objects reloaded before import = 0Number of asset objects unloaded after import = 0

========================================================================
Received Import Request.
  Time since last request: 0.828419 seconds.
  path: Assets/work/sound/Match Three/match_synth_1.wav
  artifactKey: Guid(62c1dfe8007535244bea486823e66aea) Importer(815301076,1909f56bfc062723c751e8b465ee728b)
Start importing Assets/work/sound/Match Three/match_synth_1.wav using Guid(62c1dfe8007535244bea486823e66aea) Importer(815301076,1909f56bfc062723c751e8b465ee728b) (PreviewImporter) -> (artifact id: '8337cab94be3f138ca44a0380806a58b') in 0.0634984 seconds
Number of updated asset objects reloaded before import = 0Number of asset objects unloaded after import = 2

========================================================================
Received Import Request.
  Time since last request: 0.000025 seconds.
  path: Assets/work/sound/Match Three/match_xylophone_3.wav
  artifactKey: Guid(b677c6cc83bf7af46ae54ac4aca24fe7) Importer(815301076,1909f56bfc062723c751e8b465ee728b)
Start importing Assets/work/sound/Match Three/match_xylophone_3.wav using Guid(b677c6cc83bf7af46ae54ac4aca24fe7) Importer(815301076,1909f56bfc062723c751e8b465ee728b) (PreviewImporter) -> (artifact id: '9d799f02755be83b46b3e89ce484a75c') in 0.0799826 seconds
Number of updated asset objects reloaded before import = 0Number of asset objects unloaded after import = 2

========================================================================
Received Import Request.
  Time since last request: 0.000019 seconds.
  path: Assets/work/sound/Match Three/match_synth_9.wav
  artifactKey: Guid(1f9f0aada32bc154c8e807a20d299ac4) Importer(815301076,1909f56bfc062723c751e8b465ee728b)
Start importing Assets/work/sound/Match Three/match_synth_9.wav using Guid(1f9f0aada32bc154c8e807a20d299ac4) Importer(815301076,1909f56bfc062723c751e8b465ee728b) (PreviewImporter) -> (artifact id: '28fbb31bdd3d75801e33033281f9ae9f') in 0.0095234 seconds
Number of updated asset objects reloaded before import = 0Number of asset objects unloaded after import = 2

========================================================================
Received Import Request.
  Time since last request: 0.000015 seconds.
  path: Assets/work/sound/Match Three/match_synth_10_MAX.wav
  artifactKey: Guid(2781b8e536ecd394d974c71de8971097) Importer(815301076,1909f56bfc062723c751e8b465ee728b)
Start importing Assets/work/sound/Match Three/match_synth_10_MAX.wav using Guid(2781b8e536ecd394d974c71de8971097) Importer(815301076,1909f56bfc062723c751e8b465ee728b) (PreviewImporter) -> (artifact id: 'd1a68a6dafb73387ac413a24ab3ab592') in 0.00706 seconds
Number of updated asset objects reloaded before import = 0Number of asset objects unloaded after import = 2

========================================================================
Received Import Request.
  Time since last request: 0.000019 seconds.
  path: Assets/work/sound/Match Three/match_xylophone_6.wav
  artifactKey: Guid(3d1b06a209bf8d543a3e9c07b25c541f) Importer(815301076,1909f56bfc062723c751e8b465ee728b)
Start importing Assets/work/sound/Match Three/match_xylophone_6.wav using Guid(3d1b06a209bf8d543a3e9c07b25c541f) Importer(815301076,1909f56bfc062723c751e8b465ee728b) (PreviewImporter) -> (artifact id: '22c75309048a5c615ad8c05e2a694d5d') in 0.0080419 seconds
Number of updated asset objects reloaded before import = 0Number of asset objects unloaded after import = 2

========================================================================
Received Import Request.
  Time since last request: 0.000019 seconds.
  path: Assets/work/sound/Match Three/match_xylophone_7.wav
  artifactKey: Guid(61694937cbd70aa4cb389a4e8e28713a) Importer(815301076,1909f56bfc062723c751e8b465ee728b)
Start importing Assets/work/sound/Match Three/match_xylophone_7.wav using Guid(61694937cbd70aa4cb389a4e8e28713a) Importer(815301076,1909f56bfc062723c751e8b465ee728b) (PreviewImporter) -> (artifact id: 'b444cb919f2caf1d1c46a95962e4949f') in 0.0128566 seconds
Number of updated asset objects reloaded before import = 0Number of asset objects unloaded after import = 2

========================================================================
Received Import Request.
  Time since last request: 0.000016 seconds.
  path: Assets/work/sound/Match Three/match_synth_6.wav
  artifactKey: Guid(3af41d0daa80b8b49b1210fc0d7f12f7) Importer(815301076,1909f56bfc062723c751e8b465ee728b)
Start importing Assets/work/sound/Match Three/match_synth_6.wav using Guid(3af41d0daa80b8b49b1210fc0d7f12f7) Importer(815301076,1909f56bfc062723c751e8b465ee728b) (PreviewImporter) -> (artifact id: '91cbcdb72fbcb784ea0933f46cf78fb5') in 0.0168049 seconds
Number of updated asset objects reloaded before import = 0Number of asset objects unloaded after import = 2

========================================================================
Received Import Request.
  Time since last request: 33.535002 seconds.
  path: Assets/work/sound/Combat and Gore
  artifactKey: Guid(fee431f73ff03374d81c553d229b460e) Importer(815301076,1909f56bfc062723c751e8b465ee728b)
Start importing Assets/work/sound/Combat and Gore using Guid(fee431f73ff03374d81c553d229b460e) Importer(815301076,1909f56bfc062723c751e8b465ee728b) (PreviewImporter) -> (artifact id: 'b59de807e07fcb3d2a774cea91d892fd') in 0.0005903 seconds
Number of updated asset objects reloaded before import = 0Number of asset objects unloaded after import = 0

========================================================================
Received Import Request.
  Time since last request: 0.000018 seconds.
  path: Assets/work/sound/Combat and Gore/bone_snap.wav
  artifactKey: Guid(94073da5cef187648b82079061da796f) Importer(815301076,1909f56bfc062723c751e8b465ee728b)
Start importing Assets/work/sound/Combat and Gore/bone_snap.wav using Guid(94073da5cef187648b82079061da796f) Importer(815301076,1909f56bfc062723c751e8b465ee728b) (PreviewImporter) -> (artifact id: '45ca0ed3dbcd5f6229bd3338fc639615') in 0.0072222 seconds
Number of updated asset objects reloaded before import = 0Number of asset objects unloaded after import = 2

========================================================================
Received Import Request.
  Time since last request: 0.000027 seconds.
  path: Assets/work/sound/Combat and Gore/slap.wav
  artifactKey: Guid(9ae6ff78deeb065448e4526b3e505530) Importer(815301076,1909f56bfc062723c751e8b465ee728b)
Start importing Assets/work/sound/Combat and Gore/slap.wav using Guid(9ae6ff78deeb065448e4526b3e505530) Importer(815301076,1909f56bfc062723c751e8b465ee728b) (PreviewImporter) -> (artifact id: '48fee6841061b0dc6de76ab00c7ba9a5') in 0.1450091 seconds
Number of updated asset objects reloaded before import = 0Number of asset objects unloaded after import = 2

========================================================================
Received Import Request.
  Time since last request: 0.000018 seconds.
  path: Assets/work/sound/Combat and Gore/crunch_splat_2.wav
  artifactKey: Guid(efef087014bba6348a5a73ad7dd4cc9c) Importer(815301076,1909f56bfc062723c751e8b465ee728b)
Start importing Assets/work/sound/Combat and Gore/crunch_splat_2.wav using Guid(efef087014bba6348a5a73ad7dd4cc9c) Importer(815301076,1909f56bfc062723c751e8b465ee728b) (PreviewImporter) -> (artifact id: 'eeeef2c96e65f91cfbc5df29da5cf351') in 0.0056645 seconds
Number of updated asset objects reloaded before import = 0Number of asset objects unloaded after import = 2

========================================================================
Received Import Request.
  Time since last request: 0.000024 seconds.
  path: Assets/work/sound/Combat and Gore/crunch_splat.wav
  artifactKey: Guid(79f38d570ea090844ac2b7a73e2fde4b) Importer(815301076,1909f56bfc062723c751e8b465ee728b)
Start importing Assets/work/sound/Combat and Gore/crunch_splat.wav using Guid(79f38d570ea090844ac2b7a73e2fde4b) Importer(815301076,1909f56bfc062723c751e8b465ee728b) (PreviewImporter) -> (artifact id: '8e32a85ce6c9fa53c5af3cea5399508b') in 0.0064555 seconds
Number of updated asset objects reloaded before import = 0Number of asset objects unloaded after import = 2

========================================================================
Received Import Request.
  Time since last request: 0.000017 seconds.
  path: Assets/work/sound/Combat and Gore/punch_3.wav
  artifactKey: Guid(a92453b0d79bf6344b7a25ad8fc4d10e) Importer(815301076,1909f56bfc062723c751e8b465ee728b)
Start importing Assets/work/sound/Combat and Gore/punch_3.wav using Guid(a92453b0d79bf6344b7a25ad8fc4d10e) Importer(815301076,1909f56bfc062723c751e8b465ee728b) (PreviewImporter) -> (artifact id: '8d7d959249774b4d866e9f0dd5a9204f') in 0.0067285 seconds
Number of updated asset objects reloaded before import = 0Number of asset objects unloaded after import = 2

========================================================================
Received Import Request.
  Time since last request: 39.963774 seconds.
  path: Assets/work/sound/Footsteps
  artifactKey: Guid(f6da53464de1ab04b83857f7fe554df6) Importer(815301076,1909f56bfc062723c751e8b465ee728b)
Start importing Assets/work/sound/Footsteps using Guid(f6da53464de1ab04b83857f7fe554df6) Importer(815301076,1909f56bfc062723c751e8b465ee728b) (PreviewImporter) -> (artifact id: '535e419cc8a7a44d8e245d0ab75fd9d3') in 0.0005708 seconds
Number of updated asset objects reloaded before import = 0Number of asset objects unloaded after import = 0

========================================================================
Received Import Request.
  Time since last request: 0.173879 seconds.
  path: Assets/work/sound/Footsteps/foley_creak_1.wav
  artifactKey: Guid(69f8526321b647b4fba40f4deba0da62) Importer(815301076,1909f56bfc062723c751e8b465ee728b)
Start importing Assets/work/sound/Footsteps/foley_creak_1.wav using Guid(69f8526321b647b4fba40f4deba0da62) Importer(815301076,1909f56bfc062723c751e8b465ee728b) (PreviewImporter) -> (artifact id: '99cc8a98e96af490b34314d917aec431') in 0.0053104 seconds
Number of updated asset objects reloaded before import = 0Number of asset objects unloaded after import = 2

========================================================================
Received Import Request.
  Time since last request: 0.000019 seconds.
  path: Assets/work/sound/Footsteps/foley_footstep_concrete_2.wav
  artifactKey: Guid(4d3c93639eea094488979cfbf803fe47) Importer(815301076,1909f56bfc062723c751e8b465ee728b)
Start importing Assets/work/sound/Footsteps/foley_footstep_concrete_2.wav using Guid(4d3c93639eea094488979cfbf803fe47) Importer(815301076,1909f56bfc062723c751e8b465ee728b) (PreviewImporter) -> (artifact id: '7c6226667beb824a7237d45c1fc6a568') in 0.035617 seconds
Number of updated asset objects reloaded before import = 0Number of asset objects unloaded after import = 2

========================================================================
Received Import Request.
  Time since last request: 0.000024 seconds.
  path: Assets/work/sound/Footsteps/foley_footstep_vinyl_3.wav
  artifactKey: Guid(00d8aa4ea8a037741bd4a111bab7d24b) Importer(815301076,1909f56bfc062723c751e8b465ee728b)
Start importing Assets/work/sound/Footsteps/foley_footstep_vinyl_3.wav using Guid(00d8aa4ea8a037741bd4a111bab7d24b) Importer(815301076,1909f56bfc062723c751e8b465ee728b) (PreviewImporter) -> (artifact id: '7b99b9d214b874527a87fe19e4175b2c') in 0.0056022 seconds
Number of updated asset objects reloaded before import = 0Number of asset objects unloaded after import = 2

========================================================================
Received Import Request.
  Time since last request: 0.000017 seconds.
  path: Assets/work/sound/Footsteps/foley_footstep_gravel_1.wav
  artifactKey: Guid(3b6f0477f43ebe54dba9aa6417c04f6d) Importer(815301076,1909f56bfc062723c751e8b465ee728b)
Start importing Assets/work/sound/Footsteps/foley_footstep_gravel_1.wav using Guid(3b6f0477f43ebe54dba9aa6417c04f6d) Importer(815301076,1909f56bfc062723c751e8b465ee728b) (PreviewImporter) -> (artifact id: 'bb9d078718bc45c8dfa17b51f00c0330') in 0.0066964 seconds
Number of updated asset objects reloaded before import = 0Number of asset objects unloaded after import = 2

========================================================================
Received Import Request.
  Time since last request: 0.000015 seconds.
  path: Assets/work/sound/Footsteps/foley_footstep_gravel_3.wav
  artifactKey: Guid(e72b861a6f0f6bc49b0dddcef01450d6) Importer(815301076,1909f56bfc062723c751e8b465ee728b)
Start importing Assets/work/sound/Footsteps/foley_footstep_gravel_3.wav using Guid(e72b861a6f0f6bc49b0dddcef01450d6) Importer(815301076,1909f56bfc062723c751e8b465ee728b) (PreviewImporter) -> (artifact id: '7ddfe3924313a209ed6dc384ae8f294e') in 0.0064285 seconds
Number of updated asset objects reloaded before import = 0Number of asset objects unloaded after import = 2

========================================================================
Received Import Request.
  Time since last request: 0.000026 seconds.
  path: Assets/work/sound/Footsteps/foley_footstep_carpet_3.wav
  artifactKey: Guid(cc9952a03000ba94aa862529f1ee920f) Importer(815301076,1909f56bfc062723c751e8b465ee728b)
Start importing Assets/work/sound/Footsteps/foley_footstep_carpet_3.wav using Guid(cc9952a03000ba94aa862529f1ee920f) Importer(815301076,1909f56bfc062723c751e8b465ee728b) (PreviewImporter) -> (artifact id: '1b48d80f58bd41e346d6bacbec372a33') in 0.0048708 seconds
Number of updated asset objects reloaded before import = 0Number of asset objects unloaded after import = 2

========================================================================
Received Import Request.
  Time since last request: 0.984796 seconds.
  path: Assets/work/sound/Footsteps/digital
  artifactKey: Guid(e9fc0f9ede193904d8515e5045c3f7e2) Importer(815301076,1909f56bfc062723c751e8b465ee728b)
Start importing Assets/work/sound/Footsteps/digital using Guid(e9fc0f9ede193904d8515e5045c3f7e2) Importer(815301076,1909f56bfc062723c751e8b465ee728b) (PreviewImporter) -> (artifact id: 'cf612d899219128e15b98fa443e41439') in 0.0006045 seconds
Number of updated asset objects reloaded before import = 0Number of asset objects unloaded after import = 0

========================================================================
Received Import Request.
  Time since last request: 0.000029 seconds.
  path: Assets/work/sound/Footsteps/digital/digital_footstep_grass_1.wav
  artifactKey: Guid(d6427d34fcaa2e840bd92446c1a1cad3) Importer(815301076,1909f56bfc062723c751e8b465ee728b)
Start importing Assets/work/sound/Footsteps/digital/digital_footstep_grass_1.wav using Guid(d6427d34fcaa2e840bd92446c1a1cad3) Importer(815301076,1909f56bfc062723c751e8b465ee728b) (PreviewImporter) -> (artifact id: '4934bb05d1dca038fbcd21a9eb9f45b5') in 0.0396984 seconds
Number of updated asset objects reloaded before import = 0Number of asset objects unloaded after import = 2

========================================================================
Received Import Request.
  Time since last request: 0.000028 seconds.
  path: Assets/work/sound/Footsteps/digital/digital_footstep_wood_1.wav
  artifactKey: Guid(fc4047ed526d95046bb0c217e4fb132b) Importer(815301076,1909f56bfc062723c751e8b465ee728b)
Start importing Assets/work/sound/Footsteps/digital/digital_footstep_wood_1.wav using Guid(fc4047ed526d95046bb0c217e4fb132b) Importer(815301076,1909f56bfc062723c751e8b465ee728b) (PreviewImporter) -> (artifact id: '9460de372eb7e064fd8cfc4e0ac0b798') in 0.1866163 seconds
Number of updated asset objects reloaded before import = 0Number of asset objects unloaded after import = 2

========================================================================
Received Import Request.
  Time since last request: 0.000019 seconds.
  path: Assets/work/sound/Footsteps/digital/digital_footstep_wood_4.wav
  artifactKey: Guid(23ffa9f9395ce9f4c81348094735764f) Importer(815301076,1909f56bfc062723c751e8b465ee728b)
Start importing Assets/work/sound/Footsteps/digital/digital_footstep_wood_4.wav using Guid(23ffa9f9395ce9f4c81348094735764f) Importer(815301076,1909f56bfc062723c751e8b465ee728b) (PreviewImporter) -> (artifact id: '0b65282037a4125135406748aac9a290') in 0.0068682 seconds
Number of updated asset objects reloaded before import = 0Number of asset objects unloaded after import = 2

========================================================================
Received Import Request.
  Time since last request: 0.000026 seconds.
  path: Assets/work/sound/Footsteps/digital/digital_footstep_wood_2.wav
  artifactKey: Guid(fec36fe6eff188a41a787c00e3457fb2) Importer(815301076,1909f56bfc062723c751e8b465ee728b)
Start importing Assets/work/sound/Footsteps/digital/digital_footstep_wood_2.wav using Guid(fec36fe6eff188a41a787c00e3457fb2) Importer(815301076,1909f56bfc062723c751e8b465ee728b) (PreviewImporter) -> (artifact id: 'e07956a07c243faac45cf89925c6fd70') in 0.0064219 seconds
Number of updated asset objects reloaded before import = 0Number of asset objects unloaded after import = 2

========================================================================
Received Import Request.
  Time since last request: 10.260349 seconds.
  path: Assets/work/sound/Other
  artifactKey: Guid(133a192f55941bc4ea76bb07131bd9fd) Importer(815301076,1909f56bfc062723c751e8b465ee728b)
Start importing Assets/work/sound/Other using Guid(133a192f55941bc4ea76bb07131bd9fd) Importer(815301076,1909f56bfc062723c751e8b465ee728b) (PreviewImporter) -> (artifact id: 'ce281be2d36256df9f26d3203509a205') in 0.0005697 seconds
Number of updated asset objects reloaded before import = 0Number of asset objects unloaded after import = 0

========================================================================
Received Import Request.
  Time since last request: 0.000017 seconds.
  path: Assets/work/sound/Other/applause.wav
  artifactKey: Guid(c1b517b06c08a194fbce909a67318982) Importer(815301076,1909f56bfc062723c751e8b465ee728b)
Start importing Assets/work/sound/Other/applause.wav using Guid(c1b517b06c08a194fbce909a67318982) Importer(815301076,1909f56bfc062723c751e8b465ee728b) (PreviewImporter) -> (artifact id: 'e056fdb81a47a77d7bc8ab4683426a15') in 0.0306026 seconds
Number of updated asset objects reloaded before import = 0Number of asset objects unloaded after import = 2

========================================================================
Received Import Request.
  Time since last request: 0.000027 seconds.
  path: Assets/work/sound/Other/munching_food.wav
  artifactKey: Guid(66ee82830abb44c4c826f08313923ad3) Importer(815301076,1909f56bfc062723c751e8b465ee728b)
Start importing Assets/work/sound/Other/munching_food.wav using Guid(66ee82830abb44c4c826f08313923ad3) Importer(815301076,1909f56bfc062723c751e8b465ee728b) (PreviewImporter) -> (artifact id: 'd3d54dccf8f714b565be7aa851472950') in 0.0167789 seconds
Number of updated asset objects reloaded before import = 0Number of asset objects unloaded after import = 2

========================================================================
Received Import Request.
  Time since last request: 0.000019 seconds.
  path: Assets/work/sound/Other/keyboard_typing.wav
  artifactKey: Guid(0ec86d4f82e2461478feee1c2d9dc41d) Importer(815301076,1909f56bfc062723c751e8b465ee728b)
Start importing Assets/work/sound/Other/keyboard_typing.wav using Guid(0ec86d4f82e2461478feee1c2d9dc41d) Importer(815301076,1909f56bfc062723c751e8b465ee728b) (PreviewImporter) -> (artifact id: '79926a0154adae7b9a2a41f1effaea0f') in 0.0062917 seconds
Number of updated asset objects reloaded before import = 0Number of asset objects unloaded after import = 2

========================================================================
Received Import Request.
  Time since last request: 0.000020 seconds.
  path: Assets/work/sound/Other/finger_click.wav
  artifactKey: Guid(c8e7b4882444f844184722dff0d221e9) Importer(815301076,1909f56bfc062723c751e8b465ee728b)
Start importing Assets/work/sound/Other/finger_click.wav using Guid(c8e7b4882444f844184722dff0d221e9) Importer(815301076,1909f56bfc062723c751e8b465ee728b) (PreviewImporter) -> (artifact id: '59fd8bfdbb5ba24eb57897c18c712ca0') in 0.0054616 seconds
Number of updated asset objects reloaded before import = 0Number of asset objects unloaded after import = 2

========================================================================
Received Import Request.
  Time since last request: 0.000025 seconds.
  path: Assets/work/sound/Other/snap.wav
  artifactKey: Guid(63b953bcb0a6a4d4c9521611e9ca2980) Importer(815301076,1909f56bfc062723c751e8b465ee728b)
Start importing Assets/work/sound/Other/snap.wav using Guid(63b953bcb0a6a4d4c9521611e9ca2980) Importer(815301076,1909f56bfc062723c751e8b465ee728b) (PreviewImporter) -> (artifact id: 'b9d8e212d7982df2bf2a19a214735696') in 0.0048854 seconds
Number of updated asset objects reloaded before import = 0Number of asset objects unloaded after import = 2

========================================================================
Received Import Request.
  Time since last request: 0.000022 seconds.
  path: Assets/work/sound/Other/light_match.wav
  artifactKey: Guid(2ed79160abcc4e442b5c299204a69348) Importer(815301076,1909f56bfc062723c751e8b465ee728b)
Start importing Assets/work/sound/Other/light_match.wav using Guid(2ed79160abcc4e442b5c299204a69348) Importer(815301076,1909f56bfc062723c751e8b465ee728b) (PreviewImporter) -> (artifact id: '6ed17e9e792ae5190c3604ed4f16a7dd') in 0.0247054 seconds
Number of updated asset objects reloaded before import = 0Number of asset objects unloaded after import = 2

========================================================================
Received Import Request.
  Time since last request: 44.096396 seconds.
  path: Assets/work/sound/Environment
  artifactKey: Guid(50b7692e02b7c164f997b7a01810b83e) Importer(815301076,1909f56bfc062723c751e8b465ee728b)
Start importing Assets/work/sound/Environment using Guid(50b7692e02b7c164f997b7a01810b83e) Importer(815301076,1909f56bfc062723c751e8b465ee728b) (PreviewImporter) -> (artifact id: '871aa974811a05c17b93e19efac117f1') in 0.0007627 seconds
Number of updated asset objects reloaded before import = 0Number of asset objects unloaded after import = 0

========================================================================
Received Import Request.
  Time since last request: 0.000023 seconds.
  path: Assets/work/sound/Environment/air_burst.wav
  artifactKey: Guid(a8c205519ffa04640a22c04edc4d6eb8) Importer(815301076,1909f56bfc062723c751e8b465ee728b)
Start importing Assets/work/sound/Environment/air_burst.wav using Guid(a8c205519ffa04640a22c04edc4d6eb8) Importer(815301076,1909f56bfc062723c751e8b465ee728b) (PreviewImporter) -> (artifact id: '227f784bb14cd67546b3ae03e3312a01') in 0.0458512 seconds
Number of updated asset objects reloaded before import = 0Number of asset objects unloaded after import = 2

========================================================================
Received Import Request.
  Time since last request: 0.000023 seconds.
  path: Assets/work/sound/Environment/ice_in_water.wav
  artifactKey: Guid(5a1acfe27b7da9a4ab19bc7577622804) Importer(815301076,1909f56bfc062723c751e8b465ee728b)
Start importing Assets/work/sound/Environment/ice_in_water.wav using Guid(5a1acfe27b7da9a4ab19bc7577622804) Importer(815301076,1909f56bfc062723c751e8b465ee728b) (PreviewImporter) -> (artifact id: '702fcadae921d49950af77e2770ab515') in 0.0060096 seconds
Number of updated asset objects reloaded before import = 0Number of asset objects unloaded after import = 2

========================================================================
Received Import Request.
  Time since last request: 0.000017 seconds.
  path: Assets/work/sound/Environment/water_dripping.wav
  artifactKey: Guid(17557ef58df325a438095106e3e8a8bc) Importer(815301076,1909f56bfc062723c751e8b465ee728b)
Start importing Assets/work/sound/Environment/water_dripping.wav using Guid(17557ef58df325a438095106e3e8a8bc) Importer(815301076,1909f56bfc062723c751e8b465ee728b) (PreviewImporter) -> (artifact id: '8b8c63f29893ecd2d25f330ff295a52d') in 0.00761 seconds
Number of updated asset objects reloaded before import = 0Number of asset objects unloaded after import = 2

========================================================================
Received Import Request.
  Time since last request: 0.000018 seconds.
  path: Assets/work/sound/Environment/creaky_door_long.wav
  artifactKey: Guid(7664d8b053c62b14b9c7230789e540ab) Importer(815301076,1909f56bfc062723c751e8b465ee728b)
Start importing Assets/work/sound/Environment/creaky_door_long.wav using Guid(7664d8b053c62b14b9c7230789e540ab) Importer(815301076,1909f56bfc062723c751e8b465ee728b) (PreviewImporter) -> (artifact id: '47bdfec0d0dff9f9c37446f2c2093aee') in 0.0105856 seconds
Number of updated asset objects reloaded before import = 0Number of asset objects unloaded after import = 2

========================================================================
Received Import Request.
  Time since last request: 0.000023 seconds.
  path: Assets/work/sound/Environment/zipper_up.wav
  artifactKey: Guid(09771aaab99204947938851c13176fdd) Importer(815301076,1909f56bfc062723c751e8b465ee728b)
Start importing Assets/work/sound/Environment/zipper_up.wav using Guid(09771aaab99204947938851c13176fdd) Importer(815301076,1909f56bfc062723c751e8b465ee728b) (PreviewImporter) -> (artifact id: 'ffb2d5c9980af052db917afe94369e6c') in 0.0323878 seconds
Number of updated asset objects reloaded before import = 0Number of asset objects unloaded after import = 2

========================================================================
Received Import Request.
  Time since last request: 0.000018 seconds.
  path: Assets/work/sound/Environment/lock_lock.wav
  artifactKey: Guid(3e94862e7aac04c40b846785e0537f25) Importer(815301076,1909f56bfc062723c751e8b465ee728b)
Start importing Assets/work/sound/Environment/lock_lock.wav using Guid(3e94862e7aac04c40b846785e0537f25) Importer(815301076,1909f56bfc062723c751e8b465ee728b) (PreviewImporter) -> (artifact id: '45990a4df497201b85fc3e7a417351f6') in 0.0047372 seconds
Number of updated asset objects reloaded before import = 0Number of asset objects unloaded after import = 2

========================================================================
Received Import Request.
  Time since last request: 0.000026 seconds.
  path: Assets/work/sound/Environment/lock_unlock.wav
  artifactKey: Guid(a476327b46aa52545b8542bcb6896814) Importer(815301076,1909f56bfc062723c751e8b465ee728b)
Start importing Assets/work/sound/Environment/lock_unlock.wav using Guid(a476327b46aa52545b8542bcb6896814) Importer(815301076,1909f56bfc062723c751e8b465ee728b) (PreviewImporter) -> (artifact id: '09b12ad0fcd820dc4fbe8f75500abd19') in 0.0058265 seconds
Number of updated asset objects reloaded before import = 0Number of asset objects unloaded after import = 2

========================================================================
Received Import Request.
  Time since last request: 0.000016 seconds.
  path: Assets/work/sound/Environment/creaky_door_short.wav
  artifactKey: Guid(145b609845dc4d14a8683a825c51e709) Importer(815301076,1909f56bfc062723c751e8b465ee728b)
Start importing Assets/work/sound/Environment/creaky_door_short.wav using Guid(145b609845dc4d14a8683a825c51e709) Importer(815301076,1909f56bfc062723c751e8b465ee728b) (PreviewImporter) -> (artifact id: '39dea063732969ea0e5fa191858bc8d5') in 0.0052791 seconds
Number of updated asset objects reloaded before import = 0Number of asset objects unloaded after import = 2

========================================================================
Received Prepare
Begin MonoManager ReloadAssembly
[Licensing::Client] Successfully resolved entitlement details
- Loaded All Assemblies, in  1.190 seconds
Refreshing native plugins compatible for Editor in 0.96 ms, found 3 plugins.
Native extension for WindowsStandalone target not found
[Package Manager] Failed to launch server process. Reason: Unity was launched with the -noUpm command-line argument
[Package Manager] Unable to send message (not connected to server process).
[Package Manager] Cannot connect to Unity Package Manager local server
ScheduleIndexationOnStartup MainProcess:False IndexOnStartup:True
Mono: successfully reloaded assembly
- Finished resetting the current domain, in  1.105 seconds
Domain Reload Profiling: 2294ms
	BeginReloadAssembly (312ms)
		ExecutionOrderSort (0ms)
		DisableScriptedObjects (10ms)
		BackupInstance (0ms)
		ReleaseScriptingObjects (0ms)
		CreateAndSetChildDomain (77ms)
	RebuildCommonClasses (62ms)
	RebuildNativeTypeToScriptingClass (23ms)
	initialDomainReloadingComplete (38ms)
	LoadAllAssembliesAndSetupDomain (754ms)
		LoadAssemblies (504ms)
		RebuildTransferFunctionScriptingTraits (0ms)
		AnalyzeDomain (384ms)
			TypeCache.Refresh (14ms)
				TypeCache.ScanAssembly (0ms)
			BuildScriptInfoCaches (346ms)
			ResolveRequiredComponents (17ms)
	FinalizeReload (1106ms)
		ReleaseScriptCaches (0ms)
		RebuildScriptCaches (0ms)
		SetupLoadedEditorAssemblies (815ms)
			LogAssemblyErrors (0ms)
			InitializePlatformSupportModulesInManaged (15ms)
			SetLoadedEditorAssemblies (5ms)
			BeforeProcessingInitializeOnLoad (227ms)
			ProcessInitializeOnLoadAttributes (458ms)
			ProcessInitializeOnLoadMethodAttributes (99ms)
			AfterProcessingInitializeOnLoad (10ms)
			EditorAssembliesLoaded (1ms)
		ExecutionOrderSort2 (0ms)
		AwakeInstancesAfterBackupRestoration (21ms)
Refreshing native plugins compatible for Editor in 1.39 ms, found 3 plugins.
Preloading 0 native plugins for Editor in 0.00 ms.
Unloading 6 Unused Serialized files (Serialized files now loaded: 0)
Unloading 7339 unused Assets / (5.0 MB). Loaded Objects now: 8440.
Memory consumption went from 225.3 MB to 220.3 MB.
Total: 13.580500 ms (FindLiveObjects: 0.979000 ms CreateObjectMapping: 1.812200 ms MarkObjects: 7.446700 ms  DeleteObjects: 3.341200 ms)

Prepare: number of updated asset objects reloaded= 0
========================================================================
Received Prepare
Begin MonoManager ReloadAssembly
- Loaded All Assemblies, in  1.065 seconds
Refreshing native plugins compatible for Editor in 1.19 ms, found 3 plugins.
Native extension for WindowsStandalone target not found
[Package Manager] Failed to launch server process. Reason: Unity was launched with the -noUpm command-line argument
[Package Manager] Unable to send message (not connected to server process).
[Package Manager] Cannot connect to Unity Package Manager local server
ScheduleIndexationOnStartup MainProcess:False IndexOnStartup:True
Mono: successfully reloaded assembly
- Finished resetting the current domain, in  1.039 seconds
Domain Reload Profiling: 2101ms
	BeginReloadAssembly (281ms)
		ExecutionOrderSort (0ms)
		DisableScriptedObjects (8ms)
		BackupInstance (0ms)
		ReleaseScriptingObjects (0ms)
		CreateAndSetChildDomain (65ms)
	RebuildCommonClasses (50ms)
	RebuildNativeTypeToScriptingClass (17ms)
	initialDomainReloadingComplete (36ms)
	LoadAllAssembliesAndSetupDomain (678ms)
		LoadAssemblies (463ms)
		RebuildTransferFunctionScriptingTraits (0ms)
		AnalyzeDomain (343ms)
			TypeCache.Refresh (12ms)
				TypeCache.ScanAssembly (0ms)
			BuildScriptInfoCaches (310ms)
			ResolveRequiredComponents (14ms)
	FinalizeReload (1040ms)
		ReleaseScriptCaches (0ms)
		RebuildScriptCaches (0ms)
		SetupLoadedEditorAssemblies (774ms)
			LogAssemblyErrors (0ms)
			InitializePlatformSupportModulesInManaged (14ms)
			SetLoadedEditorAssemblies (4ms)
			BeforeProcessingInitializeOnLoad (195ms)
			ProcessInitializeOnLoadAttributes (442ms)
			ProcessInitializeOnLoadMethodAttributes (108ms)
			AfterProcessingInitializeOnLoad (10ms)
			EditorAssembliesLoaded (0ms)
		ExecutionOrderSort2 (0ms)
		AwakeInstancesAfterBackupRestoration (24ms)
Refreshing native plugins compatible for Editor in 1.23 ms, found 3 plugins.
Preloading 0 native plugins for Editor in 0.00 ms.
Unloading 6 Unused Serialized files (Serialized files now loaded: 0)
Unloading 7339 unused Assets / (6.2 MB). Loaded Objects now: 8443.
Memory consumption went from 225.1 MB to 218.9 MB.
Total: 15.800500 ms (FindLiveObjects: 1.204800 ms CreateObjectMapping: 1.891000 ms MarkObjects: 8.331500 ms  DeleteObjects: 4.372000 ms)

Prepare: number of updated asset objects reloaded= 0
========================================================================
Received Import Request.
  Time since last request: 94.353025 seconds.
  path: Assets/work/animation/Sword/Sword_01.controller
  artifactKey: Guid(3ac4c7e98ec1f3e43b2a090d5f6288e6) Importer(815301076,1909f56bfc062723c751e8b465ee728b)
Start importing Assets/work/animation/Sword/Sword_01.controller using Guid(3ac4c7e98ec1f3e43b2a090d5f6288e6) Importer(815301076,1909f56bfc062723c751e8b465ee728b) (PreviewImporter) -> (artifact id: 'cb5395e9ac5b8c54f85d31afd069e414') in 0.0368775 seconds
Number of updated asset objects reloaded before import = 0Number of asset objects unloaded after import = 17

========================================================================
Received Prepare
Begin MonoManager ReloadAssembly
[Licensing::Client] Successfully resolved entitlement details
- Loaded All Assemblies, in  1.094 seconds
Refreshing native plugins compatible for Editor in 1.05 ms, found 3 plugins.
Native extension for WindowsStandalone target not found
[Package Manager] Failed to launch server process. Reason: Unity was launched with the -noUpm command-line argument
[Package Manager] Unable to send message (not connected to server process).
[Package Manager] Cannot connect to Unity Package Manager local server
ScheduleIndexationOnStartup MainProcess:False IndexOnStartup:True
Mono: successfully reloaded assembly
- Finished resetting the current domain, in  0.978 seconds
Domain Reload Profiling: 2071ms
	BeginReloadAssembly (290ms)
		ExecutionOrderSort (0ms)
		DisableScriptedObjects (9ms)
		BackupInstance (0ms)
		ReleaseScriptingObjects (0ms)
		CreateAndSetChildDomain (65ms)
	RebuildCommonClasses (44ms)
	RebuildNativeTypeToScriptingClass (21ms)
	initialDomainReloadingComplete (37ms)
	LoadAllAssembliesAndSetupDomain (701ms)
		LoadAssemblies (467ms)
		RebuildTransferFunctionScriptingTraits (0ms)
		AnalyzeDomain (363ms)
			TypeCache.Refresh (11ms)
				TypeCache.ScanAssembly (0ms)
			BuildScriptInfoCaches (332ms)
			ResolveRequiredComponents (15ms)
	FinalizeReload (979ms)
		ReleaseScriptCaches (0ms)
		RebuildScriptCaches (0ms)
		SetupLoadedEditorAssemblies (727ms)
			LogAssemblyErrors (0ms)
			InitializePlatformSupportModulesInManaged (16ms)
			SetLoadedEditorAssemblies (5ms)
			BeforeProcessingInitializeOnLoad (194ms)
			ProcessInitializeOnLoadAttributes (409ms)
			ProcessInitializeOnLoadMethodAttributes (95ms)
			AfterProcessingInitializeOnLoad (8ms)
			EditorAssembliesLoaded (0ms)
		ExecutionOrderSort2 (0ms)
		AwakeInstancesAfterBackupRestoration (22ms)
Refreshing native plugins compatible for Editor in 1.29 ms, found 3 plugins.
Preloading 0 native plugins for Editor in 0.00 ms.
Unloading 6 Unused Serialized files (Serialized files now loaded: 0)
Unloading 7339 unused Assets / (4.8 MB). Loaded Objects now: 8446.
Memory consumption went from 225.2 MB to 220.5 MB.
Total: 12.732500 ms (FindLiveObjects: 0.958700 ms CreateObjectMapping: 1.593600 ms MarkObjects: 6.239900 ms  DeleteObjects: 3.938900 ms)

Prepare: number of updated asset objects reloaded= 0
========================================================================
Received Prepare
Begin MonoManager ReloadAssembly
[Licensing::Client] Successfully resolved entitlement details
- Loaded All Assemblies, in  1.068 seconds
Refreshing native plugins compatible for Editor in 0.98 ms, found 3 plugins.
Native extension for WindowsStandalone target not found
[Package Manager] Failed to launch server process. Reason: Unity was launched with the -noUpm command-line argument
[Package Manager] Unable to send message (not connected to server process).
[Package Manager] Cannot connect to Unity Package Manager local server
ScheduleIndexationOnStartup MainProcess:False IndexOnStartup:True
Mono: successfully reloaded assembly
- Finished resetting the current domain, in  0.956 seconds
Domain Reload Profiling: 2022ms
	BeginReloadAssembly (281ms)
		ExecutionOrderSort (0ms)
		DisableScriptedObjects (8ms)
		BackupInstance (0ms)
		ReleaseScriptingObjects (0ms)
		CreateAndSetChildDomain (62ms)
	RebuildCommonClasses (47ms)
	RebuildNativeTypeToScriptingClass (18ms)
	initialDomainReloadingComplete (39ms)
	LoadAllAssembliesAndSetupDomain (682ms)
		LoadAssemblies (458ms)
		RebuildTransferFunctionScriptingTraits (0ms)
		AnalyzeDomain (349ms)
			TypeCache.Refresh (12ms)
				TypeCache.ScanAssembly (0ms)
			BuildScriptInfoCaches (317ms)
			ResolveRequiredComponents (14ms)
	FinalizeReload (956ms)
		ReleaseScriptCaches (0ms)
		RebuildScriptCaches (0ms)
		SetupLoadedEditorAssemblies (704ms)
			LogAssemblyErrors (0ms)
			InitializePlatformSupportModulesInManaged (14ms)
			SetLoadedEditorAssemblies (4ms)
			BeforeProcessingInitializeOnLoad (183ms)
			ProcessInitializeOnLoadAttributes (406ms)
			ProcessInitializeOnLoadMethodAttributes (88ms)
			AfterProcessingInitializeOnLoad (8ms)
			EditorAssembliesLoaded (0ms)
		ExecutionOrderSort2 (0ms)
		AwakeInstancesAfterBackupRestoration (18ms)
Refreshing native plugins compatible for Editor in 1.06 ms, found 3 plugins.
Preloading 0 native plugins for Editor in 0.00 ms.
Unloading 6 Unused Serialized files (Serialized files now loaded: 0)
Unloading 7339 unused Assets / (5.1 MB). Loaded Objects now: 8449.
Memory consumption went from 225.3 MB to 220.3 MB.
Total: 13.656600 ms (FindLiveObjects: 1.244500 ms CreateObjectMapping: 2.042700 ms MarkObjects: 6.781500 ms  DeleteObjects: 3.586600 ms)

Prepare: number of updated asset objects reloaded= 0
========================================================================
Received Prepare
Begin MonoManager ReloadAssembly
[Licensing::Client] Successfully resolved entitlement details
- Loaded All Assemblies, in  1.136 seconds
Refreshing native plugins compatible for Editor in 1.28 ms, found 3 plugins.
Native extension for WindowsStandalone target not found
[Package Manager] Failed to launch server process. Reason: Unity was launched with the -noUpm command-line argument
[Package Manager] Unable to send message (not connected to server process).
[Package Manager] Cannot connect to Unity Package Manager local server
ScheduleIndexationOnStartup MainProcess:False IndexOnStartup:True
Mono: successfully reloaded assembly
- Finished resetting the current domain, in  1.030 seconds
Domain Reload Profiling: 2165ms
	BeginReloadAssembly (282ms)
		ExecutionOrderSort (0ms)
		DisableScriptedObjects (8ms)
		BackupInstance (0ms)
		ReleaseScriptingObjects (0ms)
		CreateAndSetChildDomain (65ms)
	RebuildCommonClasses (48ms)
	RebuildNativeTypeToScriptingClass (23ms)
	initialDomainReloadingComplete (35ms)
	LoadAllAssembliesAndSetupDomain (745ms)
		LoadAssemblies (470ms)
		RebuildTransferFunctionScriptingTraits (0ms)
		AnalyzeDomain (398ms)
			TypeCache.Refresh (11ms)
				TypeCache.ScanAssembly (0ms)
			BuildScriptInfoCaches (367ms)
			ResolveRequiredComponents (14ms)
	FinalizeReload (1031ms)
		ReleaseScriptCaches (0ms)
		RebuildScriptCaches (0ms)
		SetupLoadedEditorAssemblies (767ms)
			LogAssemblyErrors (0ms)
			InitializePlatformSupportModulesInManaged (15ms)
			SetLoadedEditorAssemblies (4ms)
			BeforeProcessingInitializeOnLoad (196ms)
			ProcessInitializeOnLoadAttributes (432ms)
			ProcessInitializeOnLoadMethodAttributes (111ms)
			AfterProcessingInitializeOnLoad (9ms)
			EditorAssembliesLoaded (0ms)
		ExecutionOrderSort2 (0ms)
		AwakeInstancesAfterBackupRestoration (23ms)
Refreshing native plugins compatible for Editor in 1.49 ms, found 3 plugins.
Preloading 0 native plugins for Editor in 0.00 ms.
Unloading 6 Unused Serialized files (Serialized files now loaded: 0)
Unloading 7339 unused Assets / (5.2 MB). Loaded Objects now: 8452.
Memory consumption went from 225.4 MB to 220.2 MB.
Total: 14.936400 ms (FindLiveObjects: 1.649900 ms CreateObjectMapping: 2.143000 ms MarkObjects: 7.176200 ms  DeleteObjects: 3.966100 ms)

Prepare: number of updated asset objects reloaded= 0
========================================================================
Received Import Request.
  Time since last request: 388.314577 seconds.
  path: Assets/work/sinse/test.unity
  artifactKey: Guid(8124e5870f4fd4c779e7a5f994e84ad1) Importer(2089858483,b0f066a214c2f5e87bad3c948f4d605d)
Start importing Assets/work/sinse/test.unity using Guid(8124e5870f4fd4c779e7a5f994e84ad1) Importer(2089858483,b0f066a214c2f5e87bad3c948f4d605d) (ScriptedImporter) -> (artifact id: 'ce4ffaa998d724717585773f8922be8e') in 0.1081771 seconds
Number of updated asset objects reloaded before import = 0Number of asset objects unloaded after import = 1

========================================================================
Received Import Request.
  Time since last request: 0.000023 seconds.
  path: Assets/work/sound/Materials/clothing_1.wav
  artifactKey: Guid(f1dfd8c68a6552348afc321b99f6d0b7) Importer(2089858483,b0f066a214c2f5e87bad3c948f4d605d)
Start importing Assets/work/sound/Materials/clothing_1.wav using Guid(f1dfd8c68a6552348afc321b99f6d0b7) Importer(2089858483,b0f066a214c2f5e87bad3c948f4d605d) (ScriptedImporter) -> (artifact id: '5ceea7fde57c48bc3194dddb77621f38') in 0.0767995 seconds
Number of updated asset objects reloaded before import = 0Number of asset objects unloaded after import = 1

========================================================================
Received Import Request.
  Time since last request: 0.000025 seconds.
  path: Assets/work/sound/Card and Board/dice_roll_1.wav
  artifactKey: Guid(32d74b6b728cfea4a873a37a7badb9c6) Importer(2089858483,b0f066a214c2f5e87bad3c948f4d605d)
Start importing Assets/work/sound/Card and Board/dice_roll_1.wav using Guid(32d74b6b728cfea4a873a37a7badb9c6) Importer(2089858483,b0f066a214c2f5e87bad3c948f4d605d) (ScriptedImporter) -> (artifact id: 'e8f023359d263d78b5a6e849f8de19d1') in 0.0291242 seconds
Number of updated asset objects reloaded before import = 0Number of asset objects unloaded after import = 1

========================================================================
Received Import Request.
  Time since last request: 0.000015 seconds.
  path: Assets/work/sound/Human/man_6.wav
  artifactKey: Guid(8b4c3102236d90445a2f08be2a4470c2) Importer(2089858483,b0f066a214c2f5e87bad3c948f4d605d)
Start importing Assets/work/sound/Human/man_6.wav using Guid(8b4c3102236d90445a2f08be2a4470c2) Importer(2089858483,b0f066a214c2f5e87bad3c948f4d605d) (ScriptedImporter) -> (artifact id: 'c3794850b8d02efed1f8e1aaf4a63ca5') in 0.0302544 seconds
Number of updated asset objects reloaded before import = 0Number of asset objects unloaded after import = 1

========================================================================
Received Import Request.
  Time since last request: 0.000022 seconds.
  path: Assets/work/sound/Match Three/match_synth_5.wav
  artifactKey: Guid(5650e0d38b005bf4db2cec33a59745bf) Importer(2089858483,b0f066a214c2f5e87bad3c948f4d605d)
Start importing Assets/work/sound/Match Three/match_synth_5.wav using Guid(5650e0d38b005bf4db2cec33a59745bf) Importer(2089858483,b0f066a214c2f5e87bad3c948f4d605d) (ScriptedImporter) -> (artifact id: 'c679e6d27e73a02460cfb246f363b2f7') in 0.0270419 seconds
Number of updated asset objects reloaded before import = 0Number of asset objects unloaded after import = 1

========================================================================
Received Import Request.
  Time since last request: 0.000015 seconds.
  path: Assets/work/sound/Retro/explosion_small.wav
  artifactKey: Guid(8a8fe512ff2a91c43ba5bae6f0b5413e) Importer(2089858483,b0f066a214c2f5e87bad3c948f4d605d)
Start importing Assets/work/sound/Retro/explosion_small.wav using Guid(8a8fe512ff2a91c43ba5bae6f0b5413e) Importer(2089858483,b0f066a214c2f5e87bad3c948f4d605d) (ScriptedImporter) -> (artifact id: '6393c8164dc759a74420e3aa6bdce08b') in 0.0148186 seconds
Number of updated asset objects reloaded before import = 0Number of asset objects unloaded after import = 1

========================================================================
Received Import Request.
  Time since last request: 0.000015 seconds.
  path: Assets/work/sound/Other/controller_button_press.wav
  artifactKey: Guid(60e3762a9f30c9249b10b7c63071e499) Importer(2089858483,b0f066a214c2f5e87bad3c948f4d605d)
Start importing Assets/work/sound/Other/controller_button_press.wav using Guid(60e3762a9f30c9249b10b7c63071e499) Importer(2089858483,b0f066a214c2f5e87bad3c948f4d605d) (ScriptedImporter) -> (artifact id: 'a6d691548ade253f89c34a6387af13fb') in 0.0269852 seconds
Number of updated asset objects reloaded before import = 0Number of asset objects unloaded after import = 1

========================================================================
Received Import Request.
  Time since last request: 0.000025 seconds.
  path: Assets/work/sound/Card and Board/dice_shake_4.wav
  artifactKey: Guid(3ce7b63d42b97994ab160adb7037217f) Importer(2089858483,b0f066a214c2f5e87bad3c948f4d605d)
Start importing Assets/work/sound/Card and Board/dice_shake_4.wav using Guid(3ce7b63d42b97994ab160adb7037217f) Importer(2089858483,b0f066a214c2f5e87bad3c948f4d605d) (ScriptedImporter) -> (artifact id: '5a53c5a752a2b14b887435462ab80589') in 0.0302196 seconds
Number of updated asset objects reloaded before import = 0Number of asset objects unloaded after import = 1

========================================================================
Received Import Request.
  Time since last request: 0.000015 seconds.
  path: Assets/work/sound/Environment/clock_tock_only.wav
  artifactKey: Guid(90a1cda6c38bd594f9a85e05909fa91b) Importer(2089858483,b0f066a214c2f5e87bad3c948f4d605d)
Start importing Assets/work/sound/Environment/clock_tock_only.wav using Guid(90a1cda6c38bd594f9a85e05909fa91b) Importer(2089858483,b0f066a214c2f5e87bad3c948f4d605d) (ScriptedImporter) -> (artifact id: '3a5a5d216bb6eff482456c629c64e492') in 0.031632 seconds
Number of updated asset objects reloaded before import = 0Number of asset objects unloaded after import = 1

========================================================================
Received Import Request.
  Time since last request: 0.000022 seconds.
  path: Assets/work/sound/Materials/glass_ping_big.wav
  artifactKey: Guid(40f5236a2e9c0984998c82b731e03def) Importer(2089858483,b0f066a214c2f5e87bad3c948f4d605d)
Start importing Assets/work/sound/Materials/glass_ping_big.wav using Guid(40f5236a2e9c0984998c82b731e03def) Importer(2089858483,b0f066a214c2f5e87bad3c948f4d605d) (ScriptedImporter) -> (artifact id: '5341aa5a326655aa8ff3c813bf707b2d') in 0.0252179 seconds
Number of updated asset objects reloaded before import = 0Number of asset objects unloaded after import = 1

========================================================================
Received Import Request.
  Time since last request: 0.000024 seconds.
  path: Assets/work/sound/Retro/jump.wav
  artifactKey: Guid(941f169486942d94dac196e82624430e) Importer(2089858483,b0f066a214c2f5e87bad3c948f4d605d)
Start importing Assets/work/sound/Retro/jump.wav using Guid(941f169486942d94dac196e82624430e) Importer(2089858483,b0f066a214c2f5e87bad3c948f4d605d) (ScriptedImporter) -> (artifact id: '530b8fb7fec135e6f0ee4173ab5f8070') in 0.0160209 seconds
Number of updated asset objects reloaded before import = 0Number of asset objects unloaded after import = 1

========================================================================
Received Import Request.
  Time since last request: 0.000015 seconds.
  path: Assets/work/sound/Materials/wood_small_hollow.wav
  artifactKey: Guid(7d019ec858ab36e4e83ec86466ce96d0) Importer(2089858483,b0f066a214c2f5e87bad3c948f4d605d)
Start importing Assets/work/sound/Materials/wood_small_hollow.wav using Guid(7d019ec858ab36e4e83ec86466ce96d0) Importer(2089858483,b0f066a214c2f5e87bad3c948f4d605d) (ScriptedImporter) -> (artifact id: 'd859e27a3bcf2c34a995917271da91d7') in 0.0243539 seconds
Number of updated asset objects reloaded before import = 0Number of asset objects unloaded after import = 1

========================================================================
Received Import Request.
  Time since last request: 0.000017 seconds.
  path: Assets/work/sound/Combat and Gore/crunch_splat_2.wav
  artifactKey: Guid(efef087014bba6348a5a73ad7dd4cc9c) Importer(2089858483,b0f066a214c2f5e87bad3c948f4d605d)
Start importing Assets/work/sound/Combat and Gore/crunch_splat_2.wav using Guid(efef087014bba6348a5a73ad7dd4cc9c) Importer(2089858483,b0f066a214c2f5e87bad3c948f4d605d) (ScriptedImporter) -> (artifact id: '723a0a601ae316466d99445ca225f64f') in 0.0285173 seconds
Number of updated asset objects reloaded before import = 0Number of asset objects unloaded after import = 1

========================================================================
Received Import Request.
  Time since last request: 0.000031 seconds.
  path: Assets/work/sound/Card and Board/card_fan_2.wav
  artifactKey: Guid(628fe981dd11d9440965a2265dae05c6) Importer(2089858483,b0f066a214c2f5e87bad3c948f4d605d)
Start importing Assets/work/sound/Card and Board/card_fan_2.wav using Guid(628fe981dd11d9440965a2265dae05c6) Importer(2089858483,b0f066a214c2f5e87bad3c948f4d605d) (ScriptedImporter) -> (artifact id: '9cdec994d173b01d83e6e1e3b09fa73e') in 0.0282598 seconds
Number of updated asset objects reloaded before import = 0Number of asset objects unloaded after import = 1

========================================================================
Received Import Request.
  Time since last request: 0.000014 seconds.
  path: Assets/work/sound/Musical Effects/brass_negative.wav
  artifactKey: Guid(6c659cae6859b8b4c827b64fcf557970) Importer(2089858483,b0f066a214c2f5e87bad3c948f4d605d)
Start importing Assets/work/sound/Musical Effects/brass_negative.wav using Guid(6c659cae6859b8b4c827b64fcf557970) Importer(2089858483,b0f066a214c2f5e87bad3c948f4d605d) (ScriptedImporter) -> (artifact id: '45ba5b8986bbefaa92b2de6065aa7aee') in 0.0238595 seconds
Number of updated asset objects reloaded before import = 0Number of asset objects unloaded after import = 1

========================================================================
Received Import Request.
  Time since last request: 0.000022 seconds.
  path: Assets/work/sound/Footsteps/digital/digital_footstep_wood_1.wav
  artifactKey: Guid(fc4047ed526d95046bb0c217e4fb132b) Importer(2089858483,b0f066a214c2f5e87bad3c948f4d605d)
Start importing Assets/work/sound/Footsteps/digital/digital_footstep_wood_1.wav using Guid(fc4047ed526d95046bb0c217e4fb132b) Importer(2089858483,b0f066a214c2f5e87bad3c948f4d605d) (ScriptedImporter) -> (artifact id: '9f62a34c919bee752b82b37b07dd5efa') in 0.0151358 seconds
Number of updated asset objects reloaded before import = 0Number of asset objects unloaded after import = 1

========================================================================
Received Import Request.
  Time since last request: 0.000035 seconds.
  path: Assets/work/sound/Other/white_noise_short.wav
  artifactKey: Guid(4442574715ffa774aa0db0667e57d9ac) Importer(2089858483,b0f066a214c2f5e87bad3c948f4d605d)
Start importing Assets/work/sound/Other/white_noise_short.wav using Guid(4442574715ffa774aa0db0667e57d9ac) Importer(2089858483,b0f066a214c2f5e87bad3c948f4d605d) (ScriptedImporter) -> (artifact id: '546b038d67305f18fdc0c23060cd70bc') in 0.031063 seconds
Number of updated asset objects reloaded before import = 0Number of asset objects unloaded after import = 1

========================================================================
Received Import Request.
  Time since last request: 0.000017 seconds.
  path: Assets/work/animation/knife/idel.anim
  artifactKey: Guid(b4ccf5ba5bdb6da429260bf04fef6fef) Importer(815301076,1909f56bfc062723c751e8b465ee728b)
Start importing Assets/work/animation/knife/idel.anim using Guid(b4ccf5ba5bdb6da429260bf04fef6fef) Importer(815301076,1909f56bfc062723c751e8b465ee728b) (PreviewImporter) -> (artifact id: 'e89bc8abf566d1dc5fd0ea6e6db19418') in 0.0201818 seconds
Number of updated asset objects reloaded before import = 0Number of asset objects unloaded after import = 1

========================================================================
Received Import Request.
  Time since last request: 0.000017 seconds.
  path: Assets/work/sound/Items/item_equip.wav
  artifactKey: Guid(3277d8c1d64fa1f409295e738e1e2a5a) Importer(2089858483,b0f066a214c2f5e87bad3c948f4d605d)
Start importing Assets/work/sound/Items/item_equip.wav using Guid(3277d8c1d64fa1f409295e738e1e2a5a) Importer(2089858483,b0f066a214c2f5e87bad3c948f4d605d) (ScriptedImporter) -> (artifact id: 'd525ea418136b48998b9e0d5fb2ce8d0') in 0.0269107 seconds
Number of updated asset objects reloaded before import = 0Number of asset objects unloaded after import = 1

========================================================================
Received Import Request.
  Time since last request: 0.000026 seconds.
  path: Assets/work/sound/Environment/water_dripping.wav
  artifactKey: Guid(17557ef58df325a438095106e3e8a8bc) Importer(2089858483,b0f066a214c2f5e87bad3c948f4d605d)
Start importing Assets/work/sound/Environment/water_dripping.wav using Guid(17557ef58df325a438095106e3e8a8bc) Importer(2089858483,b0f066a214c2f5e87bad3c948f4d605d) (ScriptedImporter) -> (artifact id: '96807135edce5e7147f0f38cdb864d7e') in 0.0246084 seconds
Number of updated asset objects reloaded before import = 0Number of asset objects unloaded after import = 1

========================================================================
Received Import Request.
  Time since last request: 0.000017 seconds.
  path: Assets/work/sound/Retro/explosion_quick.wav
  artifactKey: Guid(a302274e372fbed4c9b7f9ba8dd45eae) Importer(2089858483,b0f066a214c2f5e87bad3c948f4d605d)
Start importing Assets/work/sound/Retro/explosion_quick.wav using Guid(a302274e372fbed4c9b7f9ba8dd45eae) Importer(2089858483,b0f066a214c2f5e87bad3c948f4d605d) (ScriptedImporter) -> (artifact id: 'f06f96922cd6b9150a6236ddbbe4eacc') in 0.0216569 seconds
Number of updated asset objects reloaded before import = 0Number of asset objects unloaded after import = 1

========================================================================
Received Import Request.
  Time since last request: 0.000019 seconds.
  path: Assets/work/sound/Other/light_match.wav
  artifactKey: Guid(2ed79160abcc4e442b5c299204a69348) Importer(2089858483,b0f066a214c2f5e87bad3c948f4d605d)
Start importing Assets/work/sound/Other/light_match.wav using Guid(2ed79160abcc4e442b5c299204a69348) Importer(2089858483,b0f066a214c2f5e87bad3c948f4d605d) (ScriptedImporter) -> (artifact id: '67f9d6de850f7961ecdcaf2360c72207') in 0.0301016 seconds
Number of updated asset objects reloaded before import = 0Number of asset objects unloaded after import = 1

========================================================================
Received Import Request.
  Time since last request: 0.053251 seconds.
  path: Assets/work/sound/Match Three/match_synth_6.wav
  artifactKey: Guid(3af41d0daa80b8b49b1210fc0d7f12f7) Importer(2089858483,b0f066a214c2f5e87bad3c948f4d605d)
Start importing Assets/work/sound/Match Three/match_synth_6.wav using Guid(3af41d0daa80b8b49b1210fc0d7f12f7) Importer(2089858483,b0f066a214c2f5e87bad3c948f4d605d) (ScriptedImporter) -> (artifact id: '591331251f43ffdbff0dab2d2abfa7a8') in 0.0280529 seconds
Number of updated asset objects reloaded before import = 0Number of asset objects unloaded after import = 1

========================================================================
Received Import Request.
  Time since last request: 0.000016 seconds.
  path: Assets/work/sound/Combat and Gore/squelching_1.wav
  artifactKey: Guid(3ab4ca2139f59214598535342f4ba130) Importer(2089858483,b0f066a214c2f5e87bad3c948f4d605d)
Start importing Assets/work/sound/Combat and Gore/squelching_1.wav using Guid(3ab4ca2139f59214598535342f4ba130) Importer(2089858483,b0f066a214c2f5e87bad3c948f4d605d) (ScriptedImporter) -> (artifact id: 'ba84b3bcb9277dc29d1ebd4dea78c3c3') in 0.0257715 seconds
Number of updated asset objects reloaded before import = 0Number of asset objects unloaded after import = 1

========================================================================
Received Import Request.
  Time since last request: 0.116669 seconds.
  path: Assets/work/sound/Musical Effects/grand_piano_positive_long.wav
  artifactKey: Guid(d3acc14ec09bade45983392cfb19a895) Importer(2089858483,b0f066a214c2f5e87bad3c948f4d605d)
Start importing Assets/work/sound/Musical Effects/grand_piano_positive_long.wav using Guid(d3acc14ec09bade45983392cfb19a895) Importer(2089858483,b0f066a214c2f5e87bad3c948f4d605d) (ScriptedImporter) -> (artifact id: '61fa2c7b5463f89d87001488d2d74c2a') in 0.0274825 seconds
Number of updated asset objects reloaded before import = 0Number of asset objects unloaded after import = 1

========================================================================
Received Import Request.
  Time since last request: 0.000018 seconds.
  path: Assets/work/sound/Items/broom_sweep_1.wav
  artifactKey: Guid(c2dea4195e410f84ab59393d9488702f) Importer(2089858483,b0f066a214c2f5e87bad3c948f4d605d)
Start importing Assets/work/sound/Items/broom_sweep_1.wav using Guid(c2dea4195e410f84ab59393d9488702f) Importer(2089858483,b0f066a214c2f5e87bad3c948f4d605d) (ScriptedImporter) -> (artifact id: 'aeb1e56e94e0435e155754bc3c94740e') in 0.0238848 seconds
Number of updated asset objects reloaded before import = 0Number of asset objects unloaded after import = 1

========================================================================
Received Import Request.
  Time since last request: 0.100912 seconds.
  path: Assets/work/sound/Items/coins_gather_quick.wav
  artifactKey: Guid(b3ce1ae79ba5061488569ed7cea8dbc6) Importer(2089858483,b0f066a214c2f5e87bad3c948f4d605d)
Start importing Assets/work/sound/Items/coins_gather_quick.wav using Guid(b3ce1ae79ba5061488569ed7cea8dbc6) Importer(2089858483,b0f066a214c2f5e87bad3c948f4d605d) (ScriptedImporter) -> (artifact id: '892f17586860e9faa3db926b53f071ac') in 0.0352169 seconds
Number of updated asset objects reloaded before import = 0Number of asset objects unloaded after import = 1

========================================================================
Received Import Request.
  Time since last request: 0.000024 seconds.
  path: Assets/work/sound/Footsteps/digital
  artifactKey: Guid(e9fc0f9ede193904d8515e5045c3f7e2) Importer(2089858483,b0f066a214c2f5e87bad3c948f4d605d)
Start importing Assets/work/sound/Footsteps/digital using Guid(e9fc0f9ede193904d8515e5045c3f7e2) Importer(2089858483,b0f066a214c2f5e87bad3c948f4d605d) (ScriptedImporter) -> (artifact id: 'ce35cef598d532db00abc530f91cdf11') in 0.0036186 seconds
Number of updated asset objects reloaded before import = 0Number of asset objects unloaded after import = 1

========================================================================
Received Import Request.
  Time since last request: 0.114510 seconds.
  path: Assets/work/sound/Footsteps/digital/digital_footstep_grass_1.wav
  artifactKey: Guid(d6427d34fcaa2e840bd92446c1a1cad3) Importer(2089858483,b0f066a214c2f5e87bad3c948f4d605d)
Start importing Assets/work/sound/Footsteps/digital/digital_footstep_grass_1.wav using Guid(d6427d34fcaa2e840bd92446c1a1cad3) Importer(2089858483,b0f066a214c2f5e87bad3c948f4d605d) (ScriptedImporter) -> (artifact id: '24d9fc892ee3f10b3c57a187cd505719') in 0.0158413 seconds
Number of updated asset objects reloaded before import = 0Number of asset objects unloaded after import = 1

========================================================================
Received Import Request.
  Time since last request: 0.000017 seconds.
  path: Assets/work/sound/Match Three/match_xylophone_1.wav
  artifactKey: Guid(c6b4f8be4f69f494eaae035cc5aba4a4) Importer(2089858483,b0f066a214c2f5e87bad3c948f4d605d)
Start importing Assets/work/sound/Match Three/match_xylophone_1.wav using Guid(c6b4f8be4f69f494eaae035cc5aba4a4) Importer(2089858483,b0f066a214c2f5e87bad3c948f4d605d) (ScriptedImporter) -> (artifact id: '42ce38ada0dd79f8fa843186468b3631') in 0.0233497 seconds
Number of updated asset objects reloaded before import = 0Number of asset objects unloaded after import = 1

========================================================================
Received Import Request.
  Time since last request: 0.113013 seconds.
  path: Assets/work/sound/Footsteps/digital/digital_footstep_snow_2.wav
  artifactKey: Guid(ad24e338716c241478a4f2e4e81a4eff) Importer(2089858483,b0f066a214c2f5e87bad3c948f4d605d)
Start importing Assets/work/sound/Footsteps/digital/digital_footstep_snow_2.wav using Guid(ad24e338716c241478a4f2e4e81a4eff) Importer(2089858483,b0f066a214c2f5e87bad3c948f4d605d) (ScriptedImporter) -> (artifact id: '4022255409087edd4abf52d2c18a2f31') in 0.01443 seconds
Number of updated asset objects reloaded before import = 0Number of asset objects unloaded after import = 1

========================================================================
Received Import Request.
  Time since last request: 0.000016 seconds.
  path: Assets/work/sound/Musical Effects/synth_bass_chime_positive.wav
  artifactKey: Guid(df732db5fd8dea848a6f97195e5b060c) Importer(2089858483,b0f066a214c2f5e87bad3c948f4d605d)
Start importing Assets/work/sound/Musical Effects/synth_bass_chime_positive.wav using Guid(df732db5fd8dea848a6f97195e5b060c) Importer(2089858483,b0f066a214c2f5e87bad3c948f4d605d) (ScriptedImporter) -> (artifact id: 'f9bc0d5a722525f336a27105864c772f') in 0.0236372 seconds
Number of updated asset objects reloaded before import = 0Number of asset objects unloaded after import = 1

========================================================================
Received Import Request.
  Time since last request: 0.148845 seconds.
  path: Assets/work/sound/Footsteps/foley_footstep_vinyl_2.wav
  artifactKey: Guid(3e108516cce70994c81ad55904c0693d) Importer(2089858483,b0f066a214c2f5e87bad3c948f4d605d)
Start importing Assets/work/sound/Footsteps/foley_footstep_vinyl_2.wav using Guid(3e108516cce70994c81ad55904c0693d) Importer(2089858483,b0f066a214c2f5e87bad3c948f4d605d) (ScriptedImporter) -> (artifact id: 'c52c32568492cfc0f0a14958fad2bd57') in 0.0231111 seconds
Number of updated asset objects reloaded before import = 0Number of asset objects unloaded after import = 1

========================================================================
Received Import Request.
  Time since last request: 0.313593 seconds.
  path: Assets/work/sound/Machines/hairdryer.wav
  artifactKey: Guid(4338fcd77abf32e438f6bb0acade118b) Importer(2089858483,b0f066a214c2f5e87bad3c948f4d605d)
Start importing Assets/work/sound/Machines/hairdryer.wav using Guid(4338fcd77abf32e438f6bb0acade118b) Importer(2089858483,b0f066a214c2f5e87bad3c948f4d605d) (ScriptedImporter) -> (artifact id: '4145bd56a9797bb0fe26c902db3a632e') in 0.0283921 seconds
Number of updated asset objects reloaded before import = 0Number of asset objects unloaded after import = 1

========================================================================
Received Import Request.
  Time since last request: 0.308495 seconds.
  path: Assets/work/sound/Items/jingle_bells_2.wav
  artifactKey: Guid(2f4cea3c4406a2840b5f636ea3451a12) Importer(2089858483,b0f066a214c2f5e87bad3c948f4d605d)
Start importing Assets/work/sound/Items/jingle_bells_2.wav using Guid(2f4cea3c4406a2840b5f636ea3451a12) Importer(2089858483,b0f066a214c2f5e87bad3c948f4d605d) (ScriptedImporter) -> (artifact id: 'c3e9dda32c9597b3cf53c441860b62bf') in 0.0257449 seconds
Number of updated asset objects reloaded before import = 0Number of asset objects unloaded after import = 1

========================================================================
Received Import Request.
  Time since last request: 0.306174 seconds.
  path: Assets/work/sound/Materials/pottery_clang.wav
  artifactKey: Guid(522c524246742e143a7a218d8e524cef) Importer(2089858483,b0f066a214c2f5e87bad3c948f4d605d)
Start importing Assets/work/sound/Materials/pottery_clang.wav using Guid(522c524246742e143a7a218d8e524cef) Importer(2089858483,b0f066a214c2f5e87bad3c948f4d605d) (ScriptedImporter) -> (artifact id: 'ce8875d27ce7d93badf7005b2a3cd653') in 0.0360117 seconds
Number of updated asset objects reloaded before import = 0Number of asset objects unloaded after import = 1

========================================================================
Received Import Request.
  Time since last request: 3.876576 seconds.
  path: Assets/work/sound/Environment/clock_ticking.wav
  artifactKey: Guid(95b804b7a453fc2499290db6c65b0bdc) Importer(2089858483,b0f066a214c2f5e87bad3c948f4d605d)
Start importing Assets/work/sound/Environment/clock_ticking.wav using Guid(95b804b7a453fc2499290db6c65b0bdc) Importer(2089858483,b0f066a214c2f5e87bad3c948f4d605d) (ScriptedImporter) -> (artifact id: '6c3e6357de887d75602efb92420bf69c') in 0.0253024 seconds
Number of updated asset objects reloaded before import = 0Number of asset objects unloaded after import = 1

========================================================================
Received Import Request.
  Time since last request: 0.000019 seconds.
  path: Assets/work/sound/Card and Board/dice_roll_4.wav
  artifactKey: Guid(66ffc643f5483374e9631659b120f30b) Importer(2089858483,b0f066a214c2f5e87bad3c948f4d605d)
Start importing Assets/work/sound/Card and Board/dice_roll_4.wav using Guid(66ffc643f5483374e9631659b120f30b) Importer(2089858483,b0f066a214c2f5e87bad3c948f4d605d) (ScriptedImporter) -> (artifact id: '337c9edf16282bbfc2c24cacff32f342') in 0.0279033 seconds
Number of updated asset objects reloaded before import = 0Number of asset objects unloaded after import = 1

========================================================================
Received Import Request.
  Time since last request: 0.000025 seconds.
  path: Assets/work/sound/Musical Effects/steel_drums_negative_long.wav
  artifactKey: Guid(9d7691373e2a28d4eab978cd28ccab9f) Importer(2089858483,b0f066a214c2f5e87bad3c948f4d605d)
Start importing Assets/work/sound/Musical Effects/steel_drums_negative_long.wav using Guid(9d7691373e2a28d4eab978cd28ccab9f) Importer(2089858483,b0f066a214c2f5e87bad3c948f4d605d) (ScriptedImporter) -> (artifact id: '36160ec679888673849d6a60acadb440') in 0.0239965 seconds
Number of updated asset objects reloaded before import = 0Number of asset objects unloaded after import = 1

========================================================================
Received Import Request.
  Time since last request: 0.000022 seconds.
  path: Assets/work/sound/Musical Effects/music_box_defeated.wav
  artifactKey: Guid(be1bce4bad2e324488dedbf8f992ca01) Importer(2089858483,b0f066a214c2f5e87bad3c948f4d605d)
Start importing Assets/work/sound/Musical Effects/music_box_defeated.wav using Guid(be1bce4bad2e324488dedbf8f992ca01) Importer(2089858483,b0f066a214c2f5e87bad3c948f4d605d) (ScriptedImporter) -> (artifact id: '334ebfa54127c639c3383d8d62ca64bb') in 0.0297711 seconds
Number of updated asset objects reloaded before import = 0Number of asset objects unloaded after import = 1

========================================================================
Received Import Request.
  Time since last request: 0.000019 seconds.
  path: Assets/work/sound/Human/belch_1.wav
  artifactKey: Guid(7e2edc9402781d447aa9269b2d615ab1) Importer(2089858483,b0f066a214c2f5e87bad3c948f4d605d)
Start importing Assets/work/sound/Human/belch_1.wav using Guid(7e2edc9402781d447aa9269b2d615ab1) Importer(2089858483,b0f066a214c2f5e87bad3c948f4d605d) (ScriptedImporter) -> (artifact id: '9d3025018bc22b2cb15619bd52bcddb4') in 0.0265952 seconds
Number of updated asset objects reloaded before import = 0Number of asset objects unloaded after import = 1

========================================================================
Received Import Request.
  Time since last request: 0.000017 seconds.
  path: Assets/work/sound/Footsteps/digital/digital_footstep_gravel_3.wav
  artifactKey: Guid(a6f3e3a7266769247965244787693ccf) Importer(2089858483,b0f066a214c2f5e87bad3c948f4d605d)
Start importing Assets/work/sound/Footsteps/digital/digital_footstep_gravel_3.wav using Guid(a6f3e3a7266769247965244787693ccf) Importer(2089858483,b0f066a214c2f5e87bad3c948f4d605d) (ScriptedImporter) -> (artifact id: '0d719b602362706b7455a10b06fc6088') in 0.0152679 seconds
Number of updated asset objects reloaded before import = 0Number of asset objects unloaded after import = 1

========================================================================
Received Import Request.
  Time since last request: 0.000019 seconds.
  path: Assets/work/sound/Retro
  artifactKey: Guid(089efd99ec9c8bd4fa6696e628200c09) Importer(2089858483,b0f066a214c2f5e87bad3c948f4d605d)
Start importing Assets/work/sound/Retro using Guid(089efd99ec9c8bd4fa6696e628200c09) Importer(2089858483,b0f066a214c2f5e87bad3c948f4d605d) (ScriptedImporter) -> (artifact id: 'f8607aea673357c8d3090ca9bd7ae623') in 0.0031126 seconds
Number of updated asset objects reloaded before import = 0Number of asset objects unloaded after import = 1

========================================================================
Received Import Request.
  Time since last request: 0.000024 seconds.
  path: Assets/work/sound/Items/coins_gather_medium.wav
  artifactKey: Guid(600b01ca5635ac441ac2a7335cd76bc6) Importer(2089858483,b0f066a214c2f5e87bad3c948f4d605d)
Start importing Assets/work/sound/Items/coins_gather_medium.wav using Guid(600b01ca5635ac441ac2a7335cd76bc6) Importer(2089858483,b0f066a214c2f5e87bad3c948f4d605d) (ScriptedImporter) -> (artifact id: 'fe875d390b2207c839d51298fef7551b') in 0.0238401 seconds
Number of updated asset objects reloaded before import = 0Number of asset objects unloaded after import = 1

========================================================================
Received Import Request.
  Time since last request: 0.000017 seconds.
  path: Assets/work/sound/Card and Board/dice_roll_3.wav
  artifactKey: Guid(893c51f2d658953488730a0302af81e8) Importer(2089858483,b0f066a214c2f5e87bad3c948f4d605d)
Start importing Assets/work/sound/Card and Board/dice_roll_3.wav using Guid(893c51f2d658953488730a0302af81e8) Importer(2089858483,b0f066a214c2f5e87bad3c948f4d605d) (ScriptedImporter) -> (artifact id: 'ca97bbbd1b7529d7ea1b9877d38b503f') in 0.0234857 seconds
Number of updated asset objects reloaded before import = 0Number of asset objects unloaded after import = 1

========================================================================
Received Import Request.
  Time since last request: 0.000021 seconds.
  path: Assets/work/sound/Footsteps/foley_footstep_gravel_4.wav
  artifactKey: Guid(bb7967165d15a834780101278cd1d58c) Importer(2089858483,b0f066a214c2f5e87bad3c948f4d605d)
Start importing Assets/work/sound/Footsteps/foley_footstep_gravel_4.wav using Guid(bb7967165d15a834780101278cd1d58c) Importer(2089858483,b0f066a214c2f5e87bad3c948f4d605d) (ScriptedImporter) -> (artifact id: '499e48360a715cebda5f4bd10f551643') in 0.026462 seconds
Number of updated asset objects reloaded before import = 0Number of asset objects unloaded after import = 1

========================================================================
Received Import Request.
  Time since last request: 0.000022 seconds.
  path: Assets/work/sound/Card and Board/chips_place_3.wav
  artifactKey: Guid(c873d0fe67492f04bb23127db37907c7) Importer(2089858483,b0f066a214c2f5e87bad3c948f4d605d)
Start importing Assets/work/sound/Card and Board/chips_place_3.wav using Guid(c873d0fe67492f04bb23127db37907c7) Importer(2089858483,b0f066a214c2f5e87bad3c948f4d605d) (ScriptedImporter) -> (artifact id: '3b49dd27a6c95acf60dfcf4f53b9022d') in 0.034135 seconds
Number of updated asset objects reloaded before import = 0Number of asset objects unloaded after import = 1

========================================================================
Received Import Request.
  Time since last request: 0.000022 seconds.
  path: Assets/work/sound/Musical Effects/xylophone_negative_long.wav
  artifactKey: Guid(4ae05fba593a7c04d807b9fb760f4dbe) Importer(2089858483,b0f066a214c2f5e87bad3c948f4d605d)
Start importing Assets/work/sound/Musical Effects/xylophone_negative_long.wav using Guid(4ae05fba593a7c04d807b9fb760f4dbe) Importer(2089858483,b0f066a214c2f5e87bad3c948f4d605d) (ScriptedImporter) -> (artifact id: 'c211172147a21931a5a8fc5056877b31') in 0.0244648 seconds
Number of updated asset objects reloaded before import = 0Number of asset objects unloaded after import = 1

========================================================================
Received Import Request.
  Time since last request: 0.000023 seconds.
  path: Assets/work/sound/Card and Board/dice_grab.wav
  artifactKey: Guid(52a3571aa375b294ca1103c02966ff21) Importer(2089858483,b0f066a214c2f5e87bad3c948f4d605d)
Start importing Assets/work/sound/Card and Board/dice_grab.wav using Guid(52a3571aa375b294ca1103c02966ff21) Importer(2089858483,b0f066a214c2f5e87bad3c948f4d605d) (ScriptedImporter) -> (artifact id: '2ec77502c4f31ab559bc45b5a5da6a58') in 0.0232677 seconds
Number of updated asset objects reloaded before import = 0Number of asset objects unloaded after import = 1

========================================================================
Received Import Request.
  Time since last request: 0.000026 seconds.
  path: Assets/work/sound/Human/man_7.wav
  artifactKey: Guid(95017ebc5aff97e42b4176e03b1fc11b) Importer(2089858483,b0f066a214c2f5e87bad3c948f4d605d)
Start importing Assets/work/sound/Human/man_7.wav using Guid(95017ebc5aff97e42b4176e03b1fc11b) Importer(2089858483,b0f066a214c2f5e87bad3c948f4d605d) (ScriptedImporter) -> (artifact id: '5c4d7f877b3c87bfee3f64106269af97') in 0.028069 seconds
Number of updated asset objects reloaded before import = 0Number of asset objects unloaded after import = 1

========================================================================
Received Import Request.
  Time since last request: 0.000025 seconds.
  path: Assets/work/sound/UI/sci_fi_confirm.wav
  artifactKey: Guid(112fbd4339972534681c9df3b018c87d) Importer(2089858483,b0f066a214c2f5e87bad3c948f4d605d)
Start importing Assets/work/sound/UI/sci_fi_confirm.wav using Guid(112fbd4339972534681c9df3b018c87d) Importer(2089858483,b0f066a214c2f5e87bad3c948f4d605d) (ScriptedImporter) -> (artifact id: 'dd3b803f31cd804a31fc23f987b0d0f6') in 0.0310152 seconds
Number of updated asset objects reloaded before import = 0Number of asset objects unloaded after import = 1

========================================================================
Received Import Request.
  Time since last request: 0.000022 seconds.
  path: Assets/work/sound/Musical Effects/music_box_level_complete.wav
  artifactKey: Guid(469eafa1b6490c643b933605bd9dcdb5) Importer(2089858483,b0f066a214c2f5e87bad3c948f4d605d)
Start importing Assets/work/sound/Musical Effects/music_box_level_complete.wav using Guid(469eafa1b6490c643b933605bd9dcdb5) Importer(2089858483,b0f066a214c2f5e87bad3c948f4d605d) (ScriptedImporter) -> (artifact id: 'b43a19052092ad507a612cdebd560730') in 0.0237483 seconds
Number of updated asset objects reloaded before import = 0Number of asset objects unloaded after import = 1

========================================================================
Received Import Request.
  Time since last request: 0.000015 seconds.
  path: Assets/work/sound/Musical Effects/steel_drums_mystery.wav
  artifactKey: Guid(8a75850ee21f42442a04489e21f54b3f) Importer(2089858483,b0f066a214c2f5e87bad3c948f4d605d)
Start importing Assets/work/sound/Musical Effects/steel_drums_mystery.wav using Guid(8a75850ee21f42442a04489e21f54b3f) Importer(2089858483,b0f066a214c2f5e87bad3c948f4d605d) (ScriptedImporter) -> (artifact id: '12b6bcdcdd389cc962781e5b60d3e20f') in 0.0265424 seconds
Number of updated asset objects reloaded before import = 0Number of asset objects unloaded after import = 1

========================================================================
Received Import Request.
  Time since last request: 0.000016 seconds.
  path: Assets/work/sound/Materials/clothing_2.wav
  artifactKey: Guid(68331b2d5b1e61b40826a11ff8d3cdd2) Importer(2089858483,b0f066a214c2f5e87bad3c948f4d605d)
Start importing Assets/work/sound/Materials/clothing_2.wav using Guid(68331b2d5b1e61b40826a11ff8d3cdd2) Importer(2089858483,b0f066a214c2f5e87bad3c948f4d605d) (ScriptedImporter) -> (artifact id: 'c6c2150642be70ff96cfc225924a4ea4') in 0.0330146 seconds
Number of updated asset objects reloaded before import = 0Number of asset objects unloaded after import = 1

========================================================================
Received Import Request.
  Time since last request: 0.000025 seconds.
  path: Assets/work/sound/Retro/power_down_2.wav
  artifactKey: Guid(e9327f35e408aa441bd946e2ddc8ee7b) Importer(2089858483,b0f066a214c2f5e87bad3c948f4d605d)
Start importing Assets/work/sound/Retro/power_down_2.wav using Guid(e9327f35e408aa441bd946e2ddc8ee7b) Importer(2089858483,b0f066a214c2f5e87bad3c948f4d605d) (ScriptedImporter) -> (artifact id: '5959bda6e2e5829e4bc482eb9b7779d3') in 0.0150277 seconds
Number of updated asset objects reloaded before import = 0Number of asset objects unloaded after import = 1

========================================================================
Received Import Request.
  Time since last request: 0.000015 seconds.
  path: Assets/work/sound/Materials/cardboard_tear.wav
  artifactKey: Guid(97a9689335716d94d89c2fd837118ec4) Importer(2089858483,b0f066a214c2f5e87bad3c948f4d605d)
Start importing Assets/work/sound/Materials/cardboard_tear.wav using Guid(97a9689335716d94d89c2fd837118ec4) Importer(2089858483,b0f066a214c2f5e87bad3c948f4d605d) (ScriptedImporter) -> (artifact id: 'bec503a7f2b53209a419f695614ee14f') in 0.0229955 seconds
Number of updated asset objects reloaded before import = 0Number of asset objects unloaded after import = 1

========================================================================
Received Import Request.
  Time since last request: 0.000022 seconds.
  path: Assets/work/sound/Footsteps/digital/digital_footstep_snow_3.wav
  artifactKey: Guid(6b5f0a054ed0b824ea1d729dc5b9657f) Importer(2089858483,b0f066a214c2f5e87bad3c948f4d605d)
Start importing Assets/work/sound/Footsteps/digital/digital_footstep_snow_3.wav using Guid(6b5f0a054ed0b824ea1d729dc5b9657f) Importer(2089858483,b0f066a214c2f5e87bad3c948f4d605d) (ScriptedImporter) -> (artifact id: '3f9519e1bef2739fe99506f6b73a7142') in 0.018298 seconds
Number of updated asset objects reloaded before import = 0Number of asset objects unloaded after import = 1

========================================================================
Received Import Request.
  Time since last request: 0.000023 seconds.
  path: Assets/work/sound/Materials/glass_ping_small.wav
  artifactKey: Guid(28dfb1fc9ee32c7479fc384401dc29d0) Importer(2089858483,b0f066a214c2f5e87bad3c948f4d605d)
Start importing Assets/work/sound/Materials/glass_ping_small.wav using Guid(28dfb1fc9ee32c7479fc384401dc29d0) Importer(2089858483,b0f066a214c2f5e87bad3c948f4d605d) (ScriptedImporter) -> (artifact id: '4a0e71b132f618a0a59efd4fe46e3cc4') in 0.032742 seconds
Number of updated asset objects reloaded before import = 0Number of asset objects unloaded after import = 1

========================================================================
Received Import Request.
  Time since last request: 0.000017 seconds.
  path: Assets/work/sound/Materials/aluminium_can_pick_up.wav
  artifactKey: Guid(b43b0aeb452edba4d874512229efbba5) Importer(2089858483,b0f066a214c2f5e87bad3c948f4d605d)
Start importing Assets/work/sound/Materials/aluminium_can_pick_up.wav using Guid(b43b0aeb452edba4d874512229efbba5) Importer(2089858483,b0f066a214c2f5e87bad3c948f4d605d) (ScriptedImporter) -> (artifact id: '4659f34f509b244b0d2748480a773556') in 0.0283041 seconds
Number of updated asset objects reloaded before import = 0Number of asset objects unloaded after import = 1

========================================================================
Received Import Request.
  Time since last request: 0.000031 seconds.
  path: Assets/work/sound/Card and Board/chips_in_sack_shake.wav
  artifactKey: Guid(27c6a1a219afe844ea21e7480362f7c3) Importer(2089858483,b0f066a214c2f5e87bad3c948f4d605d)
Start importing Assets/work/sound/Card and Board/chips_in_sack_shake.wav using Guid(27c6a1a219afe844ea21e7480362f7c3) Importer(2089858483,b0f066a214c2f5e87bad3c948f4d605d) (ScriptedImporter) -> (artifact id: 'a6a61ddcd970e409ea557b0a27492bff') in 0.0271187 seconds
Number of updated asset objects reloaded before import = 0Number of asset objects unloaded after import = 1

========================================================================
Received Import Request.
  Time since last request: 0.000018 seconds.
  path: Assets/work/sound/UI/toggle_off.wav
  artifactKey: Guid(af569d69165ae5840b01bbea4e42a6f4) Importer(2089858483,b0f066a214c2f5e87bad3c948f4d605d)
Start importing Assets/work/sound/UI/toggle_off.wav using Guid(af569d69165ae5840b01bbea4e42a6f4) Importer(2089858483,b0f066a214c2f5e87bad3c948f4d605d) (ScriptedImporter) -> (artifact id: '549942d3cef76dc4553a5e4dba5f303f') in 0.0286424 seconds
Number of updated asset objects reloaded before import = 0Number of asset objects unloaded after import = 1

========================================================================
Received Import Request.
  Time since last request: 0.000039 seconds.
  path: Assets/work/sound/Match Three/match_xylophone_3.wav
  artifactKey: Guid(b677c6cc83bf7af46ae54ac4aca24fe7) Importer(2089858483,b0f066a214c2f5e87bad3c948f4d605d)
Start importing Assets/work/sound/Match Three/match_xylophone_3.wav using Guid(b677c6cc83bf7af46ae54ac4aca24fe7) Importer(2089858483,b0f066a214c2f5e87bad3c948f4d605d) (ScriptedImporter) -> (artifact id: '99472674af613283786ab4bd484194d3') in 0.0333301 seconds
Number of updated asset objects reloaded before import = 0Number of asset objects unloaded after import = 1

========================================================================
Received Import Request.
  Time since last request: 0.000017 seconds.
  path: Assets/work/sound/Materials/bamboo_drop.wav
  artifactKey: Guid(8b6e728313362cf46a6962379c18f30c) Importer(2089858483,b0f066a214c2f5e87bad3c948f4d605d)
Start importing Assets/work/sound/Materials/bamboo_drop.wav using Guid(8b6e728313362cf46a6962379c18f30c) Importer(2089858483,b0f066a214c2f5e87bad3c948f4d605d) (ScriptedImporter) -> (artifact id: 'f94d26492334ff20b0ba2c024d17fb40') in 0.0280174 seconds
Number of updated asset objects reloaded before import = 0Number of asset objects unloaded after import = 1

========================================================================
Received Import Request.
  Time since last request: 0.000026 seconds.
  path: Assets/work/sound/Combat and Gore/squelching_2.wav
  artifactKey: Guid(fd5abad907a51ae41b2c3f515329fa51) Importer(2089858483,b0f066a214c2f5e87bad3c948f4d605d)
Start importing Assets/work/sound/Combat and Gore/squelching_2.wav using Guid(fd5abad907a51ae41b2c3f515329fa51) Importer(2089858483,b0f066a214c2f5e87bad3c948f4d605d) (ScriptedImporter) -> (artifact id: 'b093f75afb7859d5cbe1a34251807d93') in 0.0343283 seconds
Number of updated asset objects reloaded before import = 0Number of asset objects unloaded after import = 1

========================================================================
Received Import Request.
  Time since last request: 0.000023 seconds.
  path: Assets/work/sound/Human/man_3.wav
  artifactKey: Guid(35de3ccfc42492044a09205b9a491d1a) Importer(2089858483,b0f066a214c2f5e87bad3c948f4d605d)
Start importing Assets/work/sound/Human/man_3.wav using Guid(35de3ccfc42492044a09205b9a491d1a) Importer(2089858483,b0f066a214c2f5e87bad3c948f4d605d) (ScriptedImporter) -> (artifact id: '388246c6648f43d395180b94b4414793') in 0.0285427 seconds
Number of updated asset objects reloaded before import = 0Number of asset objects unloaded after import = 1

========================================================================
Received Import Request.
  Time since last request: 0.000026 seconds.
  path: Assets/work/sound/Items/pencil_scribble.wav
  artifactKey: Guid(3879cc8040c2fef4c89121986d1c25ea) Importer(2089858483,b0f066a214c2f5e87bad3c948f4d605d)
Start importing Assets/work/sound/Items/pencil_scribble.wav using Guid(3879cc8040c2fef4c89121986d1c25ea) Importer(2089858483,b0f066a214c2f5e87bad3c948f4d605d) (ScriptedImporter) -> (artifact id: '9a79516db6cd8bd8675754db96a151aa') in 0.0330403 seconds
Number of updated asset objects reloaded before import = 0Number of asset objects unloaded after import = 1

========================================================================
Received Import Request.
  Time since last request: 0.000022 seconds.
  path: Assets/work/sound/Retro/ghost.wav
  artifactKey: Guid(33fdb8b2fdad3d148ad3e175782e0407) Importer(2089858483,b0f066a214c2f5e87bad3c948f4d605d)
Start importing Assets/work/sound/Retro/ghost.wav using Guid(33fdb8b2fdad3d148ad3e175782e0407) Importer(2089858483,b0f066a214c2f5e87bad3c948f4d605d) (ScriptedImporter) -> (artifact id: 'f70155c66df8cb2bf0c4d537ef0c1f0d') in 0.0190619 seconds
Number of updated asset objects reloaded before import = 0Number of asset objects unloaded after import = 1

========================================================================
Received Import Request.
  Time since last request: 0.000033 seconds.
  path: Assets/work/sound/Retro/punch.wav
  artifactKey: Guid(935c6c9d2cabe7b4190f7904b55c0c81) Importer(2089858483,b0f066a214c2f5e87bad3c948f4d605d)
Start importing Assets/work/sound/Retro/punch.wav using Guid(935c6c9d2cabe7b4190f7904b55c0c81) Importer(2089858483,b0f066a214c2f5e87bad3c948f4d605d) (ScriptedImporter) -> (artifact id: 'bd67a07e1745511cd9d88911f9b58a30') in 0.0193581 seconds
Number of updated asset objects reloaded before import = 0Number of asset objects unloaded after import = 1

========================================================================
Received Import Request.
  Time since last request: 0.000017 seconds.
  path: Assets/work/sound/Retro/power_down.wav
  artifactKey: Guid(09d7c164f6a731243b114ff682cc18ee) Importer(2089858483,b0f066a214c2f5e87bad3c948f4d605d)
Start importing Assets/work/sound/Retro/power_down.wav using Guid(09d7c164f6a731243b114ff682cc18ee) Importer(2089858483,b0f066a214c2f5e87bad3c948f4d605d) (ScriptedImporter) -> (artifact id: '658ca42a68887160cded40d91d3c5869') in 0.0219371 seconds
Number of updated asset objects reloaded before import = 0Number of asset objects unloaded after import = 1

========================================================================
Received Import Request.
  Time since last request: 0.000031 seconds.
  path: Assets/work/sound/Musical Effects/music_box_level_start.wav
  artifactKey: Guid(378f36823bcc611489f28d14fe0ab7e1) Importer(2089858483,b0f066a214c2f5e87bad3c948f4d605d)
Start importing Assets/work/sound/Musical Effects/music_box_level_start.wav using Guid(378f36823bcc611489f28d14fe0ab7e1) Importer(2089858483,b0f066a214c2f5e87bad3c948f4d605d) (ScriptedImporter) -> (artifact id: '56eee2c62a5cd5a48ee043799c2432a8') in 0.0305374 seconds
Number of updated asset objects reloaded before import = 0Number of asset objects unloaded after import = 1

========================================================================
Received Import Request.
  Time since last request: 0.000019 seconds.
  path: Assets/work/sound/Musical Effects/brass_chime_positive.wav
  artifactKey: Guid(bb8634153c0864d48ba4f95406310fa1) Importer(2089858483,b0f066a214c2f5e87bad3c948f4d605d)
Start importing Assets/work/sound/Musical Effects/brass_chime_positive.wav using Guid(bb8634153c0864d48ba4f95406310fa1) Importer(2089858483,b0f066a214c2f5e87bad3c948f4d605d) (ScriptedImporter) -> (artifact id: '11f867ace5569e14120cefdd3f62853d') in 0.0308683 seconds
Number of updated asset objects reloaded before import = 0Number of asset objects unloaded after import = 1

========================================================================
Received Import Request.
  Time since last request: 0.000028 seconds.
  path: Assets/work/sound/Card and Board/dice_roll_2.wav
  artifactKey: Guid(5470bed7888182040a9c145cf7145bae) Importer(2089858483,b0f066a214c2f5e87bad3c948f4d605d)
Start importing Assets/work/sound/Card and Board/dice_roll_2.wav using Guid(5470bed7888182040a9c145cf7145bae) Importer(2089858483,b0f066a214c2f5e87bad3c948f4d605d) (ScriptedImporter) -> (artifact id: '92b34ad36e8ac6414ad3a731eff0e633') in 0.0296077 seconds
Number of updated asset objects reloaded before import = 0Number of asset objects unloaded after import = 1

========================================================================
Received Import Request.
  Time since last request: 0.000021 seconds.
  path: Assets/work/sound/Match Three/match_synth_1.wav
  artifactKey: Guid(62c1dfe8007535244bea486823e66aea) Importer(2089858483,b0f066a214c2f5e87bad3c948f4d605d)
Start importing Assets/work/sound/Match Three/match_synth_1.wav using Guid(62c1dfe8007535244bea486823e66aea) Importer(2089858483,b0f066a214c2f5e87bad3c948f4d605d) (ScriptedImporter) -> (artifact id: 'c10ad622e07d3a8b73b4f25a0aa2fbab') in 0.0299679 seconds
Number of updated asset objects reloaded before import = 0Number of asset objects unloaded after import = 1

========================================================================
Received Import Request.
  Time since last request: 0.000023 seconds.
  path: Assets/work/sound/Musical Effects/harpsichord_negative_long.wav
  artifactKey: Guid(5bf3b1781d441614c84b984b46c1d29d) Importer(2089858483,b0f066a214c2f5e87bad3c948f4d605d)
Start importing Assets/work/sound/Musical Effects/harpsichord_negative_long.wav using Guid(5bf3b1781d441614c84b984b46c1d29d) Importer(2089858483,b0f066a214c2f5e87bad3c948f4d605d) (ScriptedImporter) -> (artifact id: '173fbd37967c5ef85b90dc6a51f05862') in 0.0285088 seconds
Number of updated asset objects reloaded before import = 0Number of asset objects unloaded after import = 1

========================================================================
Received Import Request.
  Time since last request: 0.000027 seconds.
  path: Assets/work/sound/Footsteps/digital/digital_footstep_grass_2.wav
  artifactKey: Guid(f84342de21ad1414daf542eb24782b42) Importer(2089858483,b0f066a214c2f5e87bad3c948f4d605d)
Start importing Assets/work/sound/Footsteps/digital/digital_footstep_grass_2.wav using Guid(f84342de21ad1414daf542eb24782b42) Importer(2089858483,b0f066a214c2f5e87bad3c948f4d605d) (ScriptedImporter) -> (artifact id: '0cd8713ffb7fc80a62094444086e5b9d') in 0.0173922 seconds
Number of updated asset objects reloaded before import = 0Number of asset objects unloaded after import = 1

========================================================================
Received Import Request.
  Time since last request: 0.000016 seconds.
  path: Assets/work/sound/Weapons/sword_unsheath.wav
  artifactKey: Guid(c4e2a25d2718af045914ffb9d5dd17ed) Importer(2089858483,b0f066a214c2f5e87bad3c948f4d605d)
Start importing Assets/work/sound/Weapons/sword_unsheath.wav using Guid(c4e2a25d2718af045914ffb9d5dd17ed) Importer(2089858483,b0f066a214c2f5e87bad3c948f4d605d) (ScriptedImporter) -> (artifact id: '083ed83f869b0e50966bdb34b29dfe00') in 0.0293916 seconds
Number of updated asset objects reloaded before import = 0Number of asset objects unloaded after import = 1

========================================================================
Received Import Request.
  Time since last request: 0.000016 seconds.
  path: Assets/work/sound/Retro/throw.wav
  artifactKey: Guid(172825a4c76c6574b9ce51ae783aff93) Importer(2089858483,b0f066a214c2f5e87bad3c948f4d605d)
Start importing Assets/work/sound/Retro/throw.wav using Guid(172825a4c76c6574b9ce51ae783aff93) Importer(2089858483,b0f066a214c2f5e87bad3c948f4d605d) (ScriptedImporter) -> (artifact id: 'e2bb2870eed3832e4c66341480723882') in 0.0173755 seconds
Number of updated asset objects reloaded before import = 0Number of asset objects unloaded after import = 1

========================================================================
Received Import Request.
  Time since last request: 0.000024 seconds.
  path: Assets/work/sound/Environment/water_boiling_loop.wav
  artifactKey: Guid(29c576bbe5f28a3489dc1d1754a166cd) Importer(2089858483,b0f066a214c2f5e87bad3c948f4d605d)
Start importing Assets/work/sound/Environment/water_boiling_loop.wav using Guid(29c576bbe5f28a3489dc1d1754a166cd) Importer(2089858483,b0f066a214c2f5e87bad3c948f4d605d) (ScriptedImporter) -> (artifact id: 'c6794b93b611c423549a5001587ae75a') in 0.027991 seconds
Number of updated asset objects reloaded before import = 0Number of asset objects unloaded after import = 1

========================================================================
Received Import Request.
  Time since last request: 0.000018 seconds.
  path: Assets/work/sound/Human/man_0.wav
  artifactKey: Guid(c0b15a5734589fc48848c15204dbb550) Importer(2089858483,b0f066a214c2f5e87bad3c948f4d605d)
Start importing Assets/work/sound/Human/man_0.wav using Guid(c0b15a5734589fc48848c15204dbb550) Importer(2089858483,b0f066a214c2f5e87bad3c948f4d605d) (ScriptedImporter) -> (artifact id: '685ed30a6e1a7ef19650aa4c9d0fc0a0') in 0.0286752 seconds
Number of updated asset objects reloaded before import = 0Number of asset objects unloaded after import = 1

========================================================================
Received Import Request.
  Time since last request: 0.000037 seconds.
  path: Assets/work/sound/UI/sci_fi_cancel.wav
  artifactKey: Guid(afb40363dc1904d4887397b57b811397) Importer(2089858483,b0f066a214c2f5e87bad3c948f4d605d)
Start importing Assets/work/sound/UI/sci_fi_cancel.wav using Guid(afb40363dc1904d4887397b57b811397) Importer(2089858483,b0f066a214c2f5e87bad3c948f4d605d) (ScriptedImporter) -> (artifact id: 'ec41539f8d2d7aede86b0037aced1ea4') in 0.0347171 seconds
Number of updated asset objects reloaded before import = 0Number of asset objects unloaded after import = 1

========================================================================
Received Import Request.
  Time since last request: 0.000029 seconds.
  path: Assets/work/sound/Musical Effects/grand_piano_negative_quick.wav
  artifactKey: Guid(46cd42567d28d7145b492f63dca1e2df) Importer(2089858483,b0f066a214c2f5e87bad3c948f4d605d)
Start importing Assets/work/sound/Musical Effects/grand_piano_negative_quick.wav using Guid(46cd42567d28d7145b492f63dca1e2df) Importer(2089858483,b0f066a214c2f5e87bad3c948f4d605d) (ScriptedImporter) -> (artifact id: '2e5d8567c825d8ada48c7644cb5ac35b') in 0.0306559 seconds
Number of updated asset objects reloaded before import = 0Number of asset objects unloaded after import = 1

========================================================================
Received Import Request.
  Time since last request: 0.000031 seconds.
  path: Assets/work/sound/Musical Effects/sitar_defeated.wav
  artifactKey: Guid(f3b82b7a35aca144a81cf325cc085504) Importer(2089858483,b0f066a214c2f5e87bad3c948f4d605d)
Start importing Assets/work/sound/Musical Effects/sitar_defeated.wav using Guid(f3b82b7a35aca144a81cf325cc085504) Importer(2089858483,b0f066a214c2f5e87bad3c948f4d605d) (ScriptedImporter) -> (artifact id: '1751168f53a4ccf8f1a381f8b788e0ca') in 0.0371915 seconds
Number of updated asset objects reloaded before import = 0Number of asset objects unloaded after import = 1

========================================================================
Received Import Request.
  Time since last request: 0.000018 seconds.
  path: Assets/work/sound/Musical Effects/horror_sting.wav
  artifactKey: Guid(9fa3aa389fd060e4d877653a8f00503a) Importer(2089858483,b0f066a214c2f5e87bad3c948f4d605d)
Start importing Assets/work/sound/Musical Effects/horror_sting.wav using Guid(9fa3aa389fd060e4d877653a8f00503a) Importer(2089858483,b0f066a214c2f5e87bad3c948f4d605d) (ScriptedImporter) -> (artifact id: '10b5081068a3cc446b0661473fac3f4d') in 0.0256131 seconds
Number of updated asset objects reloaded before import = 0Number of asset objects unloaded after import = 1

========================================================================
Received Import Request.
  Time since last request: 0.000055 seconds.
  path: Assets/work/sound/Musical Effects/vibraphone_mystery.wav
  artifactKey: Guid(f1cd264ae8fd6294888cf5eeb7d38ed6) Importer(2089858483,b0f066a214c2f5e87bad3c948f4d605d)
Start importing Assets/work/sound/Musical Effects/vibraphone_mystery.wav using Guid(f1cd264ae8fd6294888cf5eeb7d38ed6) Importer(2089858483,b0f066a214c2f5e87bad3c948f4d605d) (ScriptedImporter) -> (artifact id: '8ffd8be71e60e62861b8177d2f55caf7') in 0.0409333 seconds
Number of updated asset objects reloaded before import = 0Number of asset objects unloaded after import = 1

========================================================================
Received Import Request.
  Time since last request: 0.000019 seconds.
  path: Assets/work/sound/Footsteps/digital/digital_footstep_grass_4.wav
  artifactKey: Guid(ea813e1ac7a33a34fa0c8f4a7bb5c662) Importer(2089858483,b0f066a214c2f5e87bad3c948f4d605d)
Start importing Assets/work/sound/Footsteps/digital/digital_footstep_grass_4.wav using Guid(ea813e1ac7a33a34fa0c8f4a7bb5c662) Importer(2089858483,b0f066a214c2f5e87bad3c948f4d605d) (ScriptedImporter) -> (artifact id: 'd3f5227111aa9b4d747cb28eb386145c') in 0.0157936 seconds
Number of updated asset objects reloaded before import = 0Number of asset objects unloaded after import = 1

========================================================================
Received Import Request.
  Time since last request: 0.000024 seconds.
  path: Assets/work/sound/Card and Board/card_draw_3.wav
  artifactKey: Guid(fe2ef5604e0a7314383b735084827498) Importer(2089858483,b0f066a214c2f5e87bad3c948f4d605d)
Start importing Assets/work/sound/Card and Board/card_draw_3.wav using Guid(fe2ef5604e0a7314383b735084827498) Importer(2089858483,b0f066a214c2f5e87bad3c948f4d605d) (ScriptedImporter) -> (artifact id: '960dd8ef884ca8f0bfe5eee7d3e08360') in 0.0234411 seconds
Number of updated asset objects reloaded before import = 0Number of asset objects unloaded after import = 1

========================================================================
Received Import Request.
  Time since last request: 0.000021 seconds.
  path: Assets/work/sound/Musical Effects/music_box_chime_quick.wav
  artifactKey: Guid(865a87fadb80e3449a1a385bfd4310fa) Importer(2089858483,b0f066a214c2f5e87bad3c948f4d605d)
Start importing Assets/work/sound/Musical Effects/music_box_chime_quick.wav using Guid(865a87fadb80e3449a1a385bfd4310fa) Importer(2089858483,b0f066a214c2f5e87bad3c948f4d605d) (ScriptedImporter) -> (artifact id: 'd355b9121e27084497e4ca8801f8d638') in 0.0246737 seconds
Number of updated asset objects reloaded before import = 0Number of asset objects unloaded after import = 1

========================================================================
Received Import Request.
  Time since last request: 0.000023 seconds.
  path: Assets/work/sound/Musical Effects/xylophone_level_start.wav
  artifactKey: Guid(e7ef0c735e26d34429dfe86a3122ed02) Importer(2089858483,b0f066a214c2f5e87bad3c948f4d605d)
Start importing Assets/work/sound/Musical Effects/xylophone_level_start.wav using Guid(e7ef0c735e26d34429dfe86a3122ed02) Importer(2089858483,b0f066a214c2f5e87bad3c948f4d605d) (ScriptedImporter) -> (artifact id: '1951811cc903c60d6978e10f2a717cc0') in 0.0240524 seconds
Number of updated asset objects reloaded before import = 0Number of asset objects unloaded after import = 1

========================================================================
Received Import Request.
  Time since last request: 0.000023 seconds.
  path: Assets/work/sound/Items/broom_sweep_2.wav
  artifactKey: Guid(c944396e2b031014f950bc512ce46735) Importer(2089858483,b0f066a214c2f5e87bad3c948f4d605d)
Start importing Assets/work/sound/Items/broom_sweep_2.wav using Guid(c944396e2b031014f950bc512ce46735) Importer(2089858483,b0f066a214c2f5e87bad3c948f4d605d) (ScriptedImporter) -> (artifact id: '1ea2a71c8ba51d6531e32b873b5951fa') in 0.027263 seconds
Number of updated asset objects reloaded before import = 0Number of asset objects unloaded after import = 1

========================================================================
Received Import Request.
  Time since last request: 0.000017 seconds.
  path: Assets/work/sound/Machines/razor_buzz.wav
  artifactKey: Guid(ae9f66d11fc8fd644b7c069f4a6ddace) Importer(2089858483,b0f066a214c2f5e87bad3c948f4d605d)
Start importing Assets/work/sound/Machines/razor_buzz.wav using Guid(ae9f66d11fc8fd644b7c069f4a6ddace) Importer(2089858483,b0f066a214c2f5e87bad3c948f4d605d) (ScriptedImporter) -> (artifact id: '526c3e3086a4509ace13bae454dd7367') in 0.0365724 seconds
Number of updated asset objects reloaded before import = 0Number of asset objects unloaded after import = 1

========================================================================
Received Import Request.
  Time since last request: 0.000017 seconds.
  path: Assets/work/sound/Environment
  artifactKey: Guid(50b7692e02b7c164f997b7a01810b83e) Importer(2089858483,b0f066a214c2f5e87bad3c948f4d605d)
Start importing Assets/work/sound/Environment using Guid(50b7692e02b7c164f997b7a01810b83e) Importer(2089858483,b0f066a214c2f5e87bad3c948f4d605d) (ScriptedImporter) -> (artifact id: '285cd4916ed749f85363b34219d256b9') in 0.0032065 seconds
Number of updated asset objects reloaded before import = 0Number of asset objects unloaded after import = 1

========================================================================
Received Import Request.
  Time since last request: 0.000029 seconds.
  path: Assets/work/sound/Items/keys_jingling.wav
  artifactKey: Guid(59b0262cdb6cedf4a85d4e3486cbc4b8) Importer(2089858483,b0f066a214c2f5e87bad3c948f4d605d)
Start importing Assets/work/sound/Items/keys_jingling.wav using Guid(59b0262cdb6cedf4a85d4e3486cbc4b8) Importer(2089858483,b0f066a214c2f5e87bad3c948f4d605d) (ScriptedImporter) -> (artifact id: '3e36ad399a4ed0024f643074f84e09b2') in 0.0266955 seconds
Number of updated asset objects reloaded before import = 0Number of asset objects unloaded after import = 1

========================================================================
Received Import Request.
  Time since last request: 0.000015 seconds.
  path: Assets/work/sound/Match Three/match_xylophone_10_MAX.wav
  artifactKey: Guid(3ba40db99cb28c246abc815dd358046a) Importer(2089858483,b0f066a214c2f5e87bad3c948f4d605d)
Start importing Assets/work/sound/Match Three/match_xylophone_10_MAX.wav using Guid(3ba40db99cb28c246abc815dd358046a) Importer(2089858483,b0f066a214c2f5e87bad3c948f4d605d) (ScriptedImporter) -> (artifact id: '8d21750f0e4099576e75686d4ab50cd2') in 0.027284 seconds
Number of updated asset objects reloaded before import = 0Number of asset objects unloaded after import = 1

========================================================================
Received Import Request.
  Time since last request: 0.000016 seconds.
  path: Assets/work/sound/Musical Effects/8_bit_level_start.wav
  artifactKey: Guid(65b9526c5d0730f4cbdb85b33b3f6e33) Importer(2089858483,b0f066a214c2f5e87bad3c948f4d605d)
Start importing Assets/work/sound/Musical Effects/8_bit_level_start.wav using Guid(65b9526c5d0730f4cbdb85b33b3f6e33) Importer(2089858483,b0f066a214c2f5e87bad3c948f4d605d) (ScriptedImporter) -> (artifact id: '4759f7ddc983e4eec0785191c34dde57') in 0.0280038 seconds
Number of updated asset objects reloaded before import = 0Number of asset objects unloaded after import = 1

========================================================================
Received Import Request.
  Time since last request: 0.000024 seconds.
  path: Assets/work/sound/Musical Effects/vibraphone_positive_long.wav
  artifactKey: Guid(f71e0ad7f52b9964eb101b449c6fb379) Importer(2089858483,b0f066a214c2f5e87bad3c948f4d605d)
Start importing Assets/work/sound/Musical Effects/vibraphone_positive_long.wav using Guid(f71e0ad7f52b9964eb101b449c6fb379) Importer(2089858483,b0f066a214c2f5e87bad3c948f4d605d) (ScriptedImporter) -> (artifact id: 'd31d99fb147850d1daaf8c7bc6b7f066') in 0.0303309 seconds
Number of updated asset objects reloaded before import = 0Number of asset objects unloaded after import = 1

========================================================================
Received Import Request.
  Time since last request: 0.000018 seconds.
  path: Assets/work/sound/UI/sci_fi_hover_high.wav
  artifactKey: Guid(d1001400afe4638498362d358dcf3c30) Importer(2089858483,b0f066a214c2f5e87bad3c948f4d605d)
Start importing Assets/work/sound/UI/sci_fi_hover_high.wav using Guid(d1001400afe4638498362d358dcf3c30) Importer(2089858483,b0f066a214c2f5e87bad3c948f4d605d) (ScriptedImporter) -> (artifact id: 'dfd9e41d519144264d634da5cd9fdd71') in 0.0303908 seconds
Number of updated asset objects reloaded before import = 0Number of asset objects unloaded after import = 1

========================================================================
Received Import Request.
  Time since last request: 0.000022 seconds.
  path: Assets/work/sound/Musical Effects/brass_inn.wav
  artifactKey: Guid(9e39014f098ad6f428aad8d4ef13af59) Importer(2089858483,b0f066a214c2f5e87bad3c948f4d605d)
Start importing Assets/work/sound/Musical Effects/brass_inn.wav using Guid(9e39014f098ad6f428aad8d4ef13af59) Importer(2089858483,b0f066a214c2f5e87bad3c948f4d605d) (ScriptedImporter) -> (artifact id: '6379a964bb02a79efd831da0167a9db9') in 0.0280412 seconds
Number of updated asset objects reloaded before import = 0Number of asset objects unloaded after import = 1

========================================================================
Received Import Request.
  Time since last request: 0.000022 seconds.
  path: Assets/work/sound/Musical Effects/xylophone_level_complete.wav
  artifactKey: Guid(b9aa9af64c2c9ec4685848d98cfbafd7) Importer(2089858483,b0f066a214c2f5e87bad3c948f4d605d)
Start importing Assets/work/sound/Musical Effects/xylophone_level_complete.wav using Guid(b9aa9af64c2c9ec4685848d98cfbafd7) Importer(2089858483,b0f066a214c2f5e87bad3c948f4d605d) (ScriptedImporter) -> (artifact id: '217bd8d4aed95e6b4390e63a2a6c6240') in 0.0305586 seconds
Number of updated asset objects reloaded before import = 0Number of asset objects unloaded after import = 1

========================================================================
Received Import Request.
  Time since last request: 0.000022 seconds.
  path: Assets/work/sound/Other/ghost_long.wav
  artifactKey: Guid(6cb4b4d1ea6a803498eb91bc576f78dc) Importer(2089858483,b0f066a214c2f5e87bad3c948f4d605d)
Start importing Assets/work/sound/Other/ghost_long.wav using Guid(6cb4b4d1ea6a803498eb91bc576f78dc) Importer(2089858483,b0f066a214c2f5e87bad3c948f4d605d) (ScriptedImporter) -> (artifact id: '32f4c629d1c0f88bc006c546c5dd0790') in 0.0185902 seconds
Number of updated asset objects reloaded before import = 0Number of asset objects unloaded after import = 1

========================================================================
Received Import Request.
  Time since last request: 0.000023 seconds.
  path: Assets/work/sound/Footsteps/digital/digital_footstep_wood_2.wav
  artifactKey: Guid(fec36fe6eff188a41a787c00e3457fb2) Importer(2089858483,b0f066a214c2f5e87bad3c948f4d605d)
Start importing Assets/work/sound/Footsteps/digital/digital_footstep_wood_2.wav using Guid(fec36fe6eff188a41a787c00e3457fb2) Importer(2089858483,b0f066a214c2f5e87bad3c948f4d605d) (ScriptedImporter) -> (artifact id: 'e2b4cf84adaa86d22a409c8945a84f46') in 0.0169309 seconds
Number of updated asset objects reloaded before import = 0Number of asset objects unloaded after import = 1

========================================================================
Received Import Request.
  Time since last request: 0.000014 seconds.
  path: Assets/work/sound/Musical Effects/synth_bass_chime_quick.wav
  artifactKey: Guid(b9031f90dc028bf45b83e2abbc57313b) Importer(2089858483,b0f066a214c2f5e87bad3c948f4d605d)
Start importing Assets/work/sound/Musical Effects/synth_bass_chime_quick.wav using Guid(b9031f90dc028bf45b83e2abbc57313b) Importer(2089858483,b0f066a214c2f5e87bad3c948f4d605d) (ScriptedImporter) -> (artifact id: '0d45a5ca7ad5626bc2fc4d67e301adf5') in 0.0325873 seconds
Number of updated asset objects reloaded before import = 0Number of asset objects unloaded after import = 1

========================================================================
Received Import Request.
  Time since last request: 0.000020 seconds.
  path: Assets/work/sound/UI/select_3.wav
  artifactKey: Guid(c19c03dfd0964d24caffcfe8f93feecb) Importer(2089858483,b0f066a214c2f5e87bad3c948f4d605d)
Start importing Assets/work/sound/UI/select_3.wav using Guid(c19c03dfd0964d24caffcfe8f93feecb) Importer(2089858483,b0f066a214c2f5e87bad3c948f4d605d) (ScriptedImporter) -> (artifact id: '68098f64de22bb5770ff90f310d233d1') in 0.0294305 seconds
Number of updated asset objects reloaded before import = 0Number of asset objects unloaded after import = 1

========================================================================
Received Import Request.
  Time since last request: 0.000028 seconds.
  path: Assets/work/sound/Musical Effects/brass_chime_quick.wav
  artifactKey: Guid(27fe59080d451e54c98cd61326eca45a) Importer(2089858483,b0f066a214c2f5e87bad3c948f4d605d)
Start importing Assets/work/sound/Musical Effects/brass_chime_quick.wav using Guid(27fe59080d451e54c98cd61326eca45a) Importer(2089858483,b0f066a214c2f5e87bad3c948f4d605d) (ScriptedImporter) -> (artifact id: 'b9d7619966d52abaa738ea0fb5a92d52') in 0.0272962 seconds
Number of updated asset objects reloaded before import = 0Number of asset objects unloaded after import = 1

========================================================================
Received Import Request.
  Time since last request: 0.000019 seconds.
  path: Assets/work/sound/Materials/cardboard_box_close.wav
  artifactKey: Guid(f2ec26ea205a0bd4bb2abbebcaee4ddc) Importer(2089858483,b0f066a214c2f5e87bad3c948f4d605d)
Start importing Assets/work/sound/Materials/cardboard_box_close.wav using Guid(f2ec26ea205a0bd4bb2abbebcaee4ddc) Importer(2089858483,b0f066a214c2f5e87bad3c948f4d605d) (ScriptedImporter) -> (artifact id: '3fe92c46eb79007fde7abf291f6e2e34') in 0.0278392 seconds
Number of updated asset objects reloaded before import = 0Number of asset objects unloaded after import = 1

========================================================================
Received Import Request.
  Time since last request: 0.000028 seconds.
  path: Assets/work/sound/Musical Effects/8_bit_inn.wav
  artifactKey: Guid(8d9af6d07849e3a4d86d6eb669448d59) Importer(2089858483,b0f066a214c2f5e87bad3c948f4d605d)
Start importing Assets/work/sound/Musical Effects/8_bit_inn.wav using Guid(8d9af6d07849e3a4d86d6eb669448d59) Importer(2089858483,b0f066a214c2f5e87bad3c948f4d605d) (ScriptedImporter) -> (artifact id: '0dfef06b59b990a519ed7dfb7725309e') in 0.0258821 seconds
Number of updated asset objects reloaded before import = 0Number of asset objects unloaded after import = 1

========================================================================
Received Import Request.
  Time since last request: 0.000024 seconds.
  path: Assets/work/sound/Musical Effects/sitar_chime_quick.wav
  artifactKey: Guid(3c7aa7e5ed0851a439c2a6635345f984) Importer(2089858483,b0f066a214c2f5e87bad3c948f4d605d)
Start importing Assets/work/sound/Musical Effects/sitar_chime_quick.wav using Guid(3c7aa7e5ed0851a439c2a6635345f984) Importer(2089858483,b0f066a214c2f5e87bad3c948f4d605d) (ScriptedImporter) -> (artifact id: '299f7898d09d5fc005346cc4587602e8') in 0.0300739 seconds
Number of updated asset objects reloaded before import = 0Number of asset objects unloaded after import = 1

========================================================================
Received Import Request.
  Time since last request: 0.000017 seconds.
  path: Assets/work/sound/Match Three/match_synth_9.wav
  artifactKey: Guid(1f9f0aada32bc154c8e807a20d299ac4) Importer(2089858483,b0f066a214c2f5e87bad3c948f4d605d)
Start importing Assets/work/sound/Match Three/match_synth_9.wav using Guid(1f9f0aada32bc154c8e807a20d299ac4) Importer(2089858483,b0f066a214c2f5e87bad3c948f4d605d) (ScriptedImporter) -> (artifact id: '4b67bb452278f92059ee0893726df845') in 0.0320552 seconds
Number of updated asset objects reloaded before import = 0Number of asset objects unloaded after import = 1

========================================================================
Received Import Request.
  Time since last request: 0.000024 seconds.
  path: Assets/work/sound/Combat and Gore
  artifactKey: Guid(fee431f73ff03374d81c553d229b460e) Importer(2089858483,b0f066a214c2f5e87bad3c948f4d605d)
Start importing Assets/work/sound/Combat and Gore using Guid(fee431f73ff03374d81c553d229b460e) Importer(2089858483,b0f066a214c2f5e87bad3c948f4d605d) (ScriptedImporter) -> (artifact id: 'a24776a89c0b98e7b6784c00874de798') in 0.00401 seconds
Number of updated asset objects reloaded before import = 0Number of asset objects unloaded after import = 1

========================================================================
Received Import Request.
  Time since last request: 0.000018 seconds.
  path: Assets/work/sound/Retro/coin_2.wav
  artifactKey: Guid(b05699de743c0db44a303ebbc48e80ae) Importer(2089858483,b0f066a214c2f5e87bad3c948f4d605d)
Start importing Assets/work/sound/Retro/coin_2.wav using Guid(b05699de743c0db44a303ebbc48e80ae) Importer(2089858483,b0f066a214c2f5e87bad3c948f4d605d) (ScriptedImporter) -> (artifact id: '7f2f2c710f92e69ae759f0a74f1f9b95') in 0.0187447 seconds
Number of updated asset objects reloaded before import = 0Number of asset objects unloaded after import = 1

========================================================================
Received Import Request.
  Time since last request: 0.000016 seconds.
  path: Assets/work/sound/Musical Effects/sitar_level_start.wav
  artifactKey: Guid(d2f90b282e0ffe140a100f8ec7d3eb7a) Importer(2089858483,b0f066a214c2f5e87bad3c948f4d605d)
Start importing Assets/work/sound/Musical Effects/sitar_level_start.wav using Guid(d2f90b282e0ffe140a100f8ec7d3eb7a) Importer(2089858483,b0f066a214c2f5e87bad3c948f4d605d) (ScriptedImporter) -> (artifact id: 'a8b351b675ad60d2a89a9b14405d8a59') in 0.0339228 seconds
Number of updated asset objects reloaded before import = 0Number of asset objects unloaded after import = 1

========================================================================
Received Import Request.
  Time since last request: 0.000031 seconds.
  path: Assets/work/sound/Combat and Gore/slap.wav
  artifactKey: Guid(9ae6ff78deeb065448e4526b3e505530) Importer(2089858483,b0f066a214c2f5e87bad3c948f4d605d)
Start importing Assets/work/sound/Combat and Gore/slap.wav using Guid(9ae6ff78deeb065448e4526b3e505530) Importer(2089858483,b0f066a214c2f5e87bad3c948f4d605d) (ScriptedImporter) -> (artifact id: 'a987375132d154a462ee887691e267dc') in 0.02532 seconds
Number of updated asset objects reloaded before import = 0Number of asset objects unloaded after import = 1

========================================================================
Received Import Request.
  Time since last request: 0.000019 seconds.
  path: Assets/work/sound/UI/synth_confirmation.wav
  artifactKey: Guid(fafec4407ff5f10429ac1acdd74d5ffe) Importer(2089858483,b0f066a214c2f5e87bad3c948f4d605d)
Start importing Assets/work/sound/UI/synth_confirmation.wav using Guid(fafec4407ff5f10429ac1acdd74d5ffe) Importer(2089858483,b0f066a214c2f5e87bad3c948f4d605d) (ScriptedImporter) -> (artifact id: '8cfcbffb96cdecd5cefb3d8de6a14abe') in 0.0272296 seconds
Number of updated asset objects reloaded before import = 0Number of asset objects unloaded after import = 1

========================================================================
Received Import Request.
  Time since last request: 0.000026 seconds.
  path: Assets/work/sound/Musical Effects/8_bit_negative_long.wav
  artifactKey: Guid(088b00ebdf2019f459ebeadac025cc80) Importer(2089858483,b0f066a214c2f5e87bad3c948f4d605d)
Start importing Assets/work/sound/Musical Effects/8_bit_negative_long.wav using Guid(088b00ebdf2019f459ebeadac025cc80) Importer(2089858483,b0f066a214c2f5e87bad3c948f4d605d) (ScriptedImporter) -> (artifact id: 'f8730e91f039157dafe42ba0c309ba1f') in 0.0282045 seconds
Number of updated asset objects reloaded before import = 0Number of asset objects unloaded after import = 1

========================================================================
Received Import Request.
  Time since last request: 0.000017 seconds.
  path: Assets/work/sound/Materials
  artifactKey: Guid(3845bc4428983634aa1f8acfe41df7c1) Importer(2089858483,b0f066a214c2f5e87bad3c948f4d605d)
Start importing Assets/work/sound/Materials using Guid(3845bc4428983634aa1f8acfe41df7c1) Importer(2089858483,b0f066a214c2f5e87bad3c948f4d605d) (ScriptedImporter) -> (artifact id: '12088545cea0a8f050cfea3508371ce2') in 0.0035776 seconds
Number of updated asset objects reloaded before import = 0Number of asset objects unloaded after import = 1

========================================================================
Received Import Request.
  Time since last request: 0.000023 seconds.
  path: Assets/work/sound/Combat and Gore/crunch.wav
  artifactKey: Guid(d59d52fe697cc2648862089110c95a99) Importer(2089858483,b0f066a214c2f5e87bad3c948f4d605d)
Start importing Assets/work/sound/Combat and Gore/crunch.wav using Guid(d59d52fe697cc2648862089110c95a99) Importer(2089858483,b0f066a214c2f5e87bad3c948f4d605d) (ScriptedImporter) -> (artifact id: '7cf8a20169c9871479ab3c4a2904c1d3') in 0.0256563 seconds
Number of updated asset objects reloaded before import = 0Number of asset objects unloaded after import = 1

========================================================================
Received Import Request.
  Time since last request: 0.000014 seconds.
  path: Assets/work/sound/Items/coin_collect.wav
  artifactKey: Guid(deaf90e029410b949b3e8bc25cd7c802) Importer(2089858483,b0f066a214c2f5e87bad3c948f4d605d)
Start importing Assets/work/sound/Items/coin_collect.wav using Guid(deaf90e029410b949b3e8bc25cd7c802) Importer(2089858483,b0f066a214c2f5e87bad3c948f4d605d) (ScriptedImporter) -> (artifact id: '64fe0397e1bef282f434253f8d4dfdd5') in 0.0261987 seconds
Number of updated asset objects reloaded before import = 0Number of asset objects unloaded after import = 1

========================================================================
Received Import Request.
  Time since last request: 0.000020 seconds.
  path: Assets/work/sound/Match Three/match_synth_7.wav
  artifactKey: Guid(a498c0ce7e99c1f46977fccb5021af55) Importer(2089858483,b0f066a214c2f5e87bad3c948f4d605d)
Start importing Assets/work/sound/Match Three/match_synth_7.wav using Guid(a498c0ce7e99c1f46977fccb5021af55) Importer(2089858483,b0f066a214c2f5e87bad3c948f4d605d) (ScriptedImporter) -> (artifact id: '5cb5957f6524b1debcd94f6a0ead4cd6') in 0.0264843 seconds
Number of updated asset objects reloaded before import = 0Number of asset objects unloaded after import = 1

========================================================================
Received Import Request.
  Time since last request: 0.000023 seconds.
  path: Assets/work/sound/Weapons/weapon_pick_up.wav
  artifactKey: Guid(96809202d4e082b478a04faf58e5a3a5) Importer(2089858483,b0f066a214c2f5e87bad3c948f4d605d)
Start importing Assets/work/sound/Weapons/weapon_pick_up.wav using Guid(96809202d4e082b478a04faf58e5a3a5) Importer(2089858483,b0f066a214c2f5e87bad3c948f4d605d) (ScriptedImporter) -> (artifact id: '92195ebc688ab4c757bf18973e564ca6') in 0.0315348 seconds
Number of updated asset objects reloaded before import = 0Number of asset objects unloaded after import = 1

========================================================================
Received Import Request.
  Time since last request: 0.000022 seconds.
  path: Assets/work/sound/Musical Effects/vibraphone_chime_quick.wav
  artifactKey: Guid(6391193979ee1b34a8c1ff5ffa333f62) Importer(2089858483,b0f066a214c2f5e87bad3c948f4d605d)
Start importing Assets/work/sound/Musical Effects/vibraphone_chime_quick.wav using Guid(6391193979ee1b34a8c1ff5ffa333f62) Importer(2089858483,b0f066a214c2f5e87bad3c948f4d605d) (ScriptedImporter) -> (artifact id: '271e4980e2fe34adbc9860b61d3d42bd') in 0.0309793 seconds
Number of updated asset objects reloaded before import = 0Number of asset objects unloaded after import = 1

========================================================================
Received Import Request.
  Time since last request: 0.000036 seconds.
  path: Assets/work/sound/Match Three/match_xylophone_2.wav
  artifactKey: Guid(3093e3974a44272448e077adfeffe410) Importer(2089858483,b0f066a214c2f5e87bad3c948f4d605d)
Start importing Assets/work/sound/Match Three/match_xylophone_2.wav using Guid(3093e3974a44272448e077adfeffe410) Importer(2089858483,b0f066a214c2f5e87bad3c948f4d605d) (ScriptedImporter) -> (artifact id: '182d222be96c1fe204d72c51416d98c4') in 0.0255735 seconds
Number of updated asset objects reloaded before import = 0Number of asset objects unloaded after import = 1

========================================================================
Received Import Request.
  Time since last request: 0.000016 seconds.
  path: Assets/work/sound/Musical Effects
  artifactKey: Guid(002d1a9cfed95b54a854978f8d184764) Importer(2089858483,b0f066a214c2f5e87bad3c948f4d605d)
Start importing Assets/work/sound/Musical Effects using Guid(002d1a9cfed95b54a854978f8d184764) Importer(2089858483,b0f066a214c2f5e87bad3c948f4d605d) (ScriptedImporter) -> (artifact id: '1c881f3d3dc08820422a9434a683d834') in 0.0031839 seconds
Number of updated asset objects reloaded before import = 0Number of asset objects unloaded after import = 1

========================================================================
Received Import Request.
  Time since last request: 0.000026 seconds.
  path: Assets/work/sound/Retro/coin.wav
  artifactKey: Guid(a6bbf2d01d0c93f4ca03b3c7edd4c092) Importer(2089858483,b0f066a214c2f5e87bad3c948f4d605d)
Start importing Assets/work/sound/Retro/coin.wav using Guid(a6bbf2d01d0c93f4ca03b3c7edd4c092) Importer(2089858483,b0f066a214c2f5e87bad3c948f4d605d) (ScriptedImporter) -> (artifact id: '9c3a234898e0c60cc7c2fc49b7f56c82') in 0.0185686 seconds
Number of updated asset objects reloaded before import = 0Number of asset objects unloaded after import = 1

========================================================================
Received Import Request.
  Time since last request: 0.000015 seconds.
  path: Assets/work/sound/Items/coin_jingle_small.wav
  artifactKey: Guid(685aca5bbb669e2419ccc4d2215e61d2) Importer(2089858483,b0f066a214c2f5e87bad3c948f4d605d)
Start importing Assets/work/sound/Items/coin_jingle_small.wav using Guid(685aca5bbb669e2419ccc4d2215e61d2) Importer(2089858483,b0f066a214c2f5e87bad3c948f4d605d) (ScriptedImporter) -> (artifact id: '48bb500aad709efd162909df5ea7c04a') in 0.0332447 seconds
Number of updated asset objects reloaded before import = 0Number of asset objects unloaded after import = 1

========================================================================
Received Import Request.
  Time since last request: 0.000016 seconds.
  path: Assets/work/sound/Musical Effects/xylophone_defeated.wav
  artifactKey: Guid(618965c41980274439995f6b9bcf1c6c) Importer(2089858483,b0f066a214c2f5e87bad3c948f4d605d)
Start importing Assets/work/sound/Musical Effects/xylophone_defeated.wav using Guid(618965c41980274439995f6b9bcf1c6c) Importer(2089858483,b0f066a214c2f5e87bad3c948f4d605d) (ScriptedImporter) -> (artifact id: 'ad7898c5f64ffcd2aefb17001ba0db20') in 0.0294234 seconds
Number of updated asset objects reloaded before import = 0Number of asset objects unloaded after import = 1

========================================================================
Received Import Request.
  Time since last request: 0.000030 seconds.
  path: Assets/work/sound/Items/heart_collect.wav
  artifactKey: Guid(c1e11900e0e436c4d8df6a978e218ece) Importer(2089858483,b0f066a214c2f5e87bad3c948f4d605d)
Start importing Assets/work/sound/Items/heart_collect.wav using Guid(c1e11900e0e436c4d8df6a978e218ece) Importer(2089858483,b0f066a214c2f5e87bad3c948f4d605d) (ScriptedImporter) -> (artifact id: '1c39d4c24be7954f89f079defe557c2e') in 0.0299588 seconds
Number of updated asset objects reloaded before import = 0Number of asset objects unloaded after import = 1

========================================================================
Received Import Request.
  Time since last request: 0.000022 seconds.
  path: Assets/work/sound/Human/man_5.wav
  artifactKey: Guid(33744cb46fb931146847cf46f310e26e) Importer(2089858483,b0f066a214c2f5e87bad3c948f4d605d)
Start importing Assets/work/sound/Human/man_5.wav using Guid(33744cb46fb931146847cf46f310e26e) Importer(2089858483,b0f066a214c2f5e87bad3c948f4d605d) (ScriptedImporter) -> (artifact id: '8f5ada42c0be7f9254e380e18c7aa6ec') in 0.0267898 seconds
Number of updated asset objects reloaded before import = 0Number of asset objects unloaded after import = 1

========================================================================
Received Import Request.
  Time since last request: 0.000025 seconds.
  path: Assets/work/sound/Human/whistle.wav
  artifactKey: Guid(c7b53ff8ad1e40848b154d6fb7c8fcce) Importer(2089858483,b0f066a214c2f5e87bad3c948f4d605d)
Start importing Assets/work/sound/Human/whistle.wav using Guid(c7b53ff8ad1e40848b154d6fb7c8fcce) Importer(2089858483,b0f066a214c2f5e87bad3c948f4d605d) (ScriptedImporter) -> (artifact id: '85215998349227d5eb7cc0bc9dfb0224') in 0.028258 seconds
Number of updated asset objects reloaded before import = 0Number of asset objects unloaded after import = 1

========================================================================
Received Import Request.
  Time since last request: 0.000022 seconds.
  path: Assets/work/sound/Match Three/match_xylophone_8.wav
  artifactKey: Guid(979d4d63ac9b1b6418a448e09b6756df) Importer(2089858483,b0f066a214c2f5e87bad3c948f4d605d)
Start importing Assets/work/sound/Match Three/match_xylophone_8.wav using Guid(979d4d63ac9b1b6418a448e09b6756df) Importer(2089858483,b0f066a214c2f5e87bad3c948f4d605d) (ScriptedImporter) -> (artifact id: '164fad7c10aa02268e8a8934b0fb14ac') in 0.0316963 seconds
Number of updated asset objects reloaded before import = 0Number of asset objects unloaded after import = 1

========================================================================
Received Import Request.
  Time since last request: 0.000023 seconds.
  path: Assets/work/sound/Musical Effects/harpsichord_inn.wav
  artifactKey: Guid(aa5b802753cfacb448f68e89f04187d4) Importer(2089858483,b0f066a214c2f5e87bad3c948f4d605d)
Start importing Assets/work/sound/Musical Effects/harpsichord_inn.wav using Guid(aa5b802753cfacb448f68e89f04187d4) Importer(2089858483,b0f066a214c2f5e87bad3c948f4d605d) (ScriptedImporter) -> (artifact id: 'a6be7a24f560cba5a55320060be46bec') in 0.0376312 seconds
Number of updated asset objects reloaded before import = 0Number of asset objects unloaded after import = 1

========================================================================
Received Import Request.
  Time since last request: 0.000017 seconds.
  path: Assets/work/sound/Musical Effects/xylophone_inn.wav
  artifactKey: Guid(97f4ff79f777a904ab633a669ffc28f5) Importer(2089858483,b0f066a214c2f5e87bad3c948f4d605d)
Start importing Assets/work/sound/Musical Effects/xylophone_inn.wav using Guid(97f4ff79f777a904ab633a669ffc28f5) Importer(2089858483,b0f066a214c2f5e87bad3c948f4d605d) (ScriptedImporter) -> (artifact id: 'e6a8a56742c92e5e6aa24bd86f95f6b3') in 0.0284231 seconds
Number of updated asset objects reloaded before import = 0Number of asset objects unloaded after import = 1

========================================================================
Received Import Request.
  Time since last request: 0.000017 seconds.
  path: Assets/work/sound/Retro/fall_quick.wav
  artifactKey: Guid(2e20f12c460fe4e4c993195b5925bde6) Importer(2089858483,b0f066a214c2f5e87bad3c948f4d605d)
Start importing Assets/work/sound/Retro/fall_quick.wav using Guid(2e20f12c460fe4e4c993195b5925bde6) Importer(2089858483,b0f066a214c2f5e87bad3c948f4d605d) (ScriptedImporter) -> (artifact id: '229673c873392a0ed57e568b6de7e69f') in 0.0176715 seconds
Number of updated asset objects reloaded before import = 0Number of asset objects unloaded after import = 1

========================================================================
Received Import Request.
  Time since last request: 0.000023 seconds.
  path: Assets/work/sound/Card and Board/card_draw_2.wav
  artifactKey: Guid(9887137c6aeafba44b7fabaa45857b77) Importer(2089858483,b0f066a214c2f5e87bad3c948f4d605d)
Start importing Assets/work/sound/Card and Board/card_draw_2.wav using Guid(9887137c6aeafba44b7fabaa45857b77) Importer(2089858483,b0f066a214c2f5e87bad3c948f4d605d) (ScriptedImporter) -> (artifact id: '68327d95c71238aab6a519c25cc9b269') in 0.029781 seconds
Number of updated asset objects reloaded before import = 0Number of asset objects unloaded after import = 1

========================================================================
Received Import Request.
  Time since last request: 0.000016 seconds.
  path: Assets/work/sound/Machines/hydraulic_down.wav
  artifactKey: Guid(8232fe2029bcfb347b98cef74d81e637) Importer(2089858483,b0f066a214c2f5e87bad3c948f4d605d)
Start importing Assets/work/sound/Machines/hydraulic_down.wav using Guid(8232fe2029bcfb347b98cef74d81e637) Importer(2089858483,b0f066a214c2f5e87bad3c948f4d605d) (ScriptedImporter) -> (artifact id: 'd06860d113c797d7e8e4ff66374db8b1') in 0.0304338 seconds
Number of updated asset objects reloaded before import = 0Number of asset objects unloaded after import = 1

========================================================================
Received Import Request.
  Time since last request: 0.000027 seconds.
  path: Assets/work/sound/Musical Effects/steel_drums_level_complete.wav
  artifactKey: Guid(78221aaa6201026439a010c212554499) Importer(2089858483,b0f066a214c2f5e87bad3c948f4d605d)
Start importing Assets/work/sound/Musical Effects/steel_drums_level_complete.wav using Guid(78221aaa6201026439a010c212554499) Importer(2089858483,b0f066a214c2f5e87bad3c948f4d605d) (ScriptedImporter) -> (artifact id: '00f96860207a8feaae80a53bd63106d6') in 0.0249257 seconds
Number of updated asset objects reloaded before import = 0Number of asset objects unloaded after import = 1

========================================================================
Received Import Request.
  Time since last request: 0.000017 seconds.
  path: Assets/work/sound/UI
  artifactKey: Guid(571ae8f332193dd438de65bc875a97c7) Importer(2089858483,b0f066a214c2f5e87bad3c948f4d605d)
Start importing Assets/work/sound/UI using Guid(571ae8f332193dd438de65bc875a97c7) Importer(2089858483,b0f066a214c2f5e87bad3c948f4d605d) (ScriptedImporter) -> (artifact id: 'a40d949d01aaf4da2a6b0a03f81a5c2c') in 0.0048543 seconds
Number of updated asset objects reloaded before import = 0Number of asset objects unloaded after import = 1

========================================================================
Received Import Request.
  Time since last request: 0.000020 seconds.
  path: Assets/work/sound/Items/tennis_ball_bounce_1.wav
  artifactKey: Guid(fc81333618ede1546807336ae118d442) Importer(2089858483,b0f066a214c2f5e87bad3c948f4d605d)
Start importing Assets/work/sound/Items/tennis_ball_bounce_1.wav using Guid(fc81333618ede1546807336ae118d442) Importer(2089858483,b0f066a214c2f5e87bad3c948f4d605d) (ScriptedImporter) -> (artifact id: '14defb50b62f9923df3cf12d13f839d6') in 0.0262802 seconds
Number of updated asset objects reloaded before import = 0Number of asset objects unloaded after import = 1

========================================================================
Received Import Request.
  Time since last request: 0.000027 seconds.
  path: Assets/work/sound/Match Three/match_synth_8.wav
  artifactKey: Guid(1fee2104629db054ab2c9a3d4c23af15) Importer(2089858483,b0f066a214c2f5e87bad3c948f4d605d)
Start importing Assets/work/sound/Match Three/match_synth_8.wav using Guid(1fee2104629db054ab2c9a3d4c23af15) Importer(2089858483,b0f066a214c2f5e87bad3c948f4d605d) (ScriptedImporter) -> (artifact id: '554ebd2862bc0f32b3397263c3db334c') in 0.0321094 seconds
Number of updated asset objects reloaded before import = 0Number of asset objects unloaded after import = 1

========================================================================
Received Import Request.
  Time since last request: 0.000017 seconds.
  path: Assets/work/sound/Weapons/weapon_drop.wav
  artifactKey: Guid(6e1289bafc37c0d48abb683f3ae32010) Importer(2089858483,b0f066a214c2f5e87bad3c948f4d605d)
Start importing Assets/work/sound/Weapons/weapon_drop.wav using Guid(6e1289bafc37c0d48abb683f3ae32010) Importer(2089858483,b0f066a214c2f5e87bad3c948f4d605d) (ScriptedImporter) -> (artifact id: 'df677a0c8504141ac7290023340c3807') in 0.0291315 seconds
Number of updated asset objects reloaded before import = 0Number of asset objects unloaded after import = 1

========================================================================
Received Import Request.
  Time since last request: 0.000018 seconds.
  path: Assets/work/sound/Materials/paper_sort.wav
  artifactKey: Guid(bb01473494e21464bb2c09ca491b6eaf) Importer(2089858483,b0f066a214c2f5e87bad3c948f4d605d)
Start importing Assets/work/sound/Materials/paper_sort.wav using Guid(bb01473494e21464bb2c09ca491b6eaf) Importer(2089858483,b0f066a214c2f5e87bad3c948f4d605d) (ScriptedImporter) -> (artifact id: '66f7ed72ee21ddde70cf4bf30b850f65') in 0.0299633 seconds
Number of updated asset objects reloaded before import = 0Number of asset objects unloaded after import = 1

========================================================================
Received Import Request.
  Time since last request: 0.000027 seconds.
  path: Assets/work/sound/Card and Board/chips_drop.wav
  artifactKey: Guid(db38056efeb6cc84d9302ae318442e2c) Importer(2089858483,b0f066a214c2f5e87bad3c948f4d605d)
Start importing Assets/work/sound/Card and Board/chips_drop.wav using Guid(db38056efeb6cc84d9302ae318442e2c) Importer(2089858483,b0f066a214c2f5e87bad3c948f4d605d) (ScriptedImporter) -> (artifact id: '61ce74b238d51c9895d82edb82ee1eaf') in 0.0290713 seconds
Number of updated asset objects reloaded before import = 0Number of asset objects unloaded after import = 1

========================================================================
Received Import Request.
  Time since last request: 0.000015 seconds.
  path: Assets/work/sound/Machines
  artifactKey: Guid(d0b1756967592734286652d4557fe971) Importer(2089858483,b0f066a214c2f5e87bad3c948f4d605d)
Start importing Assets/work/sound/Machines using Guid(d0b1756967592734286652d4557fe971) Importer(2089858483,b0f066a214c2f5e87bad3c948f4d605d) (ScriptedImporter) -> (artifact id: '695e3a6692af5bf1cf41e8e1b8f9bf4c') in 0.0032323 seconds
Number of updated asset objects reloaded before import = 0Number of asset objects unloaded after import = 1

========================================================================
Received Import Request.
  Time since last request: 0.000017 seconds.
  path: Assets/work/sound/Items/jingle_bells_1.wav
  artifactKey: Guid(67177ad7b92c33148b5bed37c72faca0) Importer(2089858483,b0f066a214c2f5e87bad3c948f4d605d)
Start importing Assets/work/sound/Items/jingle_bells_1.wav using Guid(67177ad7b92c33148b5bed37c72faca0) Importer(2089858483,b0f066a214c2f5e87bad3c948f4d605d) (ScriptedImporter) -> (artifact id: '0304d2770edd973c622f0f7de340546b') in 0.0288103 seconds
Number of updated asset objects reloaded before import = 0Number of asset objects unloaded after import = 1

========================================================================
Received Import Request.
  Time since last request: 0.000023 seconds.
  path: Assets/work/sound/Machines/hydraulic_up.wav
  artifactKey: Guid(2a6c7a74bcd04e246ba374b4cb0ac506) Importer(2089858483,b0f066a214c2f5e87bad3c948f4d605d)
Start importing Assets/work/sound/Machines/hydraulic_up.wav using Guid(2a6c7a74bcd04e246ba374b4cb0ac506) Importer(2089858483,b0f066a214c2f5e87bad3c948f4d605d) (ScriptedImporter) -> (artifact id: '44e02050193bedb9ac28b5e32d0f86c0') in 0.0268525 seconds
Number of updated asset objects reloaded before import = 0Number of asset objects unloaded after import = 1

========================================================================
Received Import Request.
  Time since last request: 0.000013 seconds.
  path: Assets/work/sound/Musical Effects/vibraphone_level_complete.wav
  artifactKey: Guid(a7714261fc17c3044961a47c2812dbbe) Importer(2089858483,b0f066a214c2f5e87bad3c948f4d605d)
Start importing Assets/work/sound/Musical Effects/vibraphone_level_complete.wav using Guid(a7714261fc17c3044961a47c2812dbbe) Importer(2089858483,b0f066a214c2f5e87bad3c948f4d605d) (ScriptedImporter) -> (artifact id: 'fde58713b771c6270a59b782411a5b34') in 0.0232158 seconds
Number of updated asset objects reloaded before import = 0Number of asset objects unloaded after import = 1

========================================================================
Received Import Request.
  Time since last request: 0.000018 seconds.
  path: Assets/work/sound/Machines/industrial_door_open.wav
  artifactKey: Guid(ba1197e92a6c9aa4ab0991af982d414a) Importer(2089858483,b0f066a214c2f5e87bad3c948f4d605d)
Start importing Assets/work/sound/Machines/industrial_door_open.wav using Guid(ba1197e92a6c9aa4ab0991af982d414a) Importer(2089858483,b0f066a214c2f5e87bad3c948f4d605d) (ScriptedImporter) -> (artifact id: 'af63232866cd23f7898838a0b91a1a4e') in 0.0254456 seconds
Number of updated asset objects reloaded before import = 0Number of asset objects unloaded after import = 1

========================================================================
Received Import Request.
  Time since last request: 0.000026 seconds.
  path: Assets/work/sound/Musical Effects/grand_piano_defeated.wav
  artifactKey: Guid(0d53ecd87fbd0de47a7e7fabb05cf690) Importer(2089858483,b0f066a214c2f5e87bad3c948f4d605d)
Start importing Assets/work/sound/Musical Effects/grand_piano_defeated.wav using Guid(0d53ecd87fbd0de47a7e7fabb05cf690) Importer(2089858483,b0f066a214c2f5e87bad3c948f4d605d) (ScriptedImporter) -> (artifact id: 'fd0e033feaeafe38190006097f76e3cf') in 0.0279158 seconds
Number of updated asset objects reloaded before import = 0Number of asset objects unloaded after import = 1

========================================================================
Received Import Request.
  Time since last request: 0.000014 seconds.
  path: Assets/work/sound/Other/subtle_knock.wav
  artifactKey: Guid(1c65ccbd3eaa18e4d9fa4d675061a91f) Importer(2089858483,b0f066a214c2f5e87bad3c948f4d605d)
Start importing Assets/work/sound/Other/subtle_knock.wav using Guid(1c65ccbd3eaa18e4d9fa4d675061a91f) Importer(2089858483,b0f066a214c2f5e87bad3c948f4d605d) (ScriptedImporter) -> (artifact id: 'ddb59d6800af2e9b21d3bbe37451b9d8') in 0.0274333 seconds
Number of updated asset objects reloaded before import = 0Number of asset objects unloaded after import = 1

========================================================================
Received Import Request.
  Time since last request: 0.000021 seconds.
  path: Assets/work/sound/UI/sci_fi_deselect.wav
  artifactKey: Guid(99d2da01630e36d4e8ce858f2b0ff1bc) Importer(2089858483,b0f066a214c2f5e87bad3c948f4d605d)
Start importing Assets/work/sound/UI/sci_fi_deselect.wav using Guid(99d2da01630e36d4e8ce858f2b0ff1bc) Importer(2089858483,b0f066a214c2f5e87bad3c948f4d605d) (ScriptedImporter) -> (artifact id: '92025bfde3d30b5dba020e7e30d17022') in 0.0266677 seconds
Number of updated asset objects reloaded before import = 0Number of asset objects unloaded after import = 1

========================================================================
Received Import Request.
  Time since last request: 0.000036 seconds.
  path: Assets/work/sound/UI/click_double_on_2.wav
  artifactKey: Guid(8300191ea8f153446b5e02249af0e8c1) Importer(2089858483,b0f066a214c2f5e87bad3c948f4d605d)
Start importing Assets/work/sound/UI/click_double_on_2.wav using Guid(8300191ea8f153446b5e02249af0e8c1) Importer(2089858483,b0f066a214c2f5e87bad3c948f4d605d) (ScriptedImporter) -> (artifact id: '9040d00e2bc4fd7bda6a0c4652e58d46') in 0.0239648 seconds
Number of updated asset objects reloaded before import = 0Number of asset objects unloaded after import = 1

========================================================================
Received Import Request.
  Time since last request: 0.341578 seconds.
  path: Assets/work/animation/knife/knife.controller
  artifactKey: Guid(a1e8c7797da0a554aa8417b33b34df21) Importer(2089858483,b0f066a214c2f5e87bad3c948f4d605d)
Start importing Assets/work/animation/knife/knife.controller using Guid(a1e8c7797da0a554aa8417b33b34df21) Importer(2089858483,b0f066a214c2f5e87bad3c948f4d605d) (ScriptedImporter) -> (artifact id: '1327aea5941f8066c6db36deeffc8e77') in 0.0059403 seconds
Number of updated asset objects reloaded before import = 0Number of asset objects unloaded after import = 15

========================================================================
Received Import Request.
  Time since last request: 57.112513 seconds.
  path: Assets/work/animation/knife/knife.controller
  artifactKey: Guid(a1e8c7797da0a554aa8417b33b34df21) Importer(815301076,1909f56bfc062723c751e8b465ee728b)
Start importing Assets/work/animation/knife/knife.controller using Guid(a1e8c7797da0a554aa8417b33b34df21) Importer(815301076,1909f56bfc062723c751e8b465ee728b) (PreviewImporter) -> (artifact id: '99b4cee60a68e1b737361507768e4883') in 0.0024519 seconds
Number of updated asset objects reloaded before import = 0Number of asset objects unloaded after import = 15

========================================================================
Received Prepare
Begin MonoManager ReloadAssembly
[Licensing::Client] Successfully resolved entitlement details
- Loaded All Assemblies, in  1.084 seconds
Refreshing native plugins compatible for Editor in 0.97 ms, found 3 plugins.
Native extension for WindowsStandalone target not found
[Package Manager] Failed to launch server process. Reason: Unity was launched with the -noUpm command-line argument
[Package Manager] Unable to send message (not connected to server process).
[Package Manager] Cannot connect to Unity Package Manager local server
ScheduleIndexationOnStartup MainProcess:False IndexOnStartup:True
Mono: successfully reloaded assembly
- Finished resetting the current domain, in  1.020 seconds
Domain Reload Profiling: 2102ms
	BeginReloadAssembly (279ms)
		ExecutionOrderSort (0ms)
		DisableScriptedObjects (8ms)
		BackupInstance (0ms)
		ReleaseScriptingObjects (0ms)
		CreateAndSetChildDomain (65ms)
	RebuildCommonClasses (45ms)
	RebuildNativeTypeToScriptingClass (17ms)
	initialDomainReloadingComplete (35ms)
	LoadAllAssembliesAndSetupDomain (705ms)
		LoadAssemblies (482ms)
		RebuildTransferFunctionScriptingTraits (0ms)
		AnalyzeDomain (348ms)
			TypeCache.Refresh (12ms)
				TypeCache.ScanAssembly (0ms)
			BuildScriptInfoCaches (318ms)
			ResolveRequiredComponents (13ms)
	FinalizeReload (1020ms)
		ReleaseScriptCaches (0ms)
		RebuildScriptCaches (0ms)
		SetupLoadedEditorAssemblies (753ms)
			LogAssemblyErrors (0ms)
			InitializePlatformSupportModulesInManaged (14ms)
			SetLoadedEditorAssemblies (4ms)
			BeforeProcessingInitializeOnLoad (196ms)
			ProcessInitializeOnLoadAttributes (420ms)
			ProcessInitializeOnLoadMethodAttributes (109ms)
			AfterProcessingInitializeOnLoad (9ms)
			EditorAssembliesLoaded (0ms)
		ExecutionOrderSort2 (0ms)
		AwakeInstancesAfterBackupRestoration (22ms)
Refreshing native plugins compatible for Editor in 1.44 ms, found 3 plugins.
Preloading 0 native plugins for Editor in 0.00 ms.
Unloading 6 Unused Serialized files (Serialized files now loaded: 0)
Unloading 7339 unused Assets / (5.3 MB). Loaded Objects now: 8455.
Memory consumption went from 226.5 MB to 221.2 MB.
Total: 15.658500 ms (FindLiveObjects: 1.034800 ms CreateObjectMapping: 2.377400 ms MarkObjects: 7.916600 ms  DeleteObjects: 4.328600 ms)

Prepare: number of updated asset objects reloaded= 0
========================================================================
Received Prepare
Begin MonoManager ReloadAssembly
- Loaded All Assemblies, in  1.064 seconds
Refreshing native plugins compatible for Editor in 1.46 ms, found 3 plugins.
Native extension for WindowsStandalone target not found
[Package Manager] Failed to launch server process. Reason: Unity was launched with the -noUpm command-line argument
[Package Manager] Unable to send message (not connected to server process).
[Package Manager] Cannot connect to Unity Package Manager local server
ScheduleIndexationOnStartup MainProcess:False IndexOnStartup:True
Mono: successfully reloaded assembly
- Finished resetting the current domain, in  1.026 seconds
Domain Reload Profiling: 2088ms
	BeginReloadAssembly (272ms)
		ExecutionOrderSort (0ms)
		DisableScriptedObjects (8ms)
		BackupInstance (0ms)
		ReleaseScriptingObjects (0ms)
		CreateAndSetChildDomain (64ms)
	RebuildCommonClasses (45ms)
	RebuildNativeTypeToScriptingClass (18ms)
	initialDomainReloadingComplete (37ms)
	LoadAllAssembliesAndSetupDomain (690ms)
		LoadAssemblies (469ms)
		RebuildTransferFunctionScriptingTraits (0ms)
		AnalyzeDomain (342ms)
			TypeCache.Refresh (14ms)
				TypeCache.ScanAssembly (1ms)
			BuildScriptInfoCaches (309ms)
			ResolveRequiredComponents (14ms)
	FinalizeReload (1026ms)
		ReleaseScriptCaches (0ms)
		RebuildScriptCaches (0ms)
		SetupLoadedEditorAssemblies (761ms)
			LogAssemblyErrors (0ms)
			InitializePlatformSupportModulesInManaged (15ms)
			SetLoadedEditorAssemblies (4ms)
			BeforeProcessingInitializeOnLoad (204ms)
			ProcessInitializeOnLoadAttributes (443ms)
			ProcessInitializeOnLoadMethodAttributes (85ms)
			AfterProcessingInitializeOnLoad (9ms)
			EditorAssembliesLoaded (0ms)
		ExecutionOrderSort2 (0ms)
		AwakeInstancesAfterBackupRestoration (17ms)
Refreshing native plugins compatible for Editor in 0.97 ms, found 3 plugins.
Preloading 0 native plugins for Editor in 0.00 ms.
Unloading 6 Unused Serialized files (Serialized files now loaded: 0)
Unloading 7339 unused Assets / (5.1 MB). Loaded Objects now: 8458.
Memory consumption went from 226.6 MB to 221.5 MB.
Total: 11.829600 ms (FindLiveObjects: 1.069900 ms CreateObjectMapping: 1.456300 ms MarkObjects: 6.145000 ms  DeleteObjects: 3.157300 ms)

Prepare: number of updated asset objects reloaded= 0
========================================================================
Received Prepare
Begin MonoManager ReloadAssembly
- Loaded All Assemblies, in  1.068 seconds
Refreshing native plugins compatible for Editor in 1.04 ms, found 3 plugins.
Native extension for WindowsStandalone target not found
[Package Manager] Failed to launch server process. Reason: Unity was launched with the -noUpm command-line argument
[Package Manager] Unable to send message (not connected to server process).
[Package Manager] Cannot connect to Unity Package Manager local server
ScheduleIndexationOnStartup MainProcess:False IndexOnStartup:True
Mono: successfully reloaded assembly
- Finished resetting the current domain, in  1.021 seconds
Domain Reload Profiling: 2089ms
	BeginReloadAssembly (275ms)
		ExecutionOrderSort (0ms)
		DisableScriptedObjects (8ms)
		BackupInstance (0ms)
		ReleaseScriptingObjects (0ms)
		CreateAndSetChildDomain (67ms)
	RebuildCommonClasses (50ms)
	RebuildNativeTypeToScriptingClass (18ms)
	initialDomainReloadingComplete (45ms)
	LoadAllAssembliesAndSetupDomain (680ms)
		LoadAssemblies (453ms)
		RebuildTransferFunctionScriptingTraits (0ms)
		AnalyzeDomain (346ms)
			TypeCache.Refresh (11ms)
				TypeCache.ScanAssembly (0ms)
			BuildScriptInfoCaches (316ms)
			ResolveRequiredComponents (13ms)
	FinalizeReload (1022ms)
		ReleaseScriptCaches (0ms)
		RebuildScriptCaches (0ms)
		SetupLoadedEditorAssemblies (754ms)
			LogAssemblyErrors (0ms)
			InitializePlatformSupportModulesInManaged (15ms)
			SetLoadedEditorAssemblies (4ms)
			BeforeProcessingInitializeOnLoad (188ms)
			ProcessInitializeOnLoadAttributes (427ms)
			ProcessInitializeOnLoadMethodAttributes (109ms)
			AfterProcessingInitializeOnLoad (10ms)
			EditorAssembliesLoaded (0ms)
		ExecutionOrderSort2 (0ms)
		AwakeInstancesAfterBackupRestoration (21ms)
Refreshing native plugins compatible for Editor in 1.02 ms, found 3 plugins.
Preloading 0 native plugins for Editor in 0.00 ms.
Unloading 6 Unused Serialized files (Serialized files now loaded: 0)
Unloading 7339 unused Assets / (5.2 MB). Loaded Objects now: 8461.
Memory consumption went from 226.7 MB to 221.5 MB.
Total: 14.084200 ms (FindLiveObjects: 1.162400 ms CreateObjectMapping: 2.297100 ms MarkObjects: 6.426800 ms  DeleteObjects: 4.196600 ms)

Prepare: number of updated asset objects reloaded= 0
========================================================================
Received Prepare
Begin MonoManager ReloadAssembly
[Licensing::Client] Successfully resolved entitlement details
- Loaded All Assemblies, in  1.068 seconds
Refreshing native plugins compatible for Editor in 0.95 ms, found 3 plugins.
Native extension for WindowsStandalone target not found
[Package Manager] Failed to launch server process. Reason: Unity was launched with the -noUpm command-line argument
[Package Manager] Unable to send message (not connected to server process).
[Package Manager] Cannot connect to Unity Package Manager local server
ScheduleIndexationOnStartup MainProcess:False IndexOnStartup:True
Mono: successfully reloaded assembly
- Finished resetting the current domain, in  1.014 seconds
Domain Reload Profiling: 2081ms
	BeginReloadAssembly (273ms)
		ExecutionOrderSort (0ms)
		DisableScriptedObjects (7ms)
		BackupInstance (0ms)
		ReleaseScriptingObjects (0ms)
		CreateAndSetChildDomain (57ms)
	RebuildCommonClasses (50ms)
	RebuildNativeTypeToScriptingClass (18ms)
	initialDomainReloadingComplete (37ms)
	LoadAllAssembliesAndSetupDomain (688ms)
		LoadAssemblies (449ms)
		RebuildTransferFunctionScriptingTraits (0ms)
		AnalyzeDomain (358ms)
			TypeCache.Refresh (13ms)
				TypeCache.ScanAssembly (0ms)
			BuildScriptInfoCaches (321ms)
			ResolveRequiredComponents (17ms)
	FinalizeReload (1015ms)
		ReleaseScriptCaches (0ms)
		RebuildScriptCaches (0ms)
		SetupLoadedEditorAssemblies (761ms)
			LogAssemblyErrors (0ms)
			InitializePlatformSupportModulesInManaged (19ms)
			SetLoadedEditorAssemblies (6ms)
			BeforeProcessingInitializeOnLoad (189ms)
			ProcessInitializeOnLoadAttributes (453ms)
			ProcessInitializeOnLoadMethodAttributes (85ms)
			AfterProcessingInitializeOnLoad (9ms)
			EditorAssembliesLoaded (0ms)
		ExecutionOrderSort2 (0ms)
		AwakeInstancesAfterBackupRestoration (17ms)
Refreshing native plugins compatible for Editor in 1.21 ms, found 3 plugins.
Preloading 0 native plugins for Editor in 0.00 ms.
Unloading 6 Unused Serialized files (Serialized files now loaded: 0)
Unloading 7339 unused Assets / (4.8 MB). Loaded Objects now: 8464.
Memory consumption went from 226.8 MB to 222.0 MB.
Total: 11.046100 ms (FindLiveObjects: 0.979600 ms CreateObjectMapping: 1.641800 ms MarkObjects: 5.725900 ms  DeleteObjects: 2.697600 ms)

Prepare: number of updated asset objects reloaded= 0
========================================================================
Received Prepare
Begin MonoManager ReloadAssembly
[Licensing::Client] Successfully resolved entitlement details
- Loaded All Assemblies, in  1.092 seconds
Refreshing native plugins compatible for Editor in 0.94 ms, found 3 plugins.
Native extension for WindowsStandalone target not found
[Package Manager] Failed to launch server process. Reason: Unity was launched with the -noUpm command-line argument
[Package Manager] Unable to send message (not connected to server process).
[Package Manager] Cannot connect to Unity Package Manager local server
ScheduleIndexationOnStartup MainProcess:False IndexOnStartup:True
Mono: successfully reloaded assembly
- Finished resetting the current domain, in  0.963 seconds
Domain Reload Profiling: 2054ms
	BeginReloadAssembly (305ms)
		ExecutionOrderSort (0ms)
		DisableScriptedObjects (10ms)
		BackupInstance (0ms)
		ReleaseScriptingObjects (0ms)
		CreateAndSetChildDomain (72ms)
	RebuildCommonClasses (48ms)
	RebuildNativeTypeToScriptingClass (18ms)
	initialDomainReloadingComplete (36ms)
	LoadAllAssembliesAndSetupDomain (683ms)
		LoadAssemblies (464ms)
		RebuildTransferFunctionScriptingTraits (0ms)
		AnalyzeDomain (344ms)
			TypeCache.Refresh (14ms)
				TypeCache.ScanAssembly (0ms)
			BuildScriptInfoCaches (311ms)
			ResolveRequiredComponents (14ms)
	FinalizeReload (964ms)
		ReleaseScriptCaches (0ms)
		RebuildScriptCaches (0ms)
		SetupLoadedEditorAssemblies (714ms)
			LogAssemblyErrors (0ms)
			InitializePlatformSupportModulesInManaged (14ms)
			SetLoadedEditorAssemblies (4ms)
			BeforeProcessingInitializeOnLoad (188ms)
			ProcessInitializeOnLoadAttributes (414ms)
			ProcessInitializeOnLoadMethodAttributes (84ms)
			AfterProcessingInitializeOnLoad (10ms)
			EditorAssembliesLoaded (0ms)
		ExecutionOrderSort2 (0ms)
		AwakeInstancesAfterBackupRestoration (21ms)
Refreshing native plugins compatible for Editor in 1.04 ms, found 3 plugins.
Preloading 0 native plugins for Editor in 0.00 ms.
Unloading 6 Unused Serialized files (Serialized files now loaded: 0)
Unloading 7339 unused Assets / (4.9 MB). Loaded Objects now: 8467.
Memory consumption went from 226.9 MB to 221.9 MB.
Total: 11.061000 ms (FindLiveObjects: 0.893500 ms CreateObjectMapping: 1.510000 ms MarkObjects: 5.772100 ms  DeleteObjects: 2.884100 ms)

Prepare: number of updated asset objects reloaded= 0
========================================================================
Received Prepare
Begin MonoManager ReloadAssembly
- Loaded All Assemblies, in  1.094 seconds
Refreshing native plugins compatible for Editor in 1.18 ms, found 3 plugins.
Native extension for WindowsStandalone target not found
[Package Manager] Failed to launch server process. Reason: Unity was launched with the -noUpm command-line argument
[Package Manager] Unable to send message (not connected to server process).
[Package Manager] Cannot connect to Unity Package Manager local server
ScheduleIndexationOnStartup MainProcess:False IndexOnStartup:True
Mono: successfully reloaded assembly
- Finished resetting the current domain, in  1.031 seconds
Domain Reload Profiling: 2125ms
	BeginReloadAssembly (277ms)
		ExecutionOrderSort (0ms)
		DisableScriptedObjects (11ms)
		BackupInstance (0ms)
		ReleaseScriptingObjects (0ms)
		CreateAndSetChildDomain (60ms)
	RebuildCommonClasses (43ms)
	RebuildNativeTypeToScriptingClass (18ms)
	initialDomainReloadingComplete (36ms)
	LoadAllAssembliesAndSetupDomain (719ms)
		LoadAssemblies (470ms)
		RebuildTransferFunctionScriptingTraits (0ms)
		AnalyzeDomain (375ms)
			TypeCache.Refresh (12ms)
				TypeCache.ScanAssembly (0ms)
			BuildScriptInfoCaches (340ms)
			ResolveRequiredComponents (16ms)
	FinalizeReload (1032ms)
		ReleaseScriptCaches (0ms)
		RebuildScriptCaches (0ms)
		SetupLoadedEditorAssemblies (770ms)
			LogAssemblyErrors (0ms)
			InitializePlatformSupportModulesInManaged (14ms)
			SetLoadedEditorAssemblies (4ms)
			BeforeProcessingInitializeOnLoad (194ms)
			ProcessInitializeOnLoadAttributes (446ms)
			ProcessInitializeOnLoadMethodAttributes (103ms)
			AfterProcessingInitializeOnLoad (9ms)
			EditorAssembliesLoaded (0ms)
		ExecutionOrderSort2 (0ms)
		AwakeInstancesAfterBackupRestoration (21ms)
Refreshing native plugins compatible for Editor in 1.54 ms, found 3 plugins.
Preloading 0 native plugins for Editor in 0.00 ms.
Unloading 6 Unused Serialized files (Serialized files now loaded: 0)
Unloading 7339 unused Assets / (5.1 MB). Loaded Objects now: 8470.
Memory consumption went from 227.0 MB to 221.9 MB.
Total: 14.517200 ms (FindLiveObjects: 1.184500 ms CreateObjectMapping: 1.969100 ms MarkObjects: 7.825700 ms  DeleteObjects: 3.537000 ms)

Prepare: number of updated asset objects reloaded= 0
========================================================================
Received Prepare
Refreshing native plugins compatible for Editor in 1.30 ms, found 3 plugins.
Preloading 0 native plugins for Editor in 0.00 ms.
Unloading 6 Unused Serialized files (Serialized files now loaded: 0)
Unloading 7333 unused Assets / (5.0 MB). Loaded Objects now: 8470.
Memory consumption went from 227.2 MB to 222.2 MB.
Total: 15.351600 ms (FindLiveObjects: 1.020300 ms CreateObjectMapping: 1.915800 ms MarkObjects: 9.409500 ms  DeleteObjects: 3.004100 ms)

Prepare: number of updated asset objects reloaded= 0
========================================================================
Received Prepare
Begin MonoManager ReloadAssembly
- Loaded All Assemblies, in  1.058 seconds
Refreshing native plugins compatible for Editor in 1.00 ms, found 3 plugins.
Native extension for WindowsStandalone target not found
[Package Manager] Failed to launch server process. Reason: Unity was launched with the -noUpm command-line argument
[Package Manager] Unable to send message (not connected to server process).
[Package Manager] Cannot connect to Unity Package Manager local server
ScheduleIndexationOnStartup MainProcess:False IndexOnStartup:True
Mono: successfully reloaded assembly
- Finished resetting the current domain, in  0.994 seconds
Domain Reload Profiling: 2051ms
	BeginReloadAssembly (286ms)
		ExecutionOrderSort (0ms)
		DisableScriptedObjects (8ms)
		BackupInstance (0ms)
		ReleaseScriptingObjects (0ms)
		CreateAndSetChildDomain (69ms)
	RebuildCommonClasses (45ms)
	RebuildNativeTypeToScriptingClass (18ms)
	initialDomainReloadingComplete (38ms)
	LoadAllAssembliesAndSetupDomain (670ms)
		LoadAssemblies (453ms)
		RebuildTransferFunctionScriptingTraits (0ms)
		AnalyzeDomain (343ms)
			TypeCache.Refresh (13ms)
				TypeCache.ScanAssembly (0ms)
			BuildScriptInfoCaches (310ms)
			ResolveRequiredComponents (14ms)
	FinalizeReload (995ms)
		ReleaseScriptCaches (0ms)
		RebuildScriptCaches (0ms)
		SetupLoadedEditorAssemblies (750ms)
			LogAssemblyErrors (0ms)
			InitializePlatformSupportModulesInManaged (14ms)
			SetLoadedEditorAssemblies (4ms)
			BeforeProcessingInitializeOnLoad (195ms)
			ProcessInitializeOnLoadAttributes (420ms)
			ProcessInitializeOnLoadMethodAttributes (106ms)
			AfterProcessingInitializeOnLoad (11ms)
			EditorAssembliesLoaded (0ms)
		ExecutionOrderSort2 (0ms)
		AwakeInstancesAfterBackupRestoration (18ms)
Refreshing native plugins compatible for Editor in 1.07 ms, found 3 plugins.
Preloading 0 native plugins for Editor in 0.00 ms.
Unloading 6 Unused Serialized files (Serialized files now loaded: 0)
Unloading 7339 unused Assets / (5.2 MB). Loaded Objects now: 8473.
Memory consumption went from 227.1 MB to 221.9 MB.
Total: 11.949000 ms (FindLiveObjects: 0.983100 ms CreateObjectMapping: 1.765600 ms MarkObjects: 5.734200 ms  DeleteObjects: 3.465100 ms)

Prepare: number of updated asset objects reloaded= 0
========================================================================
Received Prepare
Begin MonoManager ReloadAssembly
[Licensing::Client] Successfully resolved entitlement details
- Loaded All Assemblies, in  1.087 seconds
Refreshing native plugins compatible for Editor in 0.96 ms, found 3 plugins.
Native extension for WindowsStandalone target not found
[Package Manager] Failed to launch server process. Reason: Unity was launched with the -noUpm command-line argument
[Package Manager] Unable to send message (not connected to server process).
[Package Manager] Cannot connect to Unity Package Manager local server
ScheduleIndexationOnStartup MainProcess:False IndexOnStartup:True
Mono: successfully reloaded assembly
- Finished resetting the current domain, in  1.185 seconds
Domain Reload Profiling: 2271ms
	BeginReloadAssembly (267ms)
		ExecutionOrderSort (0ms)
		DisableScriptedObjects (8ms)
		BackupInstance (0ms)
		ReleaseScriptingObjects (0ms)
		CreateAndSetChildDomain (57ms)
	RebuildCommonClasses (49ms)
	RebuildNativeTypeToScriptingClass (18ms)
	initialDomainReloadingComplete (39ms)
	LoadAllAssembliesAndSetupDomain (713ms)
		LoadAssemblies (437ms)
		RebuildTransferFunctionScriptingTraits (0ms)
		AnalyzeDomain (393ms)
			TypeCache.Refresh (14ms)
				TypeCache.ScanAssembly (0ms)
			BuildScriptInfoCaches (359ms)
			ResolveRequiredComponents (15ms)
	FinalizeReload (1185ms)
		ReleaseScriptCaches (0ms)
		RebuildScriptCaches (0ms)
		SetupLoadedEditorAssemblies (860ms)
			LogAssemblyErrors (0ms)
			InitializePlatformSupportModulesInManaged (19ms)
			SetLoadedEditorAssemblies (6ms)
			BeforeProcessingInitializeOnLoad (276ms)
			ProcessInitializeOnLoadAttributes (459ms)
			ProcessInitializeOnLoadMethodAttributes (89ms)
			AfterProcessingInitializeOnLoad (9ms)
			EditorAssembliesLoaded (0ms)
		ExecutionOrderSort2 (0ms)
		AwakeInstancesAfterBackupRestoration (19ms)
Refreshing native plugins compatible for Editor in 1.13 ms, found 3 plugins.
Preloading 0 native plugins for Editor in 0.00 ms.
Unloading 6 Unused Serialized files (Serialized files now loaded: 0)
Unloading 7339 unused Assets / (5.2 MB). Loaded Objects now: 8476.
Memory consumption went from 227.2 MB to 222.0 MB.
Total: 13.240200 ms (FindLiveObjects: 1.492200 ms CreateObjectMapping: 2.006700 ms MarkObjects: 5.718400 ms  DeleteObjects: 4.021700 ms)

Prepare: number of updated asset objects reloaded= 0
========================================================================
Received Prepare
Begin MonoManager ReloadAssembly
- Loaded All Assemblies, in  1.112 seconds
Refreshing native plugins compatible for Editor in 1.17 ms, found 3 plugins.
Native extension for WindowsStandalone target not found
[Package Manager] Failed to launch server process. Reason: Unity was launched with the -noUpm command-line argument
[Package Manager] Unable to send message (not connected to server process).
[Package Manager] Cannot connect to Unity Package Manager local server
ScheduleIndexationOnStartup MainProcess:False IndexOnStartup:True
Mono: successfully reloaded assembly
- Finished resetting the current domain, in  1.030 seconds
Domain Reload Profiling: 2140ms
	BeginReloadAssembly (286ms)
		ExecutionOrderSort (0ms)
		DisableScriptedObjects (8ms)
		BackupInstance (0ms)
		ReleaseScriptingObjects (0ms)
		CreateAndSetChildDomain (62ms)
	RebuildCommonClasses (57ms)
	RebuildNativeTypeToScriptingClass (20ms)
	initialDomainReloadingComplete (40ms)
	LoadAllAssembliesAndSetupDomain (707ms)
		LoadAssemblies (468ms)
		RebuildTransferFunctionScriptingTraits (0ms)
		AnalyzeDomain (362ms)
			TypeCache.Refresh (12ms)
				TypeCache.ScanAssembly (0ms)
			BuildScriptInfoCaches (331ms)
			ResolveRequiredComponents (15ms)
	FinalizeReload (1030ms)
		ReleaseScriptCaches (0ms)
		RebuildScriptCaches (0ms)
		SetupLoadedEditorAssemblies (771ms)
			LogAssemblyErrors (0ms)
			InitializePlatformSupportModulesInManaged (14ms)
			SetLoadedEditorAssemblies (6ms)
			BeforeProcessingInitializeOnLoad (205ms)
			ProcessInitializeOnLoadAttributes (439ms)
			ProcessInitializeOnLoadMethodAttributes (97ms)
			AfterProcessingInitializeOnLoad (9ms)
			EditorAssembliesLoaded (0ms)
		ExecutionOrderSort2 (0ms)
		AwakeInstancesAfterBackupRestoration (19ms)
Refreshing native plugins compatible for Editor in 1.37 ms, found 3 plugins.
Preloading 0 native plugins for Editor in 0.00 ms.
Unloading 6 Unused Serialized files (Serialized files now loaded: 0)
Unloading 7339 unused Assets / (5.1 MB). Loaded Objects now: 8479.
Memory consumption went from 227.3 MB to 222.1 MB.
Total: 14.926500 ms (FindLiveObjects: 0.949900 ms CreateObjectMapping: 1.849200 ms MarkObjects: 8.040000 ms  DeleteObjects: 4.086300 ms)

Prepare: number of updated asset objects reloaded= 0
========================================================================
Received Prepare
Begin MonoManager ReloadAssembly
- Loaded All Assemblies, in  1.200 seconds
Refreshing native plugins compatible for Editor in 1.14 ms, found 3 plugins.
Native extension for WindowsStandalone target not found
[Package Manager] Failed to launch server process. Reason: Unity was launched with the -noUpm command-line argument
[Package Manager] Unable to send message (not connected to server process).
[Package Manager] Cannot connect to Unity Package Manager local server
ScheduleIndexationOnStartup MainProcess:False IndexOnStartup:True
Mono: successfully reloaded assembly
- Finished resetting the current domain, in  1.075 seconds
Domain Reload Profiling: 2273ms
	BeginReloadAssembly (275ms)
		ExecutionOrderSort (0ms)
		DisableScriptedObjects (9ms)
		BackupInstance (0ms)
		ReleaseScriptingObjects (0ms)
		CreateAndSetChildDomain (59ms)
	RebuildCommonClasses (54ms)
	RebuildNativeTypeToScriptingClass (18ms)
	initialDomainReloadingComplete (38ms)
	LoadAllAssembliesAndSetupDomain (811ms)
		LoadAssemblies (548ms)
		RebuildTransferFunctionScriptingTraits (0ms)
		AnalyzeDomain (386ms)
			TypeCache.Refresh (17ms)
				TypeCache.ScanAssembly (1ms)
			BuildScriptInfoCaches (349ms)
			ResolveRequiredComponents (14ms)
	FinalizeReload (1076ms)
		ReleaseScriptCaches (0ms)
		RebuildScriptCaches (0ms)
		SetupLoadedEditorAssemblies (813ms)
			LogAssemblyErrors (0ms)
			InitializePlatformSupportModulesInManaged (18ms)
			SetLoadedEditorAssemblies (6ms)
			BeforeProcessingInitializeOnLoad (210ms)
			ProcessInitializeOnLoadAttributes (472ms)
			ProcessInitializeOnLoadMethodAttributes (99ms)
			AfterProcessingInitializeOnLoad (9ms)
			EditorAssembliesLoaded (0ms)
		ExecutionOrderSort2 (0ms)
		AwakeInstancesAfterBackupRestoration (18ms)
Refreshing native plugins compatible for Editor in 1.02 ms, found 3 plugins.
Preloading 0 native plugins for Editor in 0.00 ms.
Unloading 6 Unused Serialized files (Serialized files now loaded: 0)
Unloading 7339 unused Assets / (5.0 MB). Loaded Objects now: 8482.
Memory consumption went from 227.4 MB to 222.4 MB.
Total: 10.964800 ms (FindLiveObjects: 0.915200 ms CreateObjectMapping: 1.473700 ms MarkObjects: 5.850400 ms  DeleteObjects: 2.724600 ms)

Prepare: number of updated asset objects reloaded= 0
========================================================================
Received Prepare
Begin MonoManager ReloadAssembly
- Loaded All Assemblies, in  1.093 seconds
Refreshing native plugins compatible for Editor in 1.03 ms, found 3 plugins.
Native extension for WindowsStandalone target not found
[Package Manager] Failed to launch server process. Reason: Unity was launched with the -noUpm command-line argument
[Package Manager] Unable to send message (not connected to server process).
[Package Manager] Cannot connect to Unity Package Manager local server
ScheduleIndexationOnStartup MainProcess:False IndexOnStartup:True
Mono: successfully reloaded assembly
- Finished resetting the current domain, in  1.019 seconds
Domain Reload Profiling: 2110ms
	BeginReloadAssembly (278ms)
		ExecutionOrderSort (0ms)
		DisableScriptedObjects (9ms)
		BackupInstance (0ms)
		ReleaseScriptingObjects (0ms)
		CreateAndSetChildDomain (63ms)
	RebuildCommonClasses (52ms)
	RebuildNativeTypeToScriptingClass (18ms)
	initialDomainReloadingComplete (38ms)
	LoadAllAssembliesAndSetupDomain (706ms)
		LoadAssemblies (455ms)
		RebuildTransferFunctionScriptingTraits (0ms)
		AnalyzeDomain (369ms)
			TypeCache.Refresh (14ms)
				TypeCache.ScanAssembly (0ms)
			BuildScriptInfoCaches (337ms)
			ResolveRequiredComponents (14ms)
	FinalizeReload (1020ms)
		ReleaseScriptCaches (0ms)
		RebuildScriptCaches (0ms)
		SetupLoadedEditorAssemblies (768ms)
			LogAssemblyErrors (0ms)
			InitializePlatformSupportModulesInManaged (15ms)
			SetLoadedEditorAssemblies (4ms)
			BeforeProcessingInitializeOnLoad (207ms)
			ProcessInitializeOnLoadAttributes (431ms)
			ProcessInitializeOnLoadMethodAttributes (100ms)
			AfterProcessingInitializeOnLoad (10ms)
			EditorAssembliesLoaded (0ms)
		ExecutionOrderSort2 (0ms)
		AwakeInstancesAfterBackupRestoration (22ms)
Refreshing native plugins compatible for Editor in 1.13 ms, found 3 plugins.
Preloading 0 native plugins for Editor in 0.00 ms.
Unloading 6 Unused Serialized files (Serialized files now loaded: 0)
Unloading 7339 unused Assets / (5.7 MB). Loaded Objects now: 8485.
Memory consumption went from 227.5 MB to 221.8 MB.
Total: 16.020800 ms (FindLiveObjects: 1.030600 ms CreateObjectMapping: 1.702000 ms MarkObjects: 7.960800 ms  DeleteObjects: 5.325700 ms)

Prepare: number of updated asset objects reloaded= 0
========================================================================
Received Import Request.
  Time since last request: 547.128169 seconds.
  path: Assets/work/animation/knife/knife.controller
  artifactKey: Guid(a1e8c7797da0a554aa8417b33b34df21) Importer(815301076,1909f56bfc062723c751e8b465ee728b)
Start importing Assets/work/animation/knife/knife.controller using Guid(a1e8c7797da0a554aa8417b33b34df21) Importer(815301076,1909f56bfc062723c751e8b465ee728b) (PreviewImporter) -> (artifact id: '6d9aedf50f174463217a66686468183e') in 0.1596547 seconds
Number of updated asset objects reloaded before import = 0Number of asset objects unloaded after import = 20

========================================================================
Received Prepare
Begin MonoManager ReloadAssembly
[Licensing::Client] Successfully resolved entitlement details
- Loaded All Assemblies, in  1.118 seconds
Refreshing native plugins compatible for Editor in 0.95 ms, found 3 plugins.
Native extension for WindowsStandalone target not found
[Package Manager] Failed to launch server process. Reason: Unity was launched with the -noUpm command-line argument
[Package Manager] Unable to send message (not connected to server process).
[Package Manager] Cannot connect to Unity Package Manager local server
ScheduleIndexationOnStartup MainProcess:False IndexOnStartup:True
Mono: successfully reloaded assembly
- Finished resetting the current domain, in  0.981 seconds
Domain Reload Profiling: 2098ms
	BeginReloadAssembly (295ms)
		ExecutionOrderSort (0ms)
		DisableScriptedObjects (8ms)
		BackupInstance (0ms)
		ReleaseScriptingObjects (0ms)
		CreateAndSetChildDomain (71ms)
	RebuildCommonClasses (47ms)
	RebuildNativeTypeToScriptingClass (20ms)
	initialDomainReloadingComplete (52ms)
	LoadAllAssembliesAndSetupDomain (703ms)
		LoadAssemblies (475ms)
		RebuildTransferFunctionScriptingTraits (0ms)
		AnalyzeDomain (359ms)
			TypeCache.Refresh (13ms)
				TypeCache.ScanAssembly (0ms)
			BuildScriptInfoCaches (323ms)
			ResolveRequiredComponents (18ms)
	FinalizeReload (982ms)
		ReleaseScriptCaches (0ms)
		RebuildScriptCaches (0ms)
		SetupLoadedEditorAssemblies (732ms)
			LogAssemblyErrors (0ms)
			InitializePlatformSupportModulesInManaged (14ms)
			SetLoadedEditorAssemblies (4ms)
			BeforeProcessingInitializeOnLoad (192ms)
			ProcessInitializeOnLoadAttributes (423ms)
			ProcessInitializeOnLoadMethodAttributes (89ms)
			AfterProcessingInitializeOnLoad (9ms)
			EditorAssembliesLoaded (0ms)
		ExecutionOrderSort2 (0ms)
		AwakeInstancesAfterBackupRestoration (18ms)
Refreshing native plugins compatible for Editor in 0.99 ms, found 3 plugins.
Preloading 0 native plugins for Editor in 0.00 ms.
Unloading 6 Unused Serialized files (Serialized files now loaded: 0)
Unloading 7339 unused Assets / (4.8 MB). Loaded Objects now: 8488.
Memory consumption went from 227.6 MB to 222.8 MB.
Total: 11.173700 ms (FindLiveObjects: 1.042700 ms CreateObjectMapping: 1.565200 ms MarkObjects: 5.858000 ms  DeleteObjects: 2.705900 ms)

Prepare: number of updated asset objects reloaded= 0
========================================================================
Received Prepare
Begin MonoManager ReloadAssembly
- Loaded All Assemblies, in  1.066 seconds
Refreshing native plugins compatible for Editor in 0.95 ms, found 3 plugins.
Native extension for WindowsStandalone target not found
[Package Manager] Failed to launch server process. Reason: Unity was launched with the -noUpm command-line argument
[Package Manager] Unable to send message (not connected to server process).
[Package Manager] Cannot connect to Unity Package Manager local server
ScheduleIndexationOnStartup MainProcess:False IndexOnStartup:True
Mono: successfully reloaded assembly
- Finished resetting the current domain, in  1.005 seconds
Domain Reload Profiling: 2069ms
	BeginReloadAssembly (276ms)
		ExecutionOrderSort (0ms)
		DisableScriptedObjects (8ms)
		BackupInstance (0ms)
		ReleaseScriptingObjects (0ms)
		CreateAndSetChildDomain (67ms)
	RebuildCommonClasses (45ms)
	RebuildNativeTypeToScriptingClass (17ms)
	initialDomainReloadingComplete (37ms)
	LoadAllAssembliesAndSetupDomain (688ms)
		LoadAssemblies (460ms)
		RebuildTransferFunctionScriptingTraits (0ms)
		AnalyzeDomain (348ms)
			TypeCache.Refresh (10ms)
				TypeCache.ScanAssembly (0ms)
			BuildScriptInfoCaches (318ms)
			ResolveRequiredComponents (14ms)
	FinalizeReload (1005ms)
		ReleaseScriptCaches (0ms)
		RebuildScriptCaches (0ms)
		SetupLoadedEditorAssemblies (750ms)
			LogAssemblyErrors (0ms)
			InitializePlatformSupportModulesInManaged (14ms)
			SetLoadedEditorAssemblies (4ms)
			BeforeProcessingInitializeOnLoad (193ms)
			ProcessInitializeOnLoadAttributes (432ms)
			ProcessInitializeOnLoadMethodAttributes (97ms)
			AfterProcessingInitializeOnLoad (9ms)
			EditorAssembliesLoaded (0ms)
		ExecutionOrderSort2 (0ms)
		AwakeInstancesAfterBackupRestoration (19ms)
Refreshing native plugins compatible for Editor in 1.27 ms, found 3 plugins.
Preloading 0 native plugins for Editor in 0.00 ms.
Unloading 6 Unused Serialized files (Serialized files now loaded: 0)
Unloading 7339 unused Assets / (5.2 MB). Loaded Objects now: 8491.
Memory consumption went from 227.7 MB to 222.5 MB.
Total: 12.802900 ms (FindLiveObjects: 0.949000 ms CreateObjectMapping: 1.983300 ms MarkObjects: 6.299800 ms  DeleteObjects: 3.569600 ms)

Prepare: number of updated asset objects reloaded= 0
========================================================================
Received Prepare
Begin MonoManager ReloadAssembly
- Loaded All Assemblies, in  1.074 seconds
Refreshing native plugins compatible for Editor in 1.02 ms, found 3 plugins.
Native extension for WindowsStandalone target not found
[Package Manager] Failed to launch server process. Reason: Unity was launched with the -noUpm command-line argument
[Package Manager] Unable to send message (not connected to server process).
[Package Manager] Cannot connect to Unity Package Manager local server
ScheduleIndexationOnStartup MainProcess:False IndexOnStartup:True
Mono: successfully reloaded assembly
- Finished resetting the current domain, in  0.995 seconds
Domain Reload Profiling: 2067ms
	BeginReloadAssembly (277ms)
		ExecutionOrderSort (0ms)
		DisableScriptedObjects (8ms)
		BackupInstance (0ms)
		ReleaseScriptingObjects (0ms)
		CreateAndSetChildDomain (68ms)
	RebuildCommonClasses (45ms)
	RebuildNativeTypeToScriptingClass (17ms)
	initialDomainReloadingComplete (36ms)
	LoadAllAssembliesAndSetupDomain (696ms)
		LoadAssemblies (461ms)
		RebuildTransferFunctionScriptingTraits (0ms)
		AnalyzeDomain (351ms)
			TypeCache.Refresh (15ms)
				TypeCache.ScanAssembly (0ms)
			BuildScriptInfoCaches (317ms)
			ResolveRequiredComponents (14ms)
	FinalizeReload (996ms)
		ReleaseScriptCaches (0ms)
		RebuildScriptCaches (0ms)
		SetupLoadedEditorAssemblies (743ms)
			LogAssemblyErrors (0ms)
			InitializePlatformSupportModulesInManaged (14ms)
			SetLoadedEditorAssemblies (4ms)
			BeforeProcessingInitializeOnLoad (191ms)
			ProcessInitializeOnLoadAttributes (439ms)
			ProcessInitializeOnLoadMethodAttributes (86ms)
			AfterProcessingInitializeOnLoad (9ms)
			EditorAssembliesLoaded (0ms)
		ExecutionOrderSort2 (0ms)
		AwakeInstancesAfterBackupRestoration (17ms)
Refreshing native plugins compatible for Editor in 1.00 ms, found 3 plugins.
Preloading 0 native plugins for Editor in 0.00 ms.
Unloading 6 Unused Serialized files (Serialized files now loaded: 0)
Unloading 7339 unused Assets / (5.0 MB). Loaded Objects now: 8494.
Memory consumption went from 227.8 MB to 222.8 MB.
Total: 10.632200 ms (FindLiveObjects: 0.875400 ms CreateObjectMapping: 1.521100 ms MarkObjects: 5.474000 ms  DeleteObjects: 2.760200 ms)

Prepare: number of updated asset objects reloaded= 0
========================================================================
Received Prepare
Begin MonoManager ReloadAssembly
[Licensing::Client] Successfully resolved entitlement details
- Loaded All Assemblies, in  1.057 seconds
Refreshing native plugins compatible for Editor in 1.01 ms, found 3 plugins.
Native extension for WindowsStandalone target not found
[Package Manager] Failed to launch server process. Reason: Unity was launched with the -noUpm command-line argument
[Package Manager] Unable to send message (not connected to server process).
[Package Manager] Cannot connect to Unity Package Manager local server
ScheduleIndexationOnStartup MainProcess:False IndexOnStartup:True
Mono: successfully reloaded assembly
- Finished resetting the current domain, in  1.030 seconds
Domain Reload Profiling: 2083ms
	BeginReloadAssembly (280ms)
		ExecutionOrderSort (0ms)
		DisableScriptedObjects (9ms)
		BackupInstance (0ms)
		ReleaseScriptingObjects (0ms)
		CreateAndSetChildDomain (62ms)
	RebuildCommonClasses (55ms)
	RebuildNativeTypeToScriptingClass (18ms)
	initialDomainReloadingComplete (36ms)
	LoadAllAssembliesAndSetupDomain (663ms)
		LoadAssemblies (451ms)
		RebuildTransferFunctionScriptingTraits (0ms)
		AnalyzeDomain (331ms)
			TypeCache.Refresh (11ms)
				TypeCache.ScanAssembly (0ms)
			BuildScriptInfoCaches (300ms)
			ResolveRequiredComponents (14ms)
	FinalizeReload (1030ms)
		ReleaseScriptCaches (0ms)
		RebuildScriptCaches (0ms)
		SetupLoadedEditorAssemblies (769ms)
			LogAssemblyErrors (0ms)
			InitializePlatformSupportModulesInManaged (17ms)
			SetLoadedEditorAssemblies (4ms)
			BeforeProcessingInitializeOnLoad (194ms)
			ProcessInitializeOnLoadAttributes (442ms)
			ProcessInitializeOnLoadMethodAttributes (101ms)
			AfterProcessingInitializeOnLoad (11ms)
			EditorAssembliesLoaded (0ms)
		ExecutionOrderSort2 (0ms)
		AwakeInstancesAfterBackupRestoration (24ms)
Refreshing native plugins compatible for Editor in 1.23 ms, found 3 plugins.
Preloading 0 native plugins for Editor in 0.00 ms.
Unloading 6 Unused Serialized files (Serialized files now loaded: 0)
Unloading 7339 unused Assets / (5.4 MB). Loaded Objects now: 8497.
Memory consumption went from 227.9 MB to 222.4 MB.
Total: 15.676300 ms (FindLiveObjects: 1.086600 ms CreateObjectMapping: 1.969200 ms MarkObjects: 8.405400 ms  DeleteObjects: 4.213500 ms)

Prepare: number of updated asset objects reloaded= 0
========================================================================
Received Prepare
Refreshing native plugins compatible for Editor in 1.10 ms, found 3 plugins.
Preloading 0 native plugins for Editor in 0.00 ms.
Unloading 6 Unused Serialized files (Serialized files now loaded: 0)
Unloading 7333 unused Assets / (5.1 MB). Loaded Objects now: 8497.
Memory consumption went from 228.1 MB to 223.0 MB.
Total: 16.955400 ms (FindLiveObjects: 1.473100 ms CreateObjectMapping: 2.179200 ms MarkObjects: 8.755600 ms  DeleteObjects: 4.546300 ms)

Prepare: number of updated asset objects reloaded= 0
========================================================================
Received Prepare
Begin MonoManager ReloadAssembly
[Licensing::Client] Successfully resolved entitlement details
- Loaded All Assemblies, in  1.120 seconds
Refreshing native plugins compatible for Editor in 1.03 ms, found 3 plugins.
Native extension for WindowsStandalone target not found
[Package Manager] Failed to launch server process. Reason: Unity was launched with the -noUpm command-line argument
[Package Manager] Unable to send message (not connected to server process).
[Package Manager] Cannot connect to Unity Package Manager local server
ScheduleIndexationOnStartup MainProcess:False IndexOnStartup:True
Mono: successfully reloaded assembly
- Finished resetting the current domain, in  1.038 seconds
Domain Reload Profiling: 2157ms
	BeginReloadAssembly (304ms)
		ExecutionOrderSort (0ms)
		DisableScriptedObjects (8ms)
		BackupInstance (0ms)
		ReleaseScriptingObjects (0ms)
		CreateAndSetChildDomain (64ms)
	RebuildCommonClasses (47ms)
	RebuildNativeTypeToScriptingClass (18ms)
	initialDomainReloadingComplete (37ms)
	LoadAllAssembliesAndSetupDomain (713ms)
		LoadAssemblies (463ms)
		RebuildTransferFunctionScriptingTraits (0ms)
		AnalyzeDomain (385ms)
			TypeCache.Refresh (13ms)
				TypeCache.ScanAssembly (0ms)
			BuildScriptInfoCaches (349ms)
			ResolveRequiredComponents (16ms)
	FinalizeReload (1038ms)
		ReleaseScriptCaches (0ms)
		RebuildScriptCaches (0ms)
		SetupLoadedEditorAssemblies (778ms)
			LogAssemblyErrors (0ms)
			InitializePlatformSupportModulesInManaged (15ms)
			SetLoadedEditorAssemblies (5ms)
			BeforeProcessingInitializeOnLoad (203ms)
			ProcessInitializeOnLoadAttributes (437ms)
			ProcessInitializeOnLoadMethodAttributes (106ms)
			AfterProcessingInitializeOnLoad (10ms)
			EditorAssembliesLoaded (0ms)
		ExecutionOrderSort2 (0ms)
		AwakeInstancesAfterBackupRestoration (18ms)
Refreshing native plugins compatible for Editor in 1.02 ms, found 3 plugins.
Preloading 0 native plugins for Editor in 0.00 ms.
Unloading 6 Unused Serialized files (Serialized files now loaded: 0)
Unloading 7339 unused Assets / (5.0 MB). Loaded Objects now: 8500.
Memory consumption went from 228.0 MB to 223.0 MB.
Total: 10.697700 ms (FindLiveObjects: 1.018100 ms CreateObjectMapping: 1.426300 ms MarkObjects: 5.428100 ms  DeleteObjects: 2.823900 ms)

Prepare: number of updated asset objects reloaded= 0
========================================================================
Received Prepare
Begin MonoManager ReloadAssembly
- Loaded All Assemblies, in  1.071 seconds
Refreshing native plugins compatible for Editor in 0.96 ms, found 3 plugins.
Native extension for WindowsStandalone target not found
[Package Manager] Failed to launch server process. Reason: Unity was launched with the -noUpm command-line argument
[Package Manager] Unable to send message (not connected to server process).
[Package Manager] Cannot connect to Unity Package Manager local server
ScheduleIndexationOnStartup MainProcess:False IndexOnStartup:True
Mono: successfully reloaded assembly
- Finished resetting the current domain, in  1.004 seconds
Domain Reload Profiling: 2073ms
	BeginReloadAssembly (275ms)
		ExecutionOrderSort (0ms)
		DisableScriptedObjects (8ms)
		BackupInstance (0ms)
		ReleaseScriptingObjects (0ms)
		CreateAndSetChildDomain (63ms)
	RebuildCommonClasses (55ms)
	RebuildNativeTypeToScriptingClass (24ms)
	initialDomainReloadingComplete (37ms)
	LoadAllAssembliesAndSetupDomain (677ms)
		LoadAssemblies (449ms)
		RebuildTransferFunctionScriptingTraits (0ms)
		AnalyzeDomain (349ms)
			TypeCache.Refresh (10ms)
				TypeCache.ScanAssembly (0ms)
			BuildScriptInfoCaches (319ms)
			ResolveRequiredComponents (14ms)
	FinalizeReload (1004ms)
		ReleaseScriptCaches (0ms)
		RebuildScriptCaches (0ms)
		SetupLoadedEditorAssemblies (745ms)
			LogAssemblyErrors (0ms)
			InitializePlatformSupportModulesInManaged (14ms)
			SetLoadedEditorAssemblies (4ms)
			BeforeProcessingInitializeOnLoad (213ms)
			ProcessInitializeOnLoadAttributes (413ms)
			ProcessInitializeOnLoadMethodAttributes (89ms)
			AfterProcessingInitializeOnLoad (11ms)
			EditorAssembliesLoaded (0ms)
		ExecutionOrderSort2 (0ms)
		AwakeInstancesAfterBackupRestoration (21ms)
Refreshing native plugins compatible for Editor in 1.36 ms, found 3 plugins.
Preloading 0 native plugins for Editor in 0.00 ms.
Unloading 6 Unused Serialized files (Serialized files now loaded: 0)
Unloading 7339 unused Assets / (5.3 MB). Loaded Objects now: 8503.
Memory consumption went from 228.1 MB to 222.7 MB.
Total: 12.511900 ms (FindLiveObjects: 1.039100 ms CreateObjectMapping: 1.796800 ms MarkObjects: 6.299300 ms  DeleteObjects: 3.375500 ms)

Prepare: number of updated asset objects reloaded= 0
========================================================================
Received Import Request.
  Time since last request: 615.397281 seconds.
  path: Assets/work/skript/player/midle/gan/gn_sword.cs
  artifactKey: Guid(633166fa62dfd9a49a278f9a843312a7) Importer(2089858483,b0f066a214c2f5e87bad3c948f4d605d)
Start importing Assets/work/skript/player/midle/gan/gn_sword.cs using Guid(633166fa62dfd9a49a278f9a843312a7) Importer(2089858483,b0f066a214c2f5e87bad3c948f4d605d) (ScriptedImporter) -> (artifact id: '2e8d78c0cc00521886fdcecc1b04a29a') in 0.1727263 seconds
Number of updated asset objects reloaded before import = 0Number of asset objects unloaded after import = 0

========================================================================
Received Import Request.
  Time since last request: 0.000018 seconds.
  path: Assets/work/animation/knife/idel.anim
  artifactKey: Guid(b4ccf5ba5bdb6da429260bf04fef6fef) Importer(2089858483,b0f066a214c2f5e87bad3c948f4d605d)
Start importing Assets/work/animation/knife/idel.anim using Guid(b4ccf5ba5bdb6da429260bf04fef6fef) Importer(2089858483,b0f066a214c2f5e87bad3c948f4d605d) (ScriptedImporter) -> (artifact id: '96fef49f0f72fb96ad7f2283b81c3e49') in 0.0267965 seconds
Number of updated asset objects reloaded before import = 0Number of asset objects unloaded after import = 1

========================================================================
Received Import Request.
  Time since last request: 1.696838 seconds.
  path: Assets/work/animation/Sword/idel.anim
  artifactKey: Guid(0df07eecb44323b4cbbefef1e69e84dd) Importer(815301076,1909f56bfc062723c751e8b465ee728b)
Start importing Assets/work/animation/Sword/idel.anim using Guid(0df07eecb44323b4cbbefef1e69e84dd) Importer(815301076,1909f56bfc062723c751e8b465ee728b) (PreviewImporter) -> (artifact id: '2a81bf1e8596149a325269acddcb0802') in 0.0290755 seconds
Number of updated asset objects reloaded before import = 0Number of asset objects unloaded after import = 1

========================================================================
Received Import Request.
  Time since last request: 0.746988 seconds.
  path: Assets/work/animation/Sword/idel.anim
  artifactKey: Guid(0df07eecb44323b4cbbefef1e69e84dd) Importer(2089858483,b0f066a214c2f5e87bad3c948f4d605d)
Start importing Assets/work/animation/Sword/idel.anim using Guid(0df07eecb44323b4cbbefef1e69e84dd) Importer(2089858483,b0f066a214c2f5e87bad3c948f4d605d) (ScriptedImporter) -> (artifact id: 'a45f8163b5236f799033fb250f5bdfe1') in 0.0053246 seconds
Number of updated asset objects reloaded before import = 0Number of asset objects unloaded after import = 1

========================================================================
Received Import Request.
  Time since last request: 11.547323 seconds.
  path: Assets/work/animation/Sword/idel.anim
  artifactKey: Guid(0df07eecb44323b4cbbefef1e69e84dd) Importer(2089858483,b0f066a214c2f5e87bad3c948f4d605d)
Start importing Assets/work/animation/Sword/idel.anim using Guid(0df07eecb44323b4cbbefef1e69e84dd) Importer(2089858483,b0f066a214c2f5e87bad3c948f4d605d) (ScriptedImporter) -> (artifact id: '13201d854195181d586c7ef33b6ac6c5') in 0.00671 seconds
Number of updated asset objects reloaded before import = 0Number of asset objects unloaded after import = 1

========================================================================
Received Prepare
Begin MonoManager ReloadAssembly
[Licensing::Client] Successfully resolved entitlement details
- Loaded All Assemblies, in  1.543 seconds
Refreshing native plugins compatible for Editor in 0.95 ms, found 3 plugins.
Native extension for WindowsStandalone target not found
[Package Manager] Failed to launch server process. Reason: Unity was launched with the -noUpm command-line argument
[Package Manager] Unable to send message (not connected to server process).
[Package Manager] Cannot connect to Unity Package Manager local server
ScheduleIndexationOnStartup MainProcess:False IndexOnStartup:True
Mono: successfully reloaded assembly
- Finished resetting the current domain, in  1.298 seconds
Domain Reload Profiling: 2840ms
	BeginReloadAssembly (352ms)
		ExecutionOrderSort (0ms)
		DisableScriptedObjects (10ms)
		BackupInstance (0ms)
		ReleaseScriptingObjects (0ms)
		CreateAndSetChildDomain (89ms)
	RebuildCommonClasses (63ms)
	RebuildNativeTypeToScriptingClass (24ms)
	initialDomainReloadingComplete (38ms)
	LoadAllAssembliesAndSetupDomain (1064ms)
		LoadAssemblies (635ms)
		RebuildTransferFunctionScriptingTraits (0ms)
		AnalyzeDomain (582ms)
			TypeCache.Refresh (18ms)
				TypeCache.ScanAssembly (0ms)
			BuildScriptInfoCaches (541ms)
			ResolveRequiredComponents (16ms)
	FinalizeReload (1299ms)
		ReleaseScriptCaches (0ms)
		RebuildScriptCaches (0ms)
		SetupLoadedEditorAssemblies (986ms)
			LogAssemblyErrors (0ms)
			InitializePlatformSupportModulesInManaged (17ms)
			SetLoadedEditorAssemblies (5ms)
			BeforeProcessingInitializeOnLoad (245ms)
			ProcessInitializeOnLoadAttributes (592ms)
			ProcessInitializeOnLoadMethodAttributes (114ms)
			AfterProcessingInitializeOnLoad (12ms)
			EditorAssembliesLoaded (1ms)
		ExecutionOrderSort2 (0ms)
		AwakeInstancesAfterBackupRestoration (27ms)
Refreshing native plugins compatible for Editor in 2.48 ms, found 3 plugins.
Preloading 0 native plugins for Editor in 0.00 ms.
Unloading 6 Unused Serialized files (Serialized files now loaded: 0)
Unloading 7339 unused Assets / (4.6 MB). Loaded Objects now: 8506.
Memory consumption went from 228.2 MB to 223.6 MB.
Total: 18.255700 ms (FindLiveObjects: 1.348300 ms CreateObjectMapping: 1.667600 ms MarkObjects: 10.801100 ms  DeleteObjects: 4.437600 ms)

Prepare: number of updated asset objects reloaded= 0
========================================================================
Received Prepare
Begin MonoManager ReloadAssembly
[Licensing::Client] Successfully resolved entitlement details
- Loaded All Assemblies, in  1.385 seconds
Refreshing native plugins compatible for Editor in 1.67 ms, found 3 plugins.
Native extension for WindowsStandalone target not found
[Package Manager] Failed to launch server process. Reason: Unity was launched with the -noUpm command-line argument
[Package Manager] Unable to send message (not connected to server process).
[Package Manager] Cannot connect to Unity Package Manager local server
ScheduleIndexationOnStartup MainProcess:False IndexOnStartup:True
Mono: successfully reloaded assembly
- Finished resetting the current domain, in  1.693 seconds
Domain Reload Profiling: 3078ms
	BeginReloadAssembly (300ms)
		ExecutionOrderSort (0ms)
		DisableScriptedObjects (11ms)
		BackupInstance (0ms)
		ReleaseScriptingObjects (0ms)
		CreateAndSetChildDomain (67ms)
	RebuildCommonClasses (46ms)
	RebuildNativeTypeToScriptingClass (18ms)
	initialDomainReloadingComplete (41ms)
	LoadAllAssembliesAndSetupDomain (979ms)
		LoadAssemblies (717ms)
		RebuildTransferFunctionScriptingTraits (0ms)
		AnalyzeDomain (391ms)
			TypeCache.Refresh (11ms)
				TypeCache.ScanAssembly (0ms)
			BuildScriptInfoCaches (361ms)
			ResolveRequiredComponents (14ms)
	FinalizeReload (1694ms)
		ReleaseScriptCaches (0ms)
		RebuildScriptCaches (0ms)
		SetupLoadedEditorAssemblies (1333ms)
			LogAssemblyErrors (0ms)
			InitializePlatformSupportModulesInManaged (20ms)
			SetLoadedEditorAssemblies (8ms)
			BeforeProcessingInitializeOnLoad (298ms)
			ProcessInitializeOnLoadAttributes (802ms)
			ProcessInitializeOnLoadMethodAttributes (189ms)
			AfterProcessingInitializeOnLoad (16ms)
			EditorAssembliesLoaded (0ms)
		ExecutionOrderSort2 (0ms)
		AwakeInstancesAfterBackupRestoration (37ms)
Refreshing native plugins compatible for Editor in 1.46 ms, found 3 plugins.
Preloading 0 native plugins for Editor in 0.00 ms.
Unloading 6 Unused Serialized files (Serialized files now loaded: 0)
Unloading 7339 unused Assets / (5.1 MB). Loaded Objects now: 8509.
Memory consumption went from 228.3 MB to 223.2 MB.
Total: 16.439800 ms (FindLiveObjects: 1.248100 ms CreateObjectMapping: 2.151600 ms MarkObjects: 7.931200 ms  DeleteObjects: 5.107500 ms)

Prepare: number of updated asset objects reloaded= 0
========================================================================
Received Import Request.
  Time since last request: 356.923000 seconds.
  path: Assets/work/animation/Sword/idel.anim
  artifactKey: Guid(0df07eecb44323b4cbbefef1e69e84dd) Importer(2089858483,b0f066a214c2f5e87bad3c948f4d605d)
Start importing Assets/work/animation/Sword/idel.anim using Guid(0df07eecb44323b4cbbefef1e69e84dd) Importer(2089858483,b0f066a214c2f5e87bad3c948f4d605d) (ScriptedImporter) -> (artifact id: '72de3ede6813c1fa1498cd04dc9c1e0f') in 0.1929066 seconds
Number of updated asset objects reloaded before import = 0Number of asset objects unloaded after import = 1

========================================================================
Received Import Request.
  Time since last request: 2.363689 seconds.
  path: Assets/work/sound/misuc
  artifactKey: Guid(4c44a46a2b6fb0f469da9f6c8b2c695e) Importer(815301076,1909f56bfc062723c751e8b465ee728b)
Start importing Assets/work/sound/misuc using Guid(4c44a46a2b6fb0f469da9f6c8b2c695e) Importer(815301076,1909f56bfc062723c751e8b465ee728b) (PreviewImporter) -> (artifact id: 'fb4a8c1859e95dc86ac4acea64e07f32') in 0.000727 seconds
Number of updated asset objects reloaded before import = 0Number of asset objects unloaded after import = 0

========================================================================
Received Import Request.
  Time since last request: 0.762969 seconds.
  path: Assets/work/sound/misuc
  artifactKey: Guid(4c44a46a2b6fb0f469da9f6c8b2c695e) Importer(2089858483,b0f066a214c2f5e87bad3c948f4d605d)
Start importing Assets/work/sound/misuc using Guid(4c44a46a2b6fb0f469da9f6c8b2c695e) Importer(2089858483,b0f066a214c2f5e87bad3c948f4d605d) (ScriptedImporter) -> (artifact id: '295cb9e2d2ee406e4a07ca329556e8c6') in 0.0041925 seconds
Number of updated asset objects reloaded before import = 0Number of asset objects unloaded after import = 1

========================================================================
Received Import Request.
  Time since last request: 227.485383 seconds.
  path: Assets/work/sound/misuc/lost1.2_mp3/Stars - ambient - guitar - piano.mp3
  artifactKey: Guid(ea63b7e17f1507c408572e4f4d2a161d) Importer(2089858483,b0f066a214c2f5e87bad3c948f4d605d)
Start importing Assets/work/sound/misuc/lost1.2_mp3/Stars - ambient - guitar - piano.mp3 using Guid(ea63b7e17f1507c408572e4f4d2a161d) Importer(2089858483,b0f066a214c2f5e87bad3c948f4d605d) (ScriptedImporter) -> (artifact id: '637d029f534a42d18edfd3d08b31fdda') in 0.284689 seconds
Number of updated asset objects reloaded before import = 0Number of asset objects unloaded after import = 1

========================================================================
Received Import Request.
  Time since last request: 0.000024 seconds.
  path: Assets/work/sound/misuc/lost1.2_mp3/Lost(loop) - drone - dark.mp3
  artifactKey: Guid(b6c7a382a6b00ba4ca5014692dc23ccb) Importer(2089858483,b0f066a214c2f5e87bad3c948f4d605d)
Start importing Assets/work/sound/misuc/lost1.2_mp3/Lost(loop) - drone - dark.mp3 using Guid(b6c7a382a6b00ba4ca5014692dc23ccb) Importer(2089858483,b0f066a214c2f5e87bad3c948f4d605d) (ScriptedImporter) -> (artifact id: 'f0a5cd25f77d4ff4320af63dd4c94ee8') in 0.0394789 seconds
Number of updated asset objects reloaded before import = 0Number of asset objects unloaded after import = 1

========================================================================
Received Import Request.
  Time since last request: 0.000028 seconds.
  path: Assets/work/sound/misuc/lost1.2_mp3/Closing - strings - peaceful.mp3
  artifactKey: Guid(76c13b13484f84449bdc21cda61a199c) Importer(815301076,1909f56bfc062723c751e8b465ee728b)
Start importing Assets/work/sound/misuc/lost1.2_mp3/Closing - strings - peaceful.mp3 using Guid(76c13b13484f84449bdc21cda61a199c) Importer(815301076,1909f56bfc062723c751e8b465ee728b) (PreviewImporter) -> (artifact id: '1a3e6e46ab0b0efbde57e76c52ef7645') in 0.1826512 seconds
Number of updated asset objects reloaded before import = 0Number of asset objects unloaded after import = 2

========================================================================
Received Import Request.
  Time since last request: 0.000023 seconds.
  path: Assets/work/sound/misuc/lost1.2_mp3/cover1.2.png
  artifactKey: Guid(4279b23d9d6e75c4eb4388593f80afdb) Importer(815301076,1909f56bfc062723c751e8b465ee728b)
Start importing Assets/work/sound/misuc/lost1.2_mp3/cover1.2.png using Guid(4279b23d9d6e75c4eb4388593f80afdb) Importer(815301076,1909f56bfc062723c751e8b465ee728b) (PreviewImporter) -> (artifact id: '0fe0797914850ce873e7ee889fd35e3a') in 0.0433804 seconds
Number of updated asset objects reloaded before import = 0Number of asset objects unloaded after import = 2

========================================================================
Received Import Request.
  Time since last request: 0.000053 seconds.
  path: Assets/work/sound/misuc/lost1.2_mp3/Concern - drone - anxiety.mp3
  artifactKey: Guid(34f47d1c8341c9b43bf2c44096c653f7) Importer(815301076,1909f56bfc062723c751e8b465ee728b)
Start importing Assets/work/sound/misuc/lost1.2_mp3/Concern - drone - anxiety.mp3 using Guid(34f47d1c8341c9b43bf2c44096c653f7) Importer(815301076,1909f56bfc062723c751e8b465ee728b) (PreviewImporter) -> (artifact id: '940e72161c4848d9e340b1a4e7c983fa') in 0.0061075 seconds
Number of updated asset objects reloaded before import = 0Number of asset objects unloaded after import = 2

========================================================================
Received Import Request.
  Time since last request: 0.000027 seconds.
  path: Assets/work/sound/misuc/lost1.2_mp3/licence.TXT
  artifactKey: Guid(07e31ff93074dd64794fcbad5b26a6e9) Importer(2089858483,b0f066a214c2f5e87bad3c948f4d605d)
Start importing Assets/work/sound/misuc/lost1.2_mp3/licence.TXT using Guid(07e31ff93074dd64794fcbad5b26a6e9) Importer(2089858483,b0f066a214c2f5e87bad3c948f4d605d) (ScriptedImporter) -> (artifact id: '04b33e8a577277863c82c04a9f3556ca') in 0.0042178 seconds
Number of updated asset objects reloaded before import = 0Number of asset objects unloaded after import = 1

========================================================================
Received Import Request.
  Time since last request: 0.000039 seconds.
  path: Assets/work/sound/misuc/lost1.2_mp3/Echo - hollow - scary - anxiety.mp3
  artifactKey: Guid(f1437c3d0653a994dbae8d3067986ee1) Importer(815301076,1909f56bfc062723c751e8b465ee728b)
Start importing Assets/work/sound/misuc/lost1.2_mp3/Echo - hollow - scary - anxiety.mp3 using Guid(f1437c3d0653a994dbae8d3067986ee1) Importer(815301076,1909f56bfc062723c751e8b465ee728b) (PreviewImporter) -> (artifact id: '6686baad88d56b45be8d535431bff6e3') in 0.0090965 seconds
Number of updated asset objects reloaded before import = 0Number of asset objects unloaded after import = 2

========================================================================
Received Import Request.
  Time since last request: 0.000017 seconds.
  path: Assets/work/sound/misuc/lost1.2_mp3/Concern - drone - anxiety.mp3
  artifactKey: Guid(34f47d1c8341c9b43bf2c44096c653f7) Importer(2089858483,b0f066a214c2f5e87bad3c948f4d605d)
Start importing Assets/work/sound/misuc/lost1.2_mp3/Concern - drone - anxiety.mp3 using Guid(34f47d1c8341c9b43bf2c44096c653f7) Importer(2089858483,b0f066a214c2f5e87bad3c948f4d605d) (ScriptedImporter) -> (artifact id: 'fa6f61855a2ce9fb437d0a6369a3ae94') in 0.0350776 seconds
Number of updated asset objects reloaded before import = 0Number of asset objects unloaded after import = 1

========================================================================
Received Import Request.
  Time since last request: 0.000032 seconds.
  path: Assets/work/sound/misuc/lost1.2_mp3/Anormal - calming - ambient.mp3
  artifactKey: Guid(1640d689664bb3f4fbfcca1096a2cfc0) Importer(815301076,1909f56bfc062723c751e8b465ee728b)
Start importing Assets/work/sound/misuc/lost1.2_mp3/Anormal - calming - ambient.mp3 using Guid(1640d689664bb3f4fbfcca1096a2cfc0) Importer(815301076,1909f56bfc062723c751e8b465ee728b) (PreviewImporter) -> (artifact id: '395e7df27bf6563078d4c0334805fd72') in 0.0077824 seconds
Number of updated asset objects reloaded before import = 0Number of asset objects unloaded after import = 2

========================================================================
Received Import Request.
  Time since last request: 0.000022 seconds.
  path: Assets/work/sound/misuc/lost1.2_mp3/Echo - hollow - scary - anxiety.mp3
  artifactKey: Guid(f1437c3d0653a994dbae8d3067986ee1) Importer(2089858483,b0f066a214c2f5e87bad3c948f4d605d)
Start importing Assets/work/sound/misuc/lost1.2_mp3/Echo - hollow - scary - anxiety.mp3 using Guid(f1437c3d0653a994dbae8d3067986ee1) Importer(2089858483,b0f066a214c2f5e87bad3c948f4d605d) (ScriptedImporter) -> (artifact id: '3461d95ecef9c75219a6803dc73e9094') in 0.048895 seconds
Number of updated asset objects reloaded before import = 0Number of asset objects unloaded after import = 1

========================================================================
Received Import Request.
  Time since last request: 0.000034 seconds.
  path: Assets/work/sound/misuc/lost1.2_mp3/Alone(loop) - melancholic - slow.mp3
  artifactKey: Guid(0242adf322ab9d94ba81800361920698) Importer(815301076,1909f56bfc062723c751e8b465ee728b)
Start importing Assets/work/sound/misuc/lost1.2_mp3/Alone(loop) - melancholic - slow.mp3 using Guid(0242adf322ab9d94ba81800361920698) Importer(815301076,1909f56bfc062723c751e8b465ee728b) (PreviewImporter) -> (artifact id: '544e2a5b979193b79fb77a6b3a05c403') in 0.0375274 seconds
Number of updated asset objects reloaded before import = 0Number of asset objects unloaded after import = 2

========================================================================
Received Import Request.
  Time since last request: 0.000021 seconds.
  path: Assets/work/sound/misuc/lost1.2_mp3/Lost(loop) - drone - dark.mp3
  artifactKey: Guid(b6c7a382a6b00ba4ca5014692dc23ccb) Importer(815301076,1909f56bfc062723c751e8b465ee728b)
Start importing Assets/work/sound/misuc/lost1.2_mp3/Lost(loop) - drone - dark.mp3 using Guid(b6c7a382a6b00ba4ca5014692dc23ccb) Importer(815301076,1909f56bfc062723c751e8b465ee728b) (PreviewImporter) -> (artifact id: 'd2033c140a2926d83dd742874c23be5c') in 0.0071586 seconds
Number of updated asset objects reloaded before import = 0Number of asset objects unloaded after import = 2

========================================================================
Received Import Request.
  Time since last request: 0.000075 seconds.
  path: Assets/work/sound/misuc/lost1.2_mp3/Transfer - drone - spaces.mp3
  artifactKey: Guid(f3e11905835f798459bd8b50c0d3ebfc) Importer(815301076,1909f56bfc062723c751e8b465ee728b)
Start importing Assets/work/sound/misuc/lost1.2_mp3/Transfer - drone - spaces.mp3 using Guid(f3e11905835f798459bd8b50c0d3ebfc) Importer(815301076,1909f56bfc062723c751e8b465ee728b) (PreviewImporter) -> (artifact id: 'ce7340c122684676f5c96be04be3ca25') in 0.0083731 seconds
Number of updated asset objects reloaded before import = 0Number of asset objects unloaded after import = 2

========================================================================
Received Import Request.
  Time since last request: 0.000021 seconds.
  path: Assets/work/sound/misuc/lost1.2_mp3/Closing - strings - peaceful.mp3
  artifactKey: Guid(76c13b13484f84449bdc21cda61a199c) Importer(2089858483,b0f066a214c2f5e87bad3c948f4d605d)
Start importing Assets/work/sound/misuc/lost1.2_mp3/Closing - strings - peaceful.mp3 using Guid(76c13b13484f84449bdc21cda61a199c) Importer(2089858483,b0f066a214c2f5e87bad3c948f4d605d) (ScriptedImporter) -> (artifact id: 'dbdff204e6f013b00bff6506ec3625fa') in 0.0406458 seconds
Number of updated asset objects reloaded before import = 0Number of asset objects unloaded after import = 1

========================================================================
Received Import Request.
  Time since last request: 0.000033 seconds.
  path: Assets/work/sound/misuc/lost1.2_mp3/cover1.2.png
  artifactKey: Guid(4279b23d9d6e75c4eb4388593f80afdb) Importer(2089858483,b0f066a214c2f5e87bad3c948f4d605d)
Start importing Assets/work/sound/misuc/lost1.2_mp3/cover1.2.png using Guid(4279b23d9d6e75c4eb4388593f80afdb) Importer(2089858483,b0f066a214c2f5e87bad3c948f4d605d) (ScriptedImporter) -> (artifact id: 'ce4eee5a8af5727102d2078a3e977917') in 0.1054256 seconds
Number of updated asset objects reloaded before import = 0Number of asset objects unloaded after import = 1

========================================================================
Received Import Request.
  Time since last request: 0.000021 seconds.
  path: Assets/work/sound/misuc/lost1.2_mp3/Lost - drone - dark.mp3
  artifactKey: Guid(6304e5203af79c249959ec2c2d5deb1d) Importer(815301076,1909f56bfc062723c751e8b465ee728b)
Start importing Assets/work/sound/misuc/lost1.2_mp3/Lost - drone - dark.mp3 using Guid(6304e5203af79c249959ec2c2d5deb1d) Importer(815301076,1909f56bfc062723c751e8b465ee728b) (PreviewImporter) -> (artifact id: '2f4d22465ae69c07a8d74dbbb57b0014') in 0.0075458 seconds
Number of updated asset objects reloaded before import = 0Number of asset objects unloaded after import = 2

========================================================================
Received Prepare
Refreshing native plugins compatible for Editor in 1.99 ms, found 3 plugins.
Preloading 0 native plugins for Editor in 0.00 ms.
Unloading 6 Unused Serialized files (Serialized files now loaded: 0)
Unloading 7334 unused Assets / (4.5 MB). Loaded Objects now: 8513.
Memory consumption went from 228.7 MB to 224.2 MB.
Total: 17.568400 ms (FindLiveObjects: 1.223200 ms CreateObjectMapping: 2.160300 ms MarkObjects: 9.820100 ms  DeleteObjects: 4.363600 ms)

Prepare: number of updated asset objects reloaded= 0
========================================================================
Received Import Request.
  Time since last request: 51.750293 seconds.
  path: Assets/work/skript/tex/options.cs
  artifactKey: Guid(3a4fbc22ae2a73a4f8d02be72b7550c9) Importer(2089858483,b0f066a214c2f5e87bad3c948f4d605d)
Start importing Assets/work/skript/tex/options.cs using Guid(3a4fbc22ae2a73a4f8d02be72b7550c9) Importer(2089858483,b0f066a214c2f5e87bad3c948f4d605d) (ScriptedImporter) -> (artifact id: 'e76ab4c4181ec753dc9684dcd8e70b90') in 0.0231265 seconds
Number of updated asset objects reloaded before import = 0Number of asset objects unloaded after import = 0

========================================================================
Received Prepare
Begin MonoManager ReloadAssembly
[Licensing::Client] Successfully resolved entitlement details
- Loaded All Assemblies, in  1.310 seconds
Refreshing native plugins compatible for Editor in 0.95 ms, found 3 plugins.
Native extension for WindowsStandalone target not found
[Package Manager] Failed to launch server process. Reason: Unity was launched with the -noUpm command-line argument
[Package Manager] Unable to send message (not connected to server process).
[Package Manager] Cannot connect to Unity Package Manager local server
ScheduleIndexationOnStartup MainProcess:False IndexOnStartup:True
Mono: successfully reloaded assembly
- Finished resetting the current domain, in  1.057 seconds
Domain Reload Profiling: 2365ms
	BeginReloadAssembly (511ms)
		ExecutionOrderSort (0ms)
		DisableScriptedObjects (8ms)
		BackupInstance (0ms)
		ReleaseScriptingObjects (0ms)
		CreateAndSetChildDomain (71ms)
	RebuildCommonClasses (44ms)
	RebuildNativeTypeToScriptingClass (17ms)
	initialDomainReloadingComplete (38ms)
	LoadAllAssembliesAndSetupDomain (698ms)
		LoadAssemblies (687ms)
		RebuildTransferFunctionScriptingTraits (0ms)
		AnalyzeDomain (361ms)
			TypeCache.Refresh (14ms)
				TypeCache.ScanAssembly (1ms)
			BuildScriptInfoCaches (327ms)
			ResolveRequiredComponents (14ms)
	FinalizeReload (1057ms)
		ReleaseScriptCaches (0ms)
		RebuildScriptCaches (0ms)
		SetupLoadedEditorAssemblies (800ms)
			LogAssemblyErrors (0ms)
			InitializePlatformSupportModulesInManaged (16ms)
			SetLoadedEditorAssemblies (5ms)
			BeforeProcessingInitializeOnLoad (204ms)
			ProcessInitializeOnLoadAttributes (460ms)
			ProcessInitializeOnLoadMethodAttributes (103ms)
			AfterProcessingInitializeOnLoad (10ms)
			EditorAssembliesLoaded (0ms)
		ExecutionOrderSort2 (0ms)
		AwakeInstancesAfterBackupRestoration (20ms)
Refreshing native plugins compatible for Editor in 1.03 ms, found 3 plugins.
Preloading 0 native plugins for Editor in 0.00 ms.
Unloading 6 Unused Serialized files (Serialized files now loaded: 0)
Unloading 7340 unused Assets / (4.5 MB). Loaded Objects now: 8515.
Memory consumption went from 228.4 MB to 223.9 MB.
Total: 11.876600 ms (FindLiveObjects: 1.024400 ms CreateObjectMapping: 1.435500 ms MarkObjects: 5.814000 ms  DeleteObjects: 3.601500 ms)

Prepare: number of updated asset objects reloaded= 0
========================================================================
Received Prepare
Begin MonoManager ReloadAssembly
[Licensing::Client] Successfully resolved entitlement details
- Loaded All Assemblies, in  1.540 seconds
Refreshing native plugins compatible for Editor in 0.96 ms, found 3 plugins.
Native extension for WindowsStandalone target not found
[Package Manager] Failed to launch server process. Reason: Unity was launched with the -noUpm command-line argument
[Package Manager] Unable to send message (not connected to server process).
[Package Manager] Cannot connect to Unity Package Manager local server
ScheduleIndexationOnStartup MainProcess:False IndexOnStartup:True
Mono: successfully reloaded assembly
- Finished resetting the current domain, in  1.255 seconds
Domain Reload Profiling: 2795ms
	BeginReloadAssembly (331ms)
		ExecutionOrderSort (0ms)
		DisableScriptedObjects (11ms)
		BackupInstance (0ms)
		ReleaseScriptingObjects (0ms)
		CreateAndSetChildDomain (80ms)
	RebuildCommonClasses (58ms)
	RebuildNativeTypeToScriptingClass (28ms)
	initialDomainReloadingComplete (47ms)
	LoadAllAssembliesAndSetupDomain (1075ms)
		LoadAssemblies (795ms)
		RebuildTransferFunctionScriptingTraits (0ms)
		AnalyzeDomain (421ms)
			TypeCache.Refresh (15ms)
				TypeCache.ScanAssembly (0ms)
			BuildScriptInfoCaches (380ms)
			ResolveRequiredComponents (21ms)
	FinalizeReload (1256ms)
		ReleaseScriptCaches (0ms)
		RebuildScriptCaches (0ms)
		SetupLoadedEditorAssemblies (919ms)
			LogAssemblyErrors (0ms)
			InitializePlatformSupportModulesInManaged (18ms)
			SetLoadedEditorAssemblies (8ms)
			BeforeProcessingInitializeOnLoad (254ms)
			ProcessInitializeOnLoadAttributes (526ms)
			ProcessInitializeOnLoadMethodAttributes (102ms)
			AfterProcessingInitializeOnLoad (11ms)
			EditorAssembliesLoaded (0ms)
		ExecutionOrderSort2 (0ms)
		AwakeInstancesAfterBackupRestoration (24ms)
Refreshing native plugins compatible for Editor in 1.29 ms, found 3 plugins.
Preloading 0 native plugins for Editor in 0.00 ms.
Unloading 6 Unused Serialized files (Serialized files now loaded: 0)
Unloading 7340 unused Assets / (5.3 MB). Loaded Objects now: 8518.
Memory consumption went from 228.5 MB to 223.3 MB.
Total: 12.769000 ms (FindLiveObjects: 0.979200 ms CreateObjectMapping: 1.888900 ms MarkObjects: 5.924400 ms  DeleteObjects: 3.975500 ms)

Prepare: number of updated asset objects reloaded= 0
========================================================================
Received Prepare
Begin MonoManager ReloadAssembly
[Licensing::Client] Successfully resolved entitlement details
- Loaded All Assemblies, in  1.378 seconds
Refreshing native plugins compatible for Editor in 1.47 ms, found 3 plugins.
Native extension for WindowsStandalone target not found
[Package Manager] Failed to launch server process. Reason: Unity was launched with the -noUpm command-line argument
[Package Manager] Unable to send message (not connected to server process).
[Package Manager] Cannot connect to Unity Package Manager local server
ScheduleIndexationOnStartup MainProcess:False IndexOnStartup:True
Mono: successfully reloaded assembly
- Finished resetting the current domain, in  1.228 seconds
Domain Reload Profiling: 2604ms
	BeginReloadAssembly (397ms)
		ExecutionOrderSort (0ms)
		DisableScriptedObjects (10ms)
		BackupInstance (0ms)
		ReleaseScriptingObjects (0ms)
		CreateAndSetChildDomain (100ms)
	RebuildCommonClasses (76ms)
	RebuildNativeTypeToScriptingClass (23ms)
	initialDomainReloadingComplete (46ms)
	LoadAllAssembliesAndSetupDomain (833ms)
		LoadAssemblies (611ms)
		RebuildTransferFunctionScriptingTraits (0ms)
		AnalyzeDomain (398ms)
			TypeCache.Refresh (17ms)
				TypeCache.ScanAssembly (1ms)
			BuildScriptInfoCaches (359ms)
			ResolveRequiredComponents (15ms)
	FinalizeReload (1228ms)
		ReleaseScriptCaches (0ms)
		RebuildScriptCaches (0ms)
		SetupLoadedEditorAssemblies (915ms)
			LogAssemblyErrors (0ms)
			InitializePlatformSupportModulesInManaged (19ms)
			SetLoadedEditorAssemblies (5ms)
			BeforeProcessingInitializeOnLoad (277ms)
			ProcessInitializeOnLoadAttributes (504ms)
			ProcessInitializeOnLoadMethodAttributes (99ms)
			AfterProcessingInitializeOnLoad (9ms)
			EditorAssembliesLoaded (0ms)
		ExecutionOrderSort2 (0ms)
		AwakeInstancesAfterBackupRestoration (18ms)
Refreshing native plugins compatible for Editor in 1.02 ms, found 3 plugins.
Preloading 0 native plugins for Editor in 0.00 ms.
Unloading 6 Unused Serialized files (Serialized files now loaded: 0)
Unloading 7340 unused Assets / (4.9 MB). Loaded Objects now: 8521.
Memory consumption went from 228.6 MB to 223.8 MB.
Total: 11.527100 ms (FindLiveObjects: 0.975900 ms CreateObjectMapping: 1.786100 ms MarkObjects: 5.595200 ms  DeleteObjects: 3.169000 ms)

Prepare: number of updated asset objects reloaded= 0
========================================================================
Received Prepare
Begin MonoManager ReloadAssembly
[Licensing::Client] Successfully resolved entitlement details
- Loaded All Assemblies, in  1.225 seconds
Refreshing native plugins compatible for Editor in 1.10 ms, found 3 plugins.
Native extension for WindowsStandalone target not found
[Package Manager] Failed to launch server process. Reason: Unity was launched with the -noUpm command-line argument
[Package Manager] Unable to send message (not connected to server process).
[Package Manager] Cannot connect to Unity Package Manager local server
ScheduleIndexationOnStartup MainProcess:False IndexOnStartup:True
Mono: successfully reloaded assembly
- Finished resetting the current domain, in  1.005 seconds
Domain Reload Profiling: 2231ms
	BeginReloadAssembly (285ms)
		ExecutionOrderSort (0ms)
		DisableScriptedObjects (8ms)
		BackupInstance (0ms)
		ReleaseScriptingObjects (0ms)
		CreateAndSetChildDomain (69ms)
	RebuildCommonClasses (44ms)
	RebuildNativeTypeToScriptingClass (21ms)
	initialDomainReloadingComplete (41ms)
	LoadAllAssembliesAndSetupDomain (834ms)
		LoadAssemblies (547ms)
		RebuildTransferFunctionScriptingTraits (0ms)
		AnalyzeDomain (405ms)
			TypeCache.Refresh (20ms)
				TypeCache.ScanAssembly (1ms)
			BuildScriptInfoCaches (362ms)
			ResolveRequiredComponents (16ms)
	FinalizeReload (1005ms)
		ReleaseScriptCaches (0ms)
		RebuildScriptCaches (0ms)
		SetupLoadedEditorAssemblies (759ms)
			LogAssemblyErrors (0ms)
			InitializePlatformSupportModulesInManaged (14ms)
			SetLoadedEditorAssemblies (4ms)
			BeforeProcessingInitializeOnLoad (187ms)
			ProcessInitializeOnLoadAttributes (457ms)
			ProcessInitializeOnLoadMethodAttributes (88ms)
			AfterProcessingInitializeOnLoad (9ms)
			EditorAssembliesLoaded (0ms)
		ExecutionOrderSort2 (0ms)
		AwakeInstancesAfterBackupRestoration (17ms)
Refreshing native plugins compatible for Editor in 1.07 ms, found 3 plugins.
Preloading 0 native plugins for Editor in 0.00 ms.
Unloading 6 Unused Serialized files (Serialized files now loaded: 0)
Unloading 7340 unused Assets / (4.9 MB). Loaded Objects now: 8524.
Memory consumption went from 228.7 MB to 223.8 MB.
Total: 14.539500 ms (FindLiveObjects: 1.324200 ms CreateObjectMapping: 1.795800 ms MarkObjects: 7.089900 ms  DeleteObjects: 4.327900 ms)

Prepare: number of updated asset objects reloaded= 0
========================================================================
Received Import Request.
  Time since last request: 896.510651 seconds.
  path: ProjectSettings/TagManager.asset
  artifactKey: Guid(00000000000000003000000000000000) Importer(815301076,1909f56bfc062723c751e8b465ee728b)
Start importing ProjectSettings/TagManager.asset using Guid(00000000000000003000000000000000) Importer(815301076,1909f56bfc062723c751e8b465ee728b) (PreviewImporter) -> (artifact id: 'fc8fd5f0fbe9b25ef0d3760c6f3220aa') in 0.0544571 seconds
Number of updated asset objects reloaded before import = 0Number of asset objects unloaded after import = 0

========================================================================
Received Prepare
Begin MonoManager ReloadAssembly
[Licensing::Client] Successfully resolved entitlement details
- Loaded All Assemblies, in  1.606 seconds
Refreshing native plugins compatible for Editor in 1.46 ms, found 3 plugins.
Native extension for WindowsStandalone target not found
[Package Manager] Failed to launch server process. Reason: Unity was launched with the -noUpm command-line argument
[Package Manager] Unable to send message (not connected to server process).
[Package Manager] Cannot connect to Unity Package Manager local server
ScheduleIndexationOnStartup MainProcess:False IndexOnStartup:True
Mono: successfully reloaded assembly
- Finished resetting the current domain, in  1.258 seconds
Domain Reload Profiling: 2861ms
	BeginReloadAssembly (507ms)
		ExecutionOrderSort (0ms)
		DisableScriptedObjects (10ms)
		BackupInstance (0ms)
		ReleaseScriptingObjects (0ms)
		CreateAndSetChildDomain (116ms)
	RebuildCommonClasses (75ms)
	RebuildNativeTypeToScriptingClass (27ms)
	initialDomainReloadingComplete (47ms)
	LoadAllAssembliesAndSetupDomain (946ms)
		LoadAssemblies (787ms)
		RebuildTransferFunctionScriptingTraits (0ms)
		AnalyzeDomain (439ms)
			TypeCache.Refresh (19ms)
				TypeCache.ScanAssembly (0ms)
			BuildScriptInfoCaches (397ms)
			ResolveRequiredComponents (17ms)
	FinalizeReload (1258ms)
		ReleaseScriptCaches (0ms)
		RebuildScriptCaches (0ms)
		SetupLoadedEditorAssemblies (904ms)
			LogAssemblyErrors (0ms)
			InitializePlatformSupportModulesInManaged (21ms)
			SetLoadedEditorAssemblies (8ms)
			BeforeProcessingInitializeOnLoad (311ms)
			ProcessInitializeOnLoadAttributes (459ms)
			ProcessInitializeOnLoadMethodAttributes (94ms)
			AfterProcessingInitializeOnLoad (11ms)
			EditorAssembliesLoaded (0ms)
		ExecutionOrderSort2 (0ms)
		AwakeInstancesAfterBackupRestoration (19ms)
Refreshing native plugins compatible for Editor in 1.04 ms, found 3 plugins.
Preloading 0 native plugins for Editor in 0.00 ms.
Unloading 6 Unused Serialized files (Serialized files now loaded: 0)
Unloading 7341 unused Assets / (4.8 MB). Loaded Objects now: 8527.
Memory consumption went from 228.9 MB to 224.0 MB.
Total: 11.059200 ms (FindLiveObjects: 1.014500 ms CreateObjectMapping: 1.539700 ms MarkObjects: 5.885000 ms  DeleteObjects: 2.618900 ms)

Prepare: number of updated asset objects reloaded= 0
========================================================================
Received Prepare
Begin MonoManager ReloadAssembly
[Licensing::Client] Successfully resolved entitlement details
- Loaded All Assemblies, in  1.099 seconds
Refreshing native plugins compatible for Editor in 1.47 ms, found 3 plugins.
Native extension for WindowsStandalone target not found
[Package Manager] Failed to launch server process. Reason: Unity was launched with the -noUpm command-line argument
[Package Manager] Unable to send message (not connected to server process).
[Package Manager] Cannot connect to Unity Package Manager local server
ScheduleIndexationOnStartup MainProcess:False IndexOnStartup:True
Mono: successfully reloaded assembly
- Finished resetting the current domain, in  1.071 seconds
Domain Reload Profiling: 2168ms
	BeginReloadAssembly (302ms)
		ExecutionOrderSort (0ms)
		DisableScriptedObjects (8ms)
		BackupInstance (0ms)
		ReleaseScriptingObjects (0ms)
		CreateAndSetChildDomain (78ms)
	RebuildCommonClasses (50ms)
	RebuildNativeTypeToScriptingClass (18ms)
	initialDomainReloadingComplete (39ms)
	LoadAllAssembliesAndSetupDomain (687ms)
		LoadAssemblies (470ms)
		RebuildTransferFunctionScriptingTraits (0ms)
		AnalyzeDomain (349ms)
			TypeCache.Refresh (15ms)
				TypeCache.ScanAssembly (0ms)
			BuildScriptInfoCaches (315ms)
			ResolveRequiredComponents (14ms)
	FinalizeReload (1071ms)
		ReleaseScriptCaches (0ms)
		RebuildScriptCaches (0ms)
		SetupLoadedEditorAssemblies (797ms)
			LogAssemblyErrors (0ms)
			InitializePlatformSupportModulesInManaged (15ms)
			SetLoadedEditorAssemblies (4ms)
			BeforeProcessingInitializeOnLoad (199ms)
			ProcessInitializeOnLoadAttributes (476ms)
			ProcessInitializeOnLoadMethodAttributes (91ms)
			AfterProcessingInitializeOnLoad (11ms)
			EditorAssembliesLoaded (0ms)
		ExecutionOrderSort2 (0ms)
		AwakeInstancesAfterBackupRestoration (20ms)
Refreshing native plugins compatible for Editor in 1.06 ms, found 3 plugins.
Preloading 0 native plugins for Editor in 0.00 ms.
Unloading 6 Unused Serialized files (Serialized files now loaded: 0)
Unloading 7340 unused Assets / (5.0 MB). Loaded Objects now: 8530.
Memory consumption went from 228.9 MB to 223.9 MB.
Total: 13.089800 ms (FindLiveObjects: 0.980500 ms CreateObjectMapping: 1.788400 ms MarkObjects: 7.452000 ms  DeleteObjects: 2.867600 ms)

Prepare: number of updated asset objects reloaded= 0
========================================================================
Received Prepare
Begin MonoManager ReloadAssembly
[Licensing::Client] Successfully resolved entitlement details
- Loaded All Assemblies, in  1.144 seconds
Refreshing native plugins compatible for Editor in 0.96 ms, found 3 plugins.
Native extension for WindowsStandalone target not found
[Package Manager] Failed to launch server process. Reason: Unity was launched with the -noUpm command-line argument
[Package Manager] Unable to send message (not connected to server process).
[Package Manager] Cannot connect to Unity Package Manager local server
ScheduleIndexationOnStartup MainProcess:False IndexOnStartup:True
Mono: successfully reloaded assembly
- Finished resetting the current domain, in  1.106 seconds
Domain Reload Profiling: 2249ms
	BeginReloadAssembly (310ms)
		ExecutionOrderSort (0ms)
		DisableScriptedObjects (9ms)
		BackupInstance (0ms)
		ReleaseScriptingObjects (0ms)
		CreateAndSetChildDomain (79ms)
	RebuildCommonClasses (52ms)
	RebuildNativeTypeToScriptingClass (23ms)
	initialDomainReloadingComplete (45ms)
	LoadAllAssembliesAndSetupDomain (712ms)
		LoadAssemblies (483ms)
		RebuildTransferFunctionScriptingTraits (0ms)
		AnalyzeDomain (360ms)
			TypeCache.Refresh (14ms)
				TypeCache.ScanAssembly (0ms)
			BuildScriptInfoCaches (322ms)
			ResolveRequiredComponents (19ms)
	FinalizeReload (1107ms)
		ReleaseScriptCaches (0ms)
		RebuildScriptCaches (0ms)
		SetupLoadedEditorAssemblies (816ms)
			LogAssemblyErrors (0ms)
			InitializePlatformSupportModulesInManaged (17ms)
			SetLoadedEditorAssemblies (4ms)
			BeforeProcessingInitializeOnLoad (214ms)
			ProcessInitializeOnLoadAttributes (474ms)
			ProcessInitializeOnLoadMethodAttributes (97ms)
			AfterProcessingInitializeOnLoad (9ms)
			EditorAssembliesLoaded (0ms)
		ExecutionOrderSort2 (0ms)
		AwakeInstancesAfterBackupRestoration (21ms)
Refreshing native plugins compatible for Editor in 1.02 ms, found 3 plugins.
Preloading 0 native plugins for Editor in 0.00 ms.
Unloading 6 Unused Serialized files (Serialized files now loaded: 0)
Unloading 7340 unused Assets / (5.2 MB). Loaded Objects now: 8533.
Memory consumption went from 229.0 MB to 223.8 MB.
Total: 12.254800 ms (FindLiveObjects: 1.311100 ms CreateObjectMapping: 1.786900 ms MarkObjects: 5.664000 ms  DeleteObjects: 3.491900 ms)

Prepare: number of updated asset objects reloaded= 0
========================================================================
Received Import Request.
  Time since last request: 393.219462 seconds.
  path: Assets/work/skript/tex/options.cs
  artifactKey: Guid(3a4fbc22ae2a73a4f8d02be72b7550c9) Importer(2089858483,b0f066a214c2f5e87bad3c948f4d605d)
Start importing Assets/work/skript/tex/options.cs using Guid(3a4fbc22ae2a73a4f8d02be72b7550c9) Importer(2089858483,b0f066a214c2f5e87bad3c948f4d605d) (ScriptedImporter) -> (artifact id: '7a2a62d8baa7a6f06a4ba8e9ae802c82') in 0.1240749 seconds
Number of updated asset objects reloaded before import = 0Number of asset objects unloaded after import = 0

========================================================================
Received Prepare
Refreshing native plugins compatible for Editor in 1.08 ms, found 3 plugins.
Preloading 0 native plugins for Editor in 0.00 ms.
Unloading 6 Unused Serialized files (Serialized files now loaded: 0)
Unloading 7335 unused Assets / (5.1 MB). Loaded Objects now: 8534.
Memory consumption went from 229.3 MB to 224.2 MB.
Total: 14.364400 ms (FindLiveObjects: 0.944400 ms CreateObjectMapping: 1.713400 ms MarkObjects: 7.341800 ms  DeleteObjects: 4.363400 ms)

Prepare: number of updated asset objects reloaded= 0
========================================================================
Received Import Request.
  Time since last request: 73.467082 seconds.
  path: Assets/work/skript/tex/bac_sound.cs
  artifactKey: Guid(19e32ca0ce7928341ae46a449ded93eb) Importer(815301076,1909f56bfc062723c751e8b465ee728b)
Start importing Assets/work/skript/tex/bac_sound.cs using Guid(19e32ca0ce7928341ae46a449ded93eb) Importer(815301076,1909f56bfc062723c751e8b465ee728b) (PreviewImporter) -> (artifact id: 'f536067327af242b7bde8fb9c47d3783') in 0.0198209 seconds
Number of updated asset objects reloaded before import = 0Number of asset objects unloaded after import = 0

========================================================================
Received Import Request.
  Time since last request: 0.250792 seconds.
  path: Assets/work/skript/tex/bac_sound.cs
  artifactKey: Guid(19e32ca0ce7928341ae46a449ded93eb) Importer(2089858483,b0f066a214c2f5e87bad3c948f4d605d)
Start importing Assets/work/skript/tex/bac_sound.cs using Guid(19e32ca0ce7928341ae46a449ded93eb) Importer(2089858483,b0f066a214c2f5e87bad3c948f4d605d) (ScriptedImporter) -> (artifact id: '1413181145a05fb51aa28c1fd64e3ce1') in 0.0043008 seconds
Number of updated asset objects reloaded before import = 0Number of asset objects unloaded after import = 0

========================================================================
Received Prepare
Begin MonoManager ReloadAssembly
[Licensing::Client] Successfully resolved entitlement details
- Loaded All Assemblies, in  1.208 seconds
Refreshing native plugins compatible for Editor in 1.18 ms, found 3 plugins.
Native extension for WindowsStandalone target not found
[Package Manager] Failed to launch server process. Reason: Unity was launched with the -noUpm command-line argument
[Package Manager] Unable to send message (not connected to server process).
[Package Manager] Cannot connect to Unity Package Manager local server
ScheduleIndexationOnStartup MainProcess:False IndexOnStartup:True
Mono: successfully reloaded assembly
- Finished resetting the current domain, in  1.131 seconds
Domain Reload Profiling: 2340ms
	BeginReloadAssembly (298ms)
		ExecutionOrderSort (0ms)
		DisableScriptedObjects (10ms)
		BackupInstance (0ms)
		ReleaseScriptingObjects (0ms)
		CreateAndSetChildDomain (74ms)
	RebuildCommonClasses (47ms)
	RebuildNativeTypeToScriptingClass (19ms)
	initialDomainReloadingComplete (38ms)
	LoadAllAssembliesAndSetupDomain (807ms)
		LoadAssemblies (500ms)
		RebuildTransferFunctionScriptingTraits (0ms)
		AnalyzeDomain (434ms)
			TypeCache.Refresh (21ms)
				TypeCache.ScanAssembly (1ms)
			BuildScriptInfoCaches (390ms)
			ResolveRequiredComponents (17ms)
	FinalizeReload (1132ms)
		ReleaseScriptCaches (0ms)
		RebuildScriptCaches (0ms)
		SetupLoadedEditorAssemblies (874ms)
			LogAssemblyErrors (0ms)
			InitializePlatformSupportModulesInManaged (14ms)
			SetLoadedEditorAssemblies (7ms)
			BeforeProcessingInitializeOnLoad (216ms)
			ProcessInitializeOnLoadAttributes (502ms)
			ProcessInitializeOnLoadMethodAttributes (126ms)
			AfterProcessingInitializeOnLoad (9ms)
			EditorAssembliesLoaded (0ms)
		ExecutionOrderSort2 (0ms)
		AwakeInstancesAfterBackupRestoration (19ms)
Refreshing native plugins compatible for Editor in 1.43 ms, found 3 plugins.
Preloading 0 native plugins for Editor in 0.00 ms.
Unloading 6 Unused Serialized files (Serialized files now loaded: 0)
Unloading 7341 unused Assets / (5.7 MB). Loaded Objects now: 8537.
Memory consumption went from 229.2 MB to 223.5 MB.
Total: 17.623200 ms (FindLiveObjects: 1.429400 ms CreateObjectMapping: 1.659500 ms MarkObjects: 8.792400 ms  DeleteObjects: 5.740200 ms)

Prepare: number of updated asset objects reloaded= 0
========================================================================
Received Import Request.
  Time since last request: 10.629968 seconds.
  path: Assets/work/skript/tex/bac_sound.cs
  artifactKey: Guid(19e32ca0ce7928341ae46a449ded93eb) Importer(815301076,1909f56bfc062723c751e8b465ee728b)
Start importing Assets/work/skript/tex/bac_sound.cs using Guid(19e32ca0ce7928341ae46a449ded93eb) Importer(815301076,1909f56bfc062723c751e8b465ee728b) (PreviewImporter) -> (artifact id: '328c1a1e0e2b00be02277e2375fb3b86') in 0.0098362 seconds
Number of updated asset objects reloaded before import = 0Number of asset objects unloaded after import = 0

========================================================================
Received Prepare
Begin MonoManager ReloadAssembly
[Licensing::Client] Successfully resolved entitlement details
- Loaded All Assemblies, in  1.207 seconds
Refreshing native plugins compatible for Editor in 1.07 ms, found 3 plugins.
Native extension for WindowsStandalone target not found
[Package Manager] Failed to launch server process. Reason: Unity was launched with the -noUpm command-line argument
[Package Manager] Unable to send message (not connected to server process).
[Package Manager] Cannot connect to Unity Package Manager local server
ScheduleIndexationOnStartup MainProcess:False IndexOnStartup:True
Mono: successfully reloaded assembly
- Finished resetting the current domain, in  1.087 seconds
Domain Reload Profiling: 2292ms
	BeginReloadAssembly (307ms)
		ExecutionOrderSort (0ms)
		DisableScriptedObjects (9ms)
		BackupInstance (0ms)
		ReleaseScriptingObjects (0ms)
		CreateAndSetChildDomain (79ms)
	RebuildCommonClasses (54ms)
	RebuildNativeTypeToScriptingClass (19ms)
	initialDomainReloadingComplete (39ms)
	LoadAllAssembliesAndSetupDomain (785ms)
		LoadAssemblies (516ms)
		RebuildTransferFunctionScriptingTraits (0ms)
		AnalyzeDomain (397ms)
			TypeCache.Refresh (19ms)
				TypeCache.ScanAssembly (1ms)
			BuildScriptInfoCaches (349ms)
			ResolveRequiredComponents (21ms)
	FinalizeReload (1088ms)
		ReleaseScriptCaches (0ms)
		RebuildScriptCaches (0ms)
		SetupLoadedEditorAssemblies (805ms)
			LogAssemblyErrors (0ms)
			InitializePlatformSupportModulesInManaged (18ms)
			SetLoadedEditorAssemblies (5ms)
			BeforeProcessingInitializeOnLoad (202ms)
			ProcessInitializeOnLoadAttributes (458ms)
			ProcessInitializeOnLoadMethodAttributes (111ms)
			AfterProcessingInitializeOnLoad (11ms)
			EditorAssembliesLoaded (1ms)
		ExecutionOrderSort2 (0ms)
		AwakeInstancesAfterBackupRestoration (24ms)
Refreshing native plugins compatible for Editor in 1.27 ms, found 3 plugins.
Preloading 0 native plugins for Editor in 0.00 ms.
Unloading 6 Unused Serialized files (Serialized files now loaded: 0)
Unloading 7341 unused Assets / (5.8 MB). Loaded Objects now: 8540.
Memory consumption went from 229.3 MB to 223.5 MB.
Total: 18.192600 ms (FindLiveObjects: 1.215800 ms CreateObjectMapping: 1.757500 ms MarkObjects: 9.151800 ms  DeleteObjects: 6.065600 ms)

Prepare: number of updated asset objects reloaded= 0
========================================================================
Received Prepare
Begin MonoManager ReloadAssembly
[Licensing::Client] Successfully resolved entitlement details
- Loaded All Assemblies, in  1.073 seconds
Refreshing native plugins compatible for Editor in 1.45 ms, found 3 plugins.
Native extension for WindowsStandalone target not found
[Package Manager] Failed to launch server process. Reason: Unity was launched with the -noUpm command-line argument
[Package Manager] Unable to send message (not connected to server process).
[Package Manager] Cannot connect to Unity Package Manager local server
ScheduleIndexationOnStartup MainProcess:False IndexOnStartup:True
Mono: successfully reloaded assembly
- Finished resetting the current domain, in  1.008 seconds
Domain Reload Profiling: 2080ms
	BeginReloadAssembly (284ms)
		ExecutionOrderSort (0ms)
		DisableScriptedObjects (12ms)
		BackupInstance (0ms)
		ReleaseScriptingObjects (0ms)
		CreateAndSetChildDomain (62ms)
	RebuildCommonClasses (48ms)
	RebuildNativeTypeToScriptingClass (21ms)
	initialDomainReloadingComplete (40ms)
	LoadAllAssembliesAndSetupDomain (679ms)
		LoadAssemblies (452ms)
		RebuildTransferFunctionScriptingTraits (0ms)
		AnalyzeDomain (356ms)
			TypeCache.Refresh (10ms)
				TypeCache.ScanAssembly (0ms)
			BuildScriptInfoCaches (321ms)
			ResolveRequiredComponents (19ms)
	FinalizeReload (1009ms)
		ReleaseScriptCaches (0ms)
		RebuildScriptCaches (0ms)
		SetupLoadedEditorAssemblies (752ms)
			LogAssemblyErrors (0ms)
			InitializePlatformSupportModulesInManaged (14ms)
			SetLoadedEditorAssemblies (4ms)
			BeforeProcessingInitializeOnLoad (204ms)
			ProcessInitializeOnLoadAttributes (430ms)
			ProcessInitializeOnLoadMethodAttributes (90ms)
			AfterProcessingInitializeOnLoad (9ms)
			EditorAssembliesLoaded (0ms)
		ExecutionOrderSort2 (0ms)
		AwakeInstancesAfterBackupRestoration (17ms)
Refreshing native plugins compatible for Editor in 1.46 ms, found 3 plugins.
Preloading 0 native plugins for Editor in 0.00 ms.
Unloading 6 Unused Serialized files (Serialized files now loaded: 0)
Unloading 7341 unused Assets / (5.2 MB). Loaded Objects now: 8543.
Memory consumption went from 229.3 MB to 224.2 MB.
Total: 11.552500 ms (FindLiveObjects: 0.960700 ms CreateObjectMapping: 1.675000 ms MarkObjects: 5.702100 ms  DeleteObjects: 3.213600 ms)

Prepare: number of updated asset objects reloaded= 0
========================================================================
Received Prepare
Refreshing native plugins compatible for Editor in 1.11 ms, found 3 plugins.
Preloading 0 native plugins for Editor in 0.00 ms.
Unloading 6 Unused Serialized files (Serialized files now loaded: 0)
Unloading 7335 unused Assets / (4.8 MB). Loaded Objects now: 8543.
Memory consumption went from 229.5 MB to 224.7 MB.
Total: 16.314400 ms (FindLiveObjects: 1.197800 ms CreateObjectMapping: 1.825600 ms MarkObjects: 9.439400 ms  DeleteObjects: 3.850400 ms)

Prepare: number of updated asset objects reloaded= 0
========================================================================
Received Prepare
Begin MonoManager ReloadAssembly
[Licensing::Client] Successfully resolved entitlement details
- Loaded All Assemblies, in  1.262 seconds
Refreshing native plugins compatible for Editor in 1.04 ms, found 3 plugins.
Native extension for WindowsStandalone target not found
[Package Manager] Failed to launch server process. Reason: Unity was launched with the -noUpm command-line argument
[Package Manager] Unable to send message (not connected to server process).
[Package Manager] Cannot connect to Unity Package Manager local server
ScheduleIndexationOnStartup MainProcess:False IndexOnStartup:True
Mono: successfully reloaded assembly
- Finished resetting the current domain, in  1.046 seconds
Domain Reload Profiling: 2308ms
	BeginReloadAssembly (415ms)
		ExecutionOrderSort (0ms)
		DisableScriptedObjects (11ms)
		BackupInstance (0ms)
		ReleaseScriptingObjects (0ms)
		CreateAndSetChildDomain (100ms)
	RebuildCommonClasses (51ms)
	RebuildNativeTypeToScriptingClass (17ms)
	initialDomainReloadingComplete (38ms)
	LoadAllAssembliesAndSetupDomain (740ms)
		LoadAssemblies (589ms)
		RebuildTransferFunctionScriptingTraits (0ms)
		AnalyzeDomain (350ms)
			TypeCache.Refresh (13ms)
				TypeCache.ScanAssembly (0ms)
			BuildScriptInfoCaches (318ms)
			ResolveRequiredComponents (14ms)
	FinalizeReload (1047ms)
		ReleaseScriptCaches (0ms)
		RebuildScriptCaches (0ms)
		SetupLoadedEditorAssemblies (783ms)
			LogAssemblyErrors (0ms)
			InitializePlatformSupportModulesInManaged (14ms)
			SetLoadedEditorAssemblies (4ms)
			BeforeProcessingInitializeOnLoad (196ms)
			ProcessInitializeOnLoadAttributes (459ms)
			ProcessInitializeOnLoadMethodAttributes (99ms)
			AfterProcessingInitializeOnLoad (10ms)
			EditorAssembliesLoaded (0ms)
		ExecutionOrderSort2 (0ms)
		AwakeInstancesAfterBackupRestoration (19ms)
Refreshing native plugins compatible for Editor in 1.64 ms, found 3 plugins.
Preloading 0 native plugins for Editor in 0.00 ms.
Unloading 6 Unused Serialized files (Serialized files now loaded: 0)
Unloading 7341 unused Assets / (5.8 MB). Loaded Objects now: 8546.
Memory consumption went from 229.4 MB to 223.6 MB.
Total: 17.986200 ms (FindLiveObjects: 1.498300 ms CreateObjectMapping: 2.664300 ms MarkObjects: 8.033000 ms  DeleteObjects: 5.789300 ms)

Prepare: number of updated asset objects reloaded= 0
========================================================================
Received Prepare
Refreshing native plugins compatible for Editor in 1.61 ms, found 3 plugins.
Preloading 0 native plugins for Editor in 0.00 ms.
Unloading 6 Unused Serialized files (Serialized files now loaded: 0)
Unloading 7335 unused Assets / (5.1 MB). Loaded Objects now: 8546.
Memory consumption went from 229.6 MB to 224.5 MB.
Total: 21.133000 ms (FindLiveObjects: 1.050500 ms CreateObjectMapping: 1.908300 ms MarkObjects: 12.115900 ms  DeleteObjects: 6.054800 ms)

Prepare: number of updated asset objects reloaded= 0
========================================================================
Received Prepare
Begin MonoManager ReloadAssembly
- Loaded All Assemblies, in  1.035 seconds
Refreshing native plugins compatible for Editor in 1.05 ms, found 3 plugins.
Native extension for WindowsStandalone target not found
[Package Manager] Failed to launch server process. Reason: Unity was launched with the -noUpm command-line argument
[Package Manager] Unable to send message (not connected to server process).
[Package Manager] Cannot connect to Unity Package Manager local server
ScheduleIndexationOnStartup MainProcess:False IndexOnStartup:True
Mono: successfully reloaded assembly
- Finished resetting the current domain, in  1.046 seconds
Domain Reload Profiling: 2079ms
	BeginReloadAssembly (266ms)
		ExecutionOrderSort (0ms)
		DisableScriptedObjects (8ms)
		BackupInstance (0ms)
		ReleaseScriptingObjects (0ms)
		CreateAndSetChildDomain (60ms)
	RebuildCommonClasses (45ms)
	RebuildNativeTypeToScriptingClass (17ms)
	initialDomainReloadingComplete (40ms)
	LoadAllAssembliesAndSetupDomain (665ms)
		LoadAssemblies (438ms)
		RebuildTransferFunctionScriptingTraits (0ms)
		AnalyzeDomain (345ms)
			TypeCache.Refresh (16ms)
				TypeCache.ScanAssembly (0ms)
			BuildScriptInfoCaches (305ms)
			ResolveRequiredComponents (18ms)
	FinalizeReload (1047ms)
		ReleaseScriptCaches (0ms)
		RebuildScriptCaches (0ms)
		SetupLoadedEditorAssemblies (760ms)
			LogAssemblyErrors (0ms)
			InitializePlatformSupportModulesInManaged (17ms)
			SetLoadedEditorAssemblies (4ms)
			BeforeProcessingInitializeOnLoad (193ms)
			ProcessInitializeOnLoadAttributes (442ms)
			ProcessInitializeOnLoadMethodAttributes (94ms)
			AfterProcessingInitializeOnLoad (9ms)
			EditorAssembliesLoaded (0ms)
		ExecutionOrderSort2 (0ms)
		AwakeInstancesAfterBackupRestoration (17ms)
Refreshing native plugins compatible for Editor in 1.06 ms, found 3 plugins.
Preloading 0 native plugins for Editor in 0.00 ms.
Unloading 6 Unused Serialized files (Serialized files now loaded: 0)
Unloading 7341 unused Assets / (5.3 MB). Loaded Objects now: 8549.
Memory consumption went from 229.5 MB to 224.2 MB.
Total: 13.672500 ms (FindLiveObjects: 1.249600 ms CreateObjectMapping: 1.860900 ms MarkObjects: 7.197400 ms  DeleteObjects: 3.362700 ms)

Prepare: number of updated asset objects reloaded= 0
========================================================================
Received Prepare
Begin MonoManager ReloadAssembly
- Loaded All Assemblies, in  1.083 seconds
Refreshing native plugins compatible for Editor in 1.13 ms, found 3 plugins.
Native extension for WindowsStandalone target not found
[Package Manager] Failed to launch server process. Reason: Unity was launched with the -noUpm command-line argument
[Package Manager] Unable to send message (not connected to server process).
[Package Manager] Cannot connect to Unity Package Manager local server
ScheduleIndexationOnStartup MainProcess:False IndexOnStartup:True
Mono: successfully reloaded assembly
- Finished resetting the current domain, in  1.014 seconds
Domain Reload Profiling: 2095ms
	BeginReloadAssembly (283ms)
		ExecutionOrderSort (0ms)
		DisableScriptedObjects (8ms)
		BackupInstance (0ms)
		ReleaseScriptingObjects (0ms)
		CreateAndSetChildDomain (64ms)
	RebuildCommonClasses (45ms)
	RebuildNativeTypeToScriptingClass (18ms)
	initialDomainReloadingComplete (44ms)
	LoadAllAssembliesAndSetupDomain (692ms)
		LoadAssemblies (459ms)
		RebuildTransferFunctionScriptingTraits (0ms)
		AnalyzeDomain (359ms)
			TypeCache.Refresh (10ms)
				TypeCache.ScanAssembly (0ms)
			BuildScriptInfoCaches (326ms)
			ResolveRequiredComponents (17ms)
	FinalizeReload (1014ms)
		ReleaseScriptCaches (0ms)
		RebuildScriptCaches (0ms)
		SetupLoadedEditorAssemblies (760ms)
			LogAssemblyErrors (0ms)
			InitializePlatformSupportModulesInManaged (18ms)
			SetLoadedEditorAssemblies (5ms)
			BeforeProcessingInitializeOnLoad (200ms)
			ProcessInitializeOnLoadAttributes (434ms)
			ProcessInitializeOnLoadMethodAttributes (92ms)
			AfterProcessingInitializeOnLoad (11ms)
			EditorAssembliesLoaded (0ms)
		ExecutionOrderSort2 (0ms)
		AwakeInstancesAfterBackupRestoration (18ms)
Refreshing native plugins compatible for Editor in 1.78 ms, found 3 plugins.
Preloading 0 native plugins for Editor in 0.00 ms.
Unloading 6 Unused Serialized files (Serialized files now loaded: 0)
Unloading 7341 unused Assets / (5.1 MB). Loaded Objects now: 8552.
Memory consumption went from 229.6 MB to 224.5 MB.
Total: 15.192100 ms (FindLiveObjects: 1.330300 ms CreateObjectMapping: 1.671500 ms MarkObjects: 8.557700 ms  DeleteObjects: 3.631300 ms)

Prepare: number of updated asset objects reloaded= 0
========================================================================
Received Prepare
Refreshing native plugins compatible for Editor in 1.66 ms, found 3 plugins.
Preloading 0 native plugins for Editor in 0.00 ms.
Unloading 6 Unused Serialized files (Serialized files now loaded: 0)
Unloading 7335 unused Assets / (5.6 MB). Loaded Objects now: 8552.
Memory consumption went from 229.8 MB to 224.2 MB.
Total: 18.642800 ms (FindLiveObjects: 1.824100 ms CreateObjectMapping: 3.046800 ms MarkObjects: 8.803200 ms  DeleteObjects: 4.967200 ms)

Prepare: number of updated asset objects reloaded= 0
========================================================================
Received Prepare
Begin MonoManager ReloadAssembly
[Licensing::Client] Successfully resolved entitlement details
- Loaded All Assemblies, in  1.154 seconds
Refreshing native plugins compatible for Editor in 1.06 ms, found 3 plugins.
Native extension for WindowsStandalone target not found
[Package Manager] Failed to launch server process. Reason: Unity was launched with the -noUpm command-line argument
[Package Manager] Unable to send message (not connected to server process).
[Package Manager] Cannot connect to Unity Package Manager local server
ScheduleIndexationOnStartup MainProcess:False IndexOnStartup:True
Mono: successfully reloaded assembly
- Finished resetting the current domain, in  1.107 seconds
Domain Reload Profiling: 2260ms
	BeginReloadAssembly (324ms)
		ExecutionOrderSort (0ms)
		DisableScriptedObjects (13ms)
		BackupInstance (0ms)
		ReleaseScriptingObjects (0ms)
		CreateAndSetChildDomain (73ms)
	RebuildCommonClasses (65ms)
	RebuildNativeTypeToScriptingClass (18ms)
	initialDomainReloadingComplete (37ms)
	LoadAllAssembliesAndSetupDomain (708ms)
		LoadAssemblies (490ms)
		RebuildTransferFunctionScriptingTraits (0ms)
		AnalyzeDomain (365ms)
			TypeCache.Refresh (12ms)
				TypeCache.ScanAssembly (0ms)
			BuildScriptInfoCaches (332ms)
			ResolveRequiredComponents (15ms)
	FinalizeReload (1108ms)
		ReleaseScriptCaches (0ms)
		RebuildScriptCaches (0ms)
		SetupLoadedEditorAssemblies (819ms)
			LogAssemblyErrors (0ms)
			InitializePlatformSupportModulesInManaged (15ms)
			SetLoadedEditorAssemblies (4ms)
			BeforeProcessingInitializeOnLoad (211ms)
			ProcessInitializeOnLoadAttributes (493ms)
			ProcessInitializeOnLoadMethodAttributes (88ms)
			AfterProcessingInitializeOnLoad (9ms)
			EditorAssembliesLoaded (0ms)
		ExecutionOrderSort2 (0ms)
		AwakeInstancesAfterBackupRestoration (17ms)
Refreshing native plugins compatible for Editor in 1.39 ms, found 3 plugins.
Preloading 0 native plugins for Editor in 0.00 ms.
Unloading 6 Unused Serialized files (Serialized files now loaded: 0)
Unloading 7341 unused Assets / (5.1 MB). Loaded Objects now: 8555.
Memory consumption went from 229.7 MB to 224.7 MB.
Total: 15.197200 ms (FindLiveObjects: 1.215200 ms CreateObjectMapping: 1.817600 ms MarkObjects: 8.693300 ms  DeleteObjects: 3.469800 ms)

Prepare: number of updated asset objects reloaded= 0
========================================================================
Received Prepare
Begin MonoManager ReloadAssembly
- Loaded All Assemblies, in  1.119 seconds
Refreshing native plugins compatible for Editor in 0.97 ms, found 3 plugins.
Native extension for WindowsStandalone target not found
[Package Manager] Failed to launch server process. Reason: Unity was launched with the -noUpm command-line argument
[Package Manager] Unable to send message (not connected to server process).
[Package Manager] Cannot connect to Unity Package Manager local server
ScheduleIndexationOnStartup MainProcess:False IndexOnStartup:True
Mono: successfully reloaded assembly
- Finished resetting the current domain, in  0.989 seconds
Domain Reload Profiling: 2107ms
	BeginReloadAssembly (306ms)
		ExecutionOrderSort (0ms)
		DisableScriptedObjects (8ms)
		BackupInstance (0ms)
		ReleaseScriptingObjects (0ms)
		CreateAndSetChildDomain (74ms)
	RebuildCommonClasses (49ms)
	RebuildNativeTypeToScriptingClass (17ms)
	initialDomainReloadingComplete (39ms)
	LoadAllAssembliesAndSetupDomain (707ms)
		LoadAssemblies (478ms)
		RebuildTransferFunctionScriptingTraits (0ms)
		AnalyzeDomain (372ms)
			TypeCache.Refresh (11ms)
				TypeCache.ScanAssembly (0ms)
			BuildScriptInfoCaches (342ms)
			ResolveRequiredComponents (14ms)
	FinalizeReload (990ms)
		ReleaseScriptCaches (0ms)
		RebuildScriptCaches (0ms)
		SetupLoadedEditorAssemblies (746ms)
			LogAssemblyErrors (0ms)
			InitializePlatformSupportModulesInManaged (15ms)
			SetLoadedEditorAssemblies (5ms)
			BeforeProcessingInitializeOnLoad (208ms)
			ProcessInitializeOnLoadAttributes (414ms)
			ProcessInitializeOnLoadMethodAttributes (94ms)
			AfterProcessingInitializeOnLoad (11ms)
			EditorAssembliesLoaded (0ms)
		ExecutionOrderSort2 (0ms)
		AwakeInstancesAfterBackupRestoration (17ms)
Refreshing native plugins compatible for Editor in 1.13 ms, found 3 plugins.
Preloading 0 native plugins for Editor in 0.00 ms.
Unloading 6 Unused Serialized files (Serialized files now loaded: 0)
Unloading 7341 unused Assets / (5.1 MB). Loaded Objects now: 8558.
Memory consumption went from 229.8 MB to 224.7 MB.
Total: 15.729100 ms (FindLiveObjects: 1.491200 ms CreateObjectMapping: 2.037300 ms MarkObjects: 7.689300 ms  DeleteObjects: 4.510000 ms)

Prepare: number of updated asset objects reloaded= 0
========================================================================
Received Prepare
Refreshing native plugins compatible for Editor in 1.67 ms, found 3 plugins.
Preloading 0 native plugins for Editor in 0.00 ms.
Unloading 6 Unused Serialized files (Serialized files now loaded: 0)
Unloading 7335 unused Assets / (4.8 MB). Loaded Objects now: 8558.
Memory consumption went from 230.0 MB to 225.2 MB.
Total: 17.750300 ms (FindLiveObjects: 1.408200 ms CreateObjectMapping: 2.986100 ms MarkObjects: 9.243600 ms  DeleteObjects: 4.111100 ms)

Prepare: number of updated asset objects reloaded= 0
========================================================================
Received Prepare
Begin MonoManager ReloadAssembly
[Licensing::Client] Successfully resolved entitlement details
- Loaded All Assemblies, in  1.179 seconds
Refreshing native plugins compatible for Editor in 1.06 ms, found 3 plugins.
Native extension for WindowsStandalone target not found
[Package Manager] Failed to launch server process. Reason: Unity was launched with the -noUpm command-line argument
[Package Manager] Unable to send message (not connected to server process).
[Package Manager] Cannot connect to Unity Package Manager local server
ScheduleIndexationOnStartup MainProcess:False IndexOnStartup:True
Mono: successfully reloaded assembly
- Finished resetting the current domain, in  1.070 seconds
Domain Reload Profiling: 2247ms
	BeginReloadAssembly (307ms)
		ExecutionOrderSort (0ms)
		DisableScriptedObjects (9ms)
		BackupInstance (0ms)
		ReleaseScriptingObjects (0ms)
		CreateAndSetChildDomain (73ms)
	RebuildCommonClasses (55ms)
	RebuildNativeTypeToScriptingClass (19ms)
	initialDomainReloadingComplete (48ms)
	LoadAllAssembliesAndSetupDomain (748ms)
		LoadAssemblies (501ms)
		RebuildTransferFunctionScriptingTraits (0ms)
		AnalyzeDomain (376ms)
			TypeCache.Refresh (21ms)
				TypeCache.ScanAssembly (1ms)
			BuildScriptInfoCaches (334ms)
			ResolveRequiredComponents (16ms)
	FinalizeReload (1071ms)
		ReleaseScriptCaches (0ms)
		RebuildScriptCaches (0ms)
		SetupLoadedEditorAssemblies (814ms)
			LogAssemblyErrors (0ms)
			InitializePlatformSupportModulesInManaged (14ms)
			SetLoadedEditorAssemblies (4ms)
			BeforeProcessingInitializeOnLoad (210ms)
			ProcessInitializeOnLoadAttributes (475ms)
			ProcessInitializeOnLoadMethodAttributes (101ms)
			AfterProcessingInitializeOnLoad (9ms)
			EditorAssembliesLoaded (0ms)
		ExecutionOrderSort2 (0ms)
		AwakeInstancesAfterBackupRestoration (19ms)
Refreshing native plugins compatible for Editor in 1.19 ms, found 3 plugins.
Preloading 0 native plugins for Editor in 0.00 ms.
Unloading 6 Unused Serialized files (Serialized files now loaded: 0)
Unloading 7341 unused Assets / (5.0 MB). Loaded Objects now: 8561.
Memory consumption went from 229.9 MB to 224.9 MB.
Total: 11.134300 ms (FindLiveObjects: 0.981500 ms CreateObjectMapping: 1.660000 ms MarkObjects: 5.472200 ms  DeleteObjects: 3.019600 ms)

Prepare: number of updated asset objects reloaded= 0
========================================================================
Received Prepare
Begin MonoManager ReloadAssembly
- Loaded All Assemblies, in  1.079 seconds
Refreshing native plugins compatible for Editor in 1.03 ms, found 3 plugins.
Native extension for WindowsStandalone target not found
[Package Manager] Failed to launch server process. Reason: Unity was launched with the -noUpm command-line argument
[Package Manager] Unable to send message (not connected to server process).
[Package Manager] Cannot connect to Unity Package Manager local server
ScheduleIndexationOnStartup MainProcess:False IndexOnStartup:True
Mono: successfully reloaded assembly
- Finished resetting the current domain, in  1.070 seconds
Domain Reload Profiling: 2147ms
	BeginReloadAssembly (291ms)
		ExecutionOrderSort (0ms)
		DisableScriptedObjects (8ms)
		BackupInstance (0ms)
		ReleaseScriptingObjects (0ms)
		CreateAndSetChildDomain (71ms)
	RebuildCommonClasses (53ms)
	RebuildNativeTypeToScriptingClass (19ms)
	initialDomainReloadingComplete (36ms)
	LoadAllAssembliesAndSetupDomain (678ms)
		LoadAssemblies (449ms)
		RebuildTransferFunctionScriptingTraits (0ms)
		AnalyzeDomain (346ms)
			TypeCache.Refresh (10ms)
				TypeCache.ScanAssembly (0ms)
			BuildScriptInfoCaches (317ms)
			ResolveRequiredComponents (13ms)
	FinalizeReload (1070ms)
		ReleaseScriptCaches (0ms)
		RebuildScriptCaches (0ms)
		SetupLoadedEditorAssemblies (791ms)
			LogAssemblyErrors (0ms)
			InitializePlatformSupportModulesInManaged (21ms)
			SetLoadedEditorAssemblies (7ms)
			BeforeProcessingInitializeOnLoad (216ms)
			ProcessInitializeOnLoadAttributes (429ms)
			ProcessInitializeOnLoadMethodAttributes (109ms)
			AfterProcessingInitializeOnLoad (9ms)
			EditorAssembliesLoaded (0ms)
		ExecutionOrderSort2 (0ms)
		AwakeInstancesAfterBackupRestoration (20ms)
Refreshing native plugins compatible for Editor in 1.18 ms, found 3 plugins.
Preloading 0 native plugins for Editor in 0.00 ms.
Unloading 6 Unused Serialized files (Serialized files now loaded: 0)
Unloading 7341 unused Assets / (4.9 MB). Loaded Objects now: 8564.
Memory consumption went from 230.0 MB to 225.1 MB.
Total: 11.941300 ms (FindLiveObjects: 0.996100 ms CreateObjectMapping: 1.856800 ms MarkObjects: 6.291700 ms  DeleteObjects: 2.795600 ms)

Prepare: number of updated asset objects reloaded= 0
========================================================================
Received Prepare
Begin MonoManager ReloadAssembly
[Licensing::Client] Successfully resolved entitlement details
- Loaded All Assemblies, in  1.125 seconds
Refreshing native plugins compatible for Editor in 1.11 ms, found 3 plugins.
Native extension for WindowsStandalone target not found
[Package Manager] Failed to launch server process. Reason: Unity was launched with the -noUpm command-line argument
[Package Manager] Unable to send message (not connected to server process).
[Package Manager] Cannot connect to Unity Package Manager local server
ScheduleIndexationOnStartup MainProcess:False IndexOnStartup:True
Mono: successfully reloaded assembly
- Finished resetting the current domain, in  1.022 seconds
Domain Reload Profiling: 2145ms
	BeginReloadAssembly (297ms)
		ExecutionOrderSort (0ms)
		DisableScriptedObjects (8ms)
		BackupInstance (0ms)
		ReleaseScriptingObjects (0ms)
		CreateAndSetChildDomain (69ms)
	RebuildCommonClasses (47ms)
	RebuildNativeTypeToScriptingClass (19ms)
	initialDomainReloadingComplete (38ms)
	LoadAllAssembliesAndSetupDomain (722ms)
		LoadAssemblies (489ms)
		RebuildTransferFunctionScriptingTraits (0ms)
		AnalyzeDomain (364ms)
			TypeCache.Refresh (14ms)
				TypeCache.ScanAssembly (0ms)
			BuildScriptInfoCaches (329ms)
			ResolveRequiredComponents (17ms)
	FinalizeReload (1022ms)
		ReleaseScriptCaches (0ms)
		RebuildScriptCaches (0ms)
		SetupLoadedEditorAssemblies (758ms)
			LogAssemblyErrors (0ms)
			InitializePlatformSupportModulesInManaged (14ms)
			SetLoadedEditorAssemblies (4ms)
			BeforeProcessingInitializeOnLoad (188ms)
			ProcessInitializeOnLoadAttributes (435ms)
			ProcessInitializeOnLoadMethodAttributes (107ms)
			AfterProcessingInitializeOnLoad (8ms)
			EditorAssembliesLoaded (0ms)
		ExecutionOrderSort2 (0ms)
		AwakeInstancesAfterBackupRestoration (22ms)
Refreshing native plugins compatible for Editor in 1.07 ms, found 3 plugins.
Preloading 0 native plugins for Editor in 0.00 ms.
Unloading 6 Unused Serialized files (Serialized files now loaded: 0)
Unloading 7341 unused Assets / (5.2 MB). Loaded Objects now: 8567.
Memory consumption went from 230.1 MB to 224.9 MB.
Total: 15.913300 ms (FindLiveObjects: 0.973300 ms CreateObjectMapping: 1.668000 ms MarkObjects: 8.491400 ms  DeleteObjects: 4.779200 ms)

Prepare: number of updated asset objects reloaded= 0
========================================================================
Received Import Request.
  Time since last request: 1041.403559 seconds.
  path: Assets/work/animation/Sword/Sword_01.controller
  artifactKey: Guid(3ac4c7e98ec1f3e43b2a090d5f6288e6) Importer(815301076,1909f56bfc062723c751e8b465ee728b)
Start importing Assets/work/animation/Sword/Sword_01.controller using Guid(3ac4c7e98ec1f3e43b2a090d5f6288e6) Importer(815301076,1909f56bfc062723c751e8b465ee728b) (PreviewImporter) -> (artifact id: '77872b994fae77ef2dac1128d24e1374') in 0.1534168 seconds
Number of updated asset objects reloaded before import = 0Number of asset objects unloaded after import = 20

========================================================================
Received Prepare
Begin MonoManager ReloadAssembly
- Loaded All Assemblies, in  1.137 seconds
Refreshing native plugins compatible for Editor in 0.95 ms, found 3 plugins.
Native extension for WindowsStandalone target not found
[Package Manager] Failed to launch server process. Reason: Unity was launched with the -noUpm command-line argument
[Package Manager] Unable to send message (not connected to server process).
[Package Manager] Cannot connect to Unity Package Manager local server
ScheduleIndexationOnStartup MainProcess:False IndexOnStartup:True
Mono: successfully reloaded assembly
- Finished resetting the current domain, in  0.982 seconds
Domain Reload Profiling: 2116ms
	BeginReloadAssembly (308ms)
		ExecutionOrderSort (0ms)
		DisableScriptedObjects (9ms)
		BackupInstance (0ms)
		ReleaseScriptingObjects (0ms)
		CreateAndSetChildDomain (88ms)
	RebuildCommonClasses (50ms)
	RebuildNativeTypeToScriptingClass (26ms)
	initialDomainReloadingComplete (40ms)
	LoadAllAssembliesAndSetupDomain (709ms)
		LoadAssemblies (496ms)
		RebuildTransferFunctionScriptingTraits (0ms)
		AnalyzeDomain (340ms)
			TypeCache.Refresh (11ms)
				TypeCache.ScanAssembly (0ms)
			BuildScriptInfoCaches (308ms)
			ResolveRequiredComponents (16ms)
	FinalizeReload (983ms)
		ReleaseScriptCaches (0ms)
		RebuildScriptCaches (0ms)
		SetupLoadedEditorAssemblies (725ms)
			LogAssemblyErrors (0ms)
			InitializePlatformSupportModulesInManaged (14ms)
			SetLoadedEditorAssemblies (4ms)
			BeforeProcessingInitializeOnLoad (186ms)
			ProcessInitializeOnLoadAttributes (417ms)
			ProcessInitializeOnLoadMethodAttributes (95ms)
			AfterProcessingInitializeOnLoad (9ms)
			EditorAssembliesLoaded (0ms)
		ExecutionOrderSort2 (0ms)
		AwakeInstancesAfterBackupRestoration (18ms)
Refreshing native plugins compatible for Editor in 1.13 ms, found 3 plugins.
Preloading 0 native plugins for Editor in 0.00 ms.
Unloading 6 Unused Serialized files (Serialized files now loaded: 0)
Unloading 7341 unused Assets / (4.9 MB). Loaded Objects now: 8570.
Memory consumption went from 230.3 MB to 225.3 MB.
Total: 14.461300 ms (FindLiveObjects: 1.164500 ms CreateObjectMapping: 2.247400 ms MarkObjects: 7.880200 ms  DeleteObjects: 3.165800 ms)

Prepare: number of updated asset objects reloaded= 0
