[Licensing::Module] Trying to connect to existing licensing client channel...
Built from '6000.3/staging' branch; Version is '6000.3.10f1 (e35f0c77bd8e) revision 14901004'; Using compiler version '194234433'; Build Type 'Release'
OS: 'Windows 10  (10.0.19045) 64bit Professional' Language: 'ru' Physical Memory: 32668 MB
[Licensing::IpcConnector] Successfully connected to: "LicenseClient-skond" at "2026-03-19T18:39:59.122073Z"
BatchMode: 1, IsHumanControllingUs: 0, StartBugReporterOnCrash: 0, Is64bit: 1
System  architecture: x64
Process architecture: x64
Date: 2026-03-19T18:39:59Z

COMMAND LINE ARGUMENTS:
C:\Program Files\Unity\Hub\Editor\6000.3.10f1\Editor\Unity.exe
-adb2
-batchMode
-noUpm
-name
AssetImportWorker5
-projectPath
C:/Users/skond/OneDrive/Документы/GitHub/RPG/Real_RPG
-logFile
Logs/AssetImportWorker5.log
-srvPort
58025
-licensingIpc
LicenseClient-skond
-job-worker-count
5
-background-job-worker-count
8
-gc-helper-count
1
-name
AssetImport
Successfully changed project path to: C:/Users/skond/OneDrive/Документы/GitHub/RPG/Real_RPG
C:/Users/skond/OneDrive/Документы/GitHub/RPG/Real_RPG
[UnityMemory] Configuration Parameters - Can be set up in boot.config
    "memorysetup-temp-allocator-size-nav-mesh-worker=65536"
    "memorysetup-temp-allocator-size-audio-worker=65536"
    "memorysetup-temp-allocator-size-gfx=262144"
    "memorysetup-allocator-temp-initial-block-size-main=262144"
    "memorysetup-allocator-temp-initial-block-size-worker=262144"
    "memorysetup-temp-allocator-size-background-worker=32768"
    "memorysetup-temp-allocator-size-job-worker=262144"
    "memorysetup-temp-allocator-size-preload-manager=33554432"
    "memorysetup-temp-allocator-size-gi-baking-worker=262144"
    "memorysetup-temp-allocator-size-gi-baking-worker=262144"
    "memorysetup-temp-allocator-size-gi-baking-worker=262144"
    "memorysetup-temp-allocator-size-gi-baking-worker=262144"
    "memorysetup-temp-allocator-size-gi-baking-worker=262144"
    "memorysetup-bucket-allocator-granularity=16"
    "memorysetup-bucket-allocator-bucket-count=8"
    "memorysetup-bucket-allocator-block-size=33554432"
    "memorysetup-bucket-allocator-block-count=8"
    "memorysetup-main-allocator-block-size=16777216"
    "memorysetup-thread-allocator-block-size=16777216"
    "memorysetup-gfx-main-allocator-block-size=16777216"
    "memorysetup-gfx-thread-allocator-block-size=16777216"
    "memorysetup-cache-allocator-block-size=4194304"
    "memorysetup-typetree-allocator-block-size=2097152"
    "memorysetup-profiler-bucket-allocator-granularity=16"
    "memorysetup-profiler-bucket-allocator-bucket-count=8"
    "memorysetup-profiler-bucket-allocator-block-size=33554432"
    "memorysetup-profiler-bucket-allocator-block-count=8"
    "memorysetup-profiler-allocator-block-size=16777216"
    "memorysetup-profiler-editor-allocator-block-size=1048576"
    "memorysetup-temp-allocator-size-main=16777216"
    "memorysetup-job-temp-allocator-block-size=2097152"
    "memorysetup-job-temp-allocator-block-size-background=1048576"
    "memorysetup-job-temp-allocator-reduction-small-platforms=262144"
    "memorysetup-temp-allocator-size-cloud-worker=32768"
Player connection [24184]  Target information:

Player connection [24184]  * "[IP] 192.168.1.109 [Port] 0 [Flags] 2 [Guid] 406896278 [EditorId] 406896278 [Version] 1048832 [Id] WindowsEditor(7,DESCTOP-NIKITA) [Debug] 1 [PackageName] WindowsEditor [ProjectName] Editor" 

Player connection [24184]  * "[IP] 26.159.67.115 [Port] 0 [Flags] 2 [Guid] 406896278 [EditorId] 406896278 [Version] 1048832 [Id] WindowsEditor(7,DESCTOP-NIKITA) [Debug] 1 [PackageName] WindowsEditor [ProjectName] Editor" 

Player connection [24184]  * "[IP] 192.168.56.1 [Port] 0 [Flags] 2 [Guid] 406896278 [EditorId] 406896278 [Version] 1048832 [Id] WindowsEditor(7,DESCTOP-NIKITA) [Debug] 1 [PackageName] WindowsEditor [ProjectName] Editor" 

Player connection [24184] Host joined multi-casting on [225.0.0.222:54997]...
Player connection [24184] Host joined alternative multi-casting on [225.0.0.222:34997]...
JobSystem: Creating JobQueue using job-worker-count value 5
Input System module state changed to: Initialized.
[Physics::Module] Initialized fallback backend.
[Physics::Module] Id: 0xdecafbad
Library Redirect Path: Library/
[Physics::Module] Selected backend.
[Physics::Module] Name: PhysX
[Physics::Module] Id: 0xf2b8ea05
[Physics::Module] SDK Version: 4.1.2
[Physics::Module] Integration Version: 1.0.0
[Physics::Module] Threading Mode: Multi-Threaded
Refreshing native plugins compatible for Editor in 2.65 ms, found 3 plugins.
Preloading 0 native plugins for Editor in 0.00 ms.
Initialize engine version: 6000.3.10f1 (e35f0c77bd8e)
[Subsystems] Discovering subsystems at path C:/Program Files/Unity/Hub/Editor/6000.3.10f1/Editor/Data/Resources/UnitySubsystems
[Subsystems] Discovering subsystems at path C:/Users/skond/OneDrive/Документы/GitHub/RPG/Real_RPG/Assets
GfxDevice: creating device client; kGfxThreadingModeNonThreaded
Direct3D:
    Version:  Direct3D 11.0 [level 11.1]
    Renderer: NVIDIA GeForce RTX 4060 (ID=0x2882)
    Vendor:   NVIDIA
    VRAM:     7957 MB
    Driver:   32.0.15.8180
Initialize mono
Mono path[0] = 'C:/Program Files/Unity/Hub/Editor/6000.3.10f1/Editor/Data/Managed'
Mono path[1] = 'C:/Program Files/Unity/Hub/Editor/6000.3.10f1/Editor/Data/MonoBleedingEdge/lib/mono/unityjit-win32'
Mono config path = 'C:/Program Files/Unity/Hub/Editor/6000.3.10f1/Editor/Data/MonoBleedingEdge/etc'
Using monoOptions --debugger-agent=transport=dt_socket,embedding=1,server=y,suspend=n,address=127.0.0.1:56632
Begin MonoManager ReloadAssembly
Registering precompiled unity dll's ...
Register platform support module: C:/Program Files/Unity/Hub/Editor/6000.3.10f1/Editor/Data/PlaybackEngines/WindowsStandaloneSupport/UnityEditor.WindowsStandalone.Extensions.dll
Registered in 0.003172 seconds.
[Licensing::Client] Handshaking with LicensingClient:
  Version:                 1.17.4+4293ba1
  Session Id:              5b316b419dea4ee5b4e96edaf61b0e39
  Correlation Id:          740a33a231589c221f42416699ed8bec
  External correlation Id: 8965625485469092478
  Machine Id:              EAfocD0rgLwKLANkq5GPS46Ey/g=
[Licensing::Module] Successfully connected to LicensingClient on channel: "LicenseClient-skond" (connect: 0.00s, validation: 0.00s, handshake: 1.54s)
[Licensing::IpcConnector] Successfully connected to: "LicenseClient-skond-notifications" at "2026-03-19T18:40:00.659602Z"
[Licensing::Module] Licensing Background thread has ended after 1.54s
- Loaded All Assemblies, in  0.589 seconds
Native extension for WindowsStandalone target not found
ScheduleIndexationOnStartup MainProcess:False IndexOnStartup:True
Mono: successfully reloaded assembly
- Finished resetting the current domain, in  0.598 seconds
Domain Reload Profiling: 1183ms
	BeginReloadAssembly (186ms)
		ExecutionOrderSort (0ms)
		DisableScriptedObjects (0ms)
		BackupInstance (0ms)
		ReleaseScriptingObjects (0ms)
		CreateAndSetChildDomain (1ms)
	RebuildCommonClasses (52ms)
	RebuildNativeTypeToScriptingClass (18ms)
	initialDomainReloadingComplete (70ms)
	LoadAllAssembliesAndSetupDomain (257ms)
		LoadAssemblies (181ms)
		RebuildTransferFunctionScriptingTraits (0ms)
		AnalyzeDomain (254ms)
			TypeCache.Refresh (252ms)
				TypeCache.ScanAssembly (232ms)
			BuildScriptInfoCaches (0ms)
			ResolveRequiredComponents (1ms)
	FinalizeReload (599ms)
		ReleaseScriptCaches (0ms)
		RebuildScriptCaches (0ms)
		SetupLoadedEditorAssemblies (536ms)
			LogAssemblyErrors (0ms)
			InitializePlatformSupportModulesInManaged (111ms)
			SetLoadedEditorAssemblies (4ms)
			BeforeProcessingInitializeOnLoad (120ms)
			ProcessInitializeOnLoadAttributes (231ms)
			ProcessInitializeOnLoadMethodAttributes (69ms)
			AfterProcessingInitializeOnLoad (0ms)
			EditorAssembliesLoaded (0ms)
		ExecutionOrderSort2 (0ms)
		AwakeInstancesAfterBackupRestoration (0ms)
========================================================================
Worker process is ready to serve import requests
Import Worker Mode flag is 0x00
Begin MonoManager ReloadAssembly
[Licensing::Client] Successfully resolved entitlement details
[Licensing::Module] License group:
  Id: 10171162515417-UnityPersXXXX
  Product: Unity Personal
  Type: Assigned
  Expiration: Unlimited
- Loaded All Assemblies, in  1.059 seconds
Refreshing native plugins compatible for Editor in 1.02 ms, found 3 plugins.
Native extension for WindowsStandalone target not found
Package Manager log level set to [2]
[Package Manager] Failed to launch server process. Reason: Unity was launched with the -noUpm command-line argument
[Package Manager] Unable to send message (not connected to server process).
[Package Manager] Cannot connect to Unity Package Manager local server
ScheduleIndexationOnStartup MainProcess:False IndexOnStartup:True
Mono: successfully reloaded assembly
- Finished resetting the current domain, in  1.195 seconds
Domain Reload Profiling: 2247ms
	BeginReloadAssembly (215ms)
		ExecutionOrderSort (0ms)
		DisableScriptedObjects (8ms)
		BackupInstance (0ms)
		ReleaseScriptingObjects (0ms)
		CreateAndSetChildDomain (36ms)
	RebuildCommonClasses (43ms)
	RebuildNativeTypeToScriptingClass (16ms)
	initialDomainReloadingComplete (46ms)
	LoadAllAssembliesAndSetupDomain (732ms)
		LoadAssemblies (432ms)
		RebuildTransferFunctionScriptingTraits (0ms)
		AnalyzeDomain (417ms)
			TypeCache.Refresh (293ms)
				TypeCache.ScanAssembly (274ms)
			BuildScriptInfoCaches (106ms)
			ResolveRequiredComponents (14ms)
	FinalizeReload (1195ms)
		ReleaseScriptCaches (0ms)
		RebuildScriptCaches (0ms)
		SetupLoadedEditorAssemblies (995ms)
			LogAssemblyErrors (0ms)
			InitializePlatformSupportModulesInManaged (15ms)
			SetLoadedEditorAssemblies (4ms)
			BeforeProcessingInitializeOnLoad (197ms)
			ProcessInitializeOnLoadAttributes (420ms)
			ProcessInitializeOnLoadMethodAttributes (352ms)
			AfterProcessingInitializeOnLoad (8ms)
			EditorAssembliesLoaded (0ms)
		ExecutionOrderSort2 (0ms)
		AwakeInstancesAfterBackupRestoration (7ms)
Launched and connected shader compiler UnityShaderCompiler.exe after 0.01 seconds
Refreshing native plugins compatible for Editor in 1.21 ms, found 3 plugins.
Preloading 0 native plugins for Editor in 0.00 ms.
Unloading 11 Unused Serialized files (Serialized files now loaded: 0)
Unloading 7341 unused Assets / (5.6 MB). Loaded Objects now: 8401.
Memory consumption went from 213.6 MB to 208.0 MB.
Total: 11.036300 ms (FindLiveObjects: 0.916500 ms CreateObjectMapping: 1.714300 ms MarkObjects: 5.377600 ms  DeleteObjects: 3.027000 ms)

========================================================================
Received Import Request.
  Time since last request: 363629.609820 seconds.
  path: Assets/work/sound/Materials/bamboo_drop.wav
  artifactKey: Guid(8b6e728313362cf46a6962379c18f30c) Importer(815301076,1909f56bfc062723c751e8b465ee728b)
Start importing Assets/work/sound/Materials/bamboo_drop.wav using Guid(8b6e728313362cf46a6962379c18f30c) Importer(815301076,1909f56bfc062723c751e8b465ee728b) (PreviewImporter) -> (artifact id: '9241f089a89ce7fa57eba50043095f92') in 0.1543296 seconds
Number of updated asset objects reloaded before import = 0Number of asset objects unloaded after import = 2

========================================================================
Received Import Request.
  Time since last request: 0.000035 seconds.
  path: Assets/work/sound/Materials/pottery_clang.wav
  artifactKey: Guid(522c524246742e143a7a218d8e524cef) Importer(815301076,1909f56bfc062723c751e8b465ee728b)
Start importing Assets/work/sound/Materials/pottery_clang.wav using Guid(522c524246742e143a7a218d8e524cef) Importer(815301076,1909f56bfc062723c751e8b465ee728b) (PreviewImporter) -> (artifact id: '764eccd273cb37b03f7afc406717d3ee') in 0.0267261 seconds
Number of updated asset objects reloaded before import = 0Number of asset objects unloaded after import = 2

========================================================================
Received Import Request.
  Time since last request: 0.000026 seconds.
  path: Assets/work/sound/Materials/paper_tear_2.wav
  artifactKey: Guid(afad8007aeac64c42ae5a0742b0dd4d1) Importer(815301076,1909f56bfc062723c751e8b465ee728b)
Start importing Assets/work/sound/Materials/paper_tear_2.wav using Guid(afad8007aeac64c42ae5a0742b0dd4d1) Importer(815301076,1909f56bfc062723c751e8b465ee728b) (PreviewImporter) -> (artifact id: '14e130d6ed7bae7cc13d992de5fa6756') in 0.0055796 seconds
Number of updated asset objects reloaded before import = 0Number of asset objects unloaded after import = 2

========================================================================
Received Import Request.
  Time since last request: 0.000015 seconds.
  path: Assets/work/sound/Materials/paper_move.wav
  artifactKey: Guid(c37c3204c1161ed4d9b697b139be01e4) Importer(815301076,1909f56bfc062723c751e8b465ee728b)
Start importing Assets/work/sound/Materials/paper_move.wav using Guid(c37c3204c1161ed4d9b697b139be01e4) Importer(815301076,1909f56bfc062723c751e8b465ee728b) (PreviewImporter) -> (artifact id: '3236aefa71384d277c4b890f1df89511') in 0.0185524 seconds
Number of updated asset objects reloaded before import = 0Number of asset objects unloaded after import = 2

========================================================================
Received Import Request.
  Time since last request: 0.000022 seconds.
  path: Assets/work/sound/Materials/ceramic_jar_open.wav
  artifactKey: Guid(ff943b4fed1bbdd45ad1d81e4ca97f42) Importer(815301076,1909f56bfc062723c751e8b465ee728b)
Start importing Assets/work/sound/Materials/ceramic_jar_open.wav using Guid(ff943b4fed1bbdd45ad1d81e4ca97f42) Importer(815301076,1909f56bfc062723c751e8b465ee728b) (PreviewImporter) -> (artifact id: '7bb1a12044f214efd9e52b95f79d9db8') in 0.0135128 seconds
Number of updated asset objects reloaded before import = 0Number of asset objects unloaded after import = 2

========================================================================
Received Import Request.
  Time since last request: 0.000023 seconds.
  path: Assets/work/sound/Materials/stone_push_long.wav
  artifactKey: Guid(dec5a3a26f80ca440ab5d985c33baf16) Importer(815301076,1909f56bfc062723c751e8b465ee728b)
Start importing Assets/work/sound/Materials/stone_push_long.wav using Guid(dec5a3a26f80ca440ab5d985c33baf16) Importer(815301076,1909f56bfc062723c751e8b465ee728b) (PreviewImporter) -> (artifact id: '8366ae021b196cec79d97a0867ff0a38') in 0.0244359 seconds
Number of updated asset objects reloaded before import = 0Number of asset objects unloaded after import = 2

========================================================================
Received Import Request.
  Time since last request: 0.000015 seconds.
  path: Assets/work/sound/Materials/paper_tear_1.wav
  artifactKey: Guid(42c4fb770deb56641afeb585213ec8a4) Importer(815301076,1909f56bfc062723c751e8b465ee728b)
Start importing Assets/work/sound/Materials/paper_tear_1.wav using Guid(42c4fb770deb56641afeb585213ec8a4) Importer(815301076,1909f56bfc062723c751e8b465ee728b) (PreviewImporter) -> (artifact id: '7ad78e9b38b1a0f3fbc831cb7013fe8c') in 0.0223226 seconds
Number of updated asset objects reloaded before import = 0Number of asset objects unloaded after import = 2

========================================================================
Received Import Request.
  Time since last request: 0.000033 seconds.
  path: Assets/work/sound/Materials/wood_small_hollow.wav
  artifactKey: Guid(7d019ec858ab36e4e83ec86466ce96d0) Importer(815301076,1909f56bfc062723c751e8b465ee728b)
Start importing Assets/work/sound/Materials/wood_small_hollow.wav using Guid(7d019ec858ab36e4e83ec86466ce96d0) Importer(815301076,1909f56bfc062723c751e8b465ee728b) (PreviewImporter) -> (artifact id: 'b0de6344d2260189b3544bc3b388c616') in 0.006655 seconds
Number of updated asset objects reloaded before import = 0Number of asset objects unloaded after import = 2

========================================================================
Received Import Request.
  Time since last request: 0.000024 seconds.
  path: Assets/work/sound/Materials/cardboard_tear.wav
  artifactKey: Guid(97a9689335716d94d89c2fd837118ec4) Importer(815301076,1909f56bfc062723c751e8b465ee728b)
Start importing Assets/work/sound/Materials/cardboard_tear.wav using Guid(97a9689335716d94d89c2fd837118ec4) Importer(815301076,1909f56bfc062723c751e8b465ee728b) (PreviewImporter) -> (artifact id: '74f422f16a42ea3e1fc096b2c15a254b') in 0.03506 seconds
Number of updated asset objects reloaded before import = 0Number of asset objects unloaded after import = 2

========================================================================
Received Import Request.
  Time since last request: 0.000014 seconds.
  path: Assets/work/sound/Materials/wood_small_drop.wav
  artifactKey: Guid(c395fe908b6b6cb4fb1dba1ff74948ee) Importer(815301076,1909f56bfc062723c751e8b465ee728b)
Start importing Assets/work/sound/Materials/wood_small_drop.wav using Guid(c395fe908b6b6cb4fb1dba1ff74948ee) Importer(815301076,1909f56bfc062723c751e8b465ee728b) (PreviewImporter) -> (artifact id: '5e5779a762c09ecab776cd078ae649c1') in 0.0072593 seconds
Number of updated asset objects reloaded before import = 0Number of asset objects unloaded after import = 2

========================================================================
Received Import Request.
  Time since last request: 0.000017 seconds.
  path: Assets/work/sound/Materials/clothing_thud.wav
  artifactKey: Guid(579ad2bde1707dd4b88451701dd12011) Importer(815301076,1909f56bfc062723c751e8b465ee728b)
Start importing Assets/work/sound/Materials/clothing_thud.wav using Guid(579ad2bde1707dd4b88451701dd12011) Importer(815301076,1909f56bfc062723c751e8b465ee728b) (PreviewImporter) -> (artifact id: 'faae3936a58d711f9316f614c54d1345') in 0.0235068 seconds
Number of updated asset objects reloaded before import = 0Number of asset objects unloaded after import = 2

========================================================================
Received Import Request.
  Time since last request: 33.917393 seconds.
  path: Assets/work/sound/Match Three/match_synth_3.wav
  artifactKey: Guid(141bc5b4f0dbf584b863b9bf00784773) Importer(815301076,1909f56bfc062723c751e8b465ee728b)
Start importing Assets/work/sound/Match Three/match_synth_3.wav using Guid(141bc5b4f0dbf584b863b9bf00784773) Importer(815301076,1909f56bfc062723c751e8b465ee728b) (PreviewImporter) -> (artifact id: '50e72f407c4660c6a995ff0bd48b9388') in 0.0933107 seconds
Number of updated asset objects reloaded before import = 0Number of asset objects unloaded after import = 2

========================================================================
Received Import Request.
  Time since last request: 0.000018 seconds.
  path: Assets/work/sound/Match Three/match_xylophone_5.wav
  artifactKey: Guid(170367849d115194b8e6af596fa7ea1e) Importer(815301076,1909f56bfc062723c751e8b465ee728b)
Start importing Assets/work/sound/Match Three/match_xylophone_5.wav using Guid(170367849d115194b8e6af596fa7ea1e) Importer(815301076,1909f56bfc062723c751e8b465ee728b) (PreviewImporter) -> (artifact id: 'e34de752bfbf03650e3db3233ce10fad') in 0.042239 seconds
Number of updated asset objects reloaded before import = 0Number of asset objects unloaded after import = 2

========================================================================
Received Import Request.
  Time since last request: 0.000019 seconds.
  path: Assets/work/sound/Match Three/match_synth_8.wav
  artifactKey: Guid(1fee2104629db054ab2c9a3d4c23af15) Importer(815301076,1909f56bfc062723c751e8b465ee728b)
Start importing Assets/work/sound/Match Three/match_synth_8.wav using Guid(1fee2104629db054ab2c9a3d4c23af15) Importer(815301076,1909f56bfc062723c751e8b465ee728b) (PreviewImporter) -> (artifact id: 'e5c10f0b64caf56d8082296b5729e711') in 0.0169329 seconds
Number of updated asset objects reloaded before import = 0Number of asset objects unloaded after import = 2

========================================================================
Received Import Request.
  Time since last request: 0.000025 seconds.
  path: Assets/work/sound/Match Three/match_synth_5.wav
  artifactKey: Guid(5650e0d38b005bf4db2cec33a59745bf) Importer(815301076,1909f56bfc062723c751e8b465ee728b)
Start importing Assets/work/sound/Match Three/match_synth_5.wav using Guid(5650e0d38b005bf4db2cec33a59745bf) Importer(815301076,1909f56bfc062723c751e8b465ee728b) (PreviewImporter) -> (artifact id: 'd2e9b8a003299b7001abe2bb800d333c') in 0.0074806 seconds
Number of updated asset objects reloaded before import = 0Number of asset objects unloaded after import = 2

========================================================================
Received Import Request.
  Time since last request: 0.000016 seconds.
  path: Assets/work/sound/Match Three/match_xylophone_8.wav
  artifactKey: Guid(979d4d63ac9b1b6418a448e09b6756df) Importer(815301076,1909f56bfc062723c751e8b465ee728b)
Start importing Assets/work/sound/Match Three/match_xylophone_8.wav using Guid(979d4d63ac9b1b6418a448e09b6756df) Importer(815301076,1909f56bfc062723c751e8b465ee728b) (PreviewImporter) -> (artifact id: 'a5d815f537024466164b3f1bfa392d4d') in 0.0068467 seconds
Number of updated asset objects reloaded before import = 0Number of asset objects unloaded after import = 2

========================================================================
Received Import Request.
  Time since last request: 0.000018 seconds.
  path: Assets/work/sound/Match Three/match_xylophone_10_MAX.wav
  artifactKey: Guid(3ba40db99cb28c246abc815dd358046a) Importer(815301076,1909f56bfc062723c751e8b465ee728b)
Start importing Assets/work/sound/Match Three/match_xylophone_10_MAX.wav using Guid(3ba40db99cb28c246abc815dd358046a) Importer(815301076,1909f56bfc062723c751e8b465ee728b) (PreviewImporter) -> (artifact id: 'a482391988c123d0f42812bd9a1d0c77') in 0.010814 seconds
Number of updated asset objects reloaded before import = 0Number of asset objects unloaded after import = 2

========================================================================
Received Import Request.
  Time since last request: 0.000013 seconds.
  path: Assets/work/sound/Match Three/match_xylophone_9.wav
  artifactKey: Guid(18c75208f9a67904da5f016578c101d9) Importer(815301076,1909f56bfc062723c751e8b465ee728b)
Start importing Assets/work/sound/Match Three/match_xylophone_9.wav using Guid(18c75208f9a67904da5f016578c101d9) Importer(815301076,1909f56bfc062723c751e8b465ee728b) (PreviewImporter) -> (artifact id: '6e7924aa6fccfddbcd49600e42431b38') in 0.0165537 seconds
Number of updated asset objects reloaded before import = 0Number of asset objects unloaded after import = 2

========================================================================
Received Import Request.
  Time since last request: 33.603748 seconds.
  path: Assets/work/sound/Combat and Gore/crunch_quick.wav
  artifactKey: Guid(f2c88ef414236974793a6b4eb849ead9) Importer(815301076,1909f56bfc062723c751e8b465ee728b)
Start importing Assets/work/sound/Combat and Gore/crunch_quick.wav using Guid(f2c88ef414236974793a6b4eb849ead9) Importer(815301076,1909f56bfc062723c751e8b465ee728b) (PreviewImporter) -> (artifact id: 'a38482b462852a75fcbd03b2c273a075') in 0.0086623 seconds
Number of updated asset objects reloaded before import = 0Number of asset objects unloaded after import = 2

========================================================================
Received Import Request.
  Time since last request: 0.000025 seconds.
  path: Assets/work/sound/Combat and Gore/squelching_1.wav
  artifactKey: Guid(3ab4ca2139f59214598535342f4ba130) Importer(815301076,1909f56bfc062723c751e8b465ee728b)
Start importing Assets/work/sound/Combat and Gore/squelching_1.wav using Guid(3ab4ca2139f59214598535342f4ba130) Importer(815301076,1909f56bfc062723c751e8b465ee728b) (PreviewImporter) -> (artifact id: '0f531cb691bfe4d348b9e5bea2a06ef9') in 0.033001 seconds
Number of updated asset objects reloaded before import = 0Number of asset objects unloaded after import = 2

========================================================================
Received Import Request.
  Time since last request: 0.000025 seconds.
  path: Assets/work/sound/Combat and Gore/swipe.wav
  artifactKey: Guid(35d57446dcd4cf843b0c5e50513565a8) Importer(815301076,1909f56bfc062723c751e8b465ee728b)
Start importing Assets/work/sound/Combat and Gore/swipe.wav using Guid(35d57446dcd4cf843b0c5e50513565a8) Importer(815301076,1909f56bfc062723c751e8b465ee728b) (PreviewImporter) -> (artifact id: 'd922b0cc5b634a116abf4abdd24daac9') in 0.1078034 seconds
Number of updated asset objects reloaded before import = 0Number of asset objects unloaded after import = 2

========================================================================
Received Import Request.
  Time since last request: 0.000024 seconds.
  path: Assets/work/sound/Combat and Gore/squelching_4.wav
  artifactKey: Guid(86fa8ad2a15db3242a6ebead95e68b17) Importer(815301076,1909f56bfc062723c751e8b465ee728b)
Start importing Assets/work/sound/Combat and Gore/squelching_4.wav using Guid(86fa8ad2a15db3242a6ebead95e68b17) Importer(815301076,1909f56bfc062723c751e8b465ee728b) (PreviewImporter) -> (artifact id: '81b6ed7f64638974055dd49090caa35d') in 0.0126869 seconds
Number of updated asset objects reloaded before import = 0Number of asset objects unloaded after import = 2

========================================================================
Received Import Request.
  Time since last request: 0.000025 seconds.
  path: Assets/work/sound/Combat and Gore/punch.wav
  artifactKey: Guid(8264476adbd8b9d458d471ade0fe73a0) Importer(815301076,1909f56bfc062723c751e8b465ee728b)
Start importing Assets/work/sound/Combat and Gore/punch.wav using Guid(8264476adbd8b9d458d471ade0fe73a0) Importer(815301076,1909f56bfc062723c751e8b465ee728b) (PreviewImporter) -> (artifact id: '89271e842c71082d797eb3cde257c09e') in 0.0056506 seconds
Number of updated asset objects reloaded before import = 0Number of asset objects unloaded after import = 2

========================================================================
Received Import Request.
  Time since last request: 0.000017 seconds.
  path: Assets/work/sound/Combat and Gore/squelching_3.wav
  artifactKey: Guid(d0b68d9db95d0224aa38b2d09ef05d43) Importer(815301076,1909f56bfc062723c751e8b465ee728b)
Start importing Assets/work/sound/Combat and Gore/squelching_3.wav using Guid(d0b68d9db95d0224aa38b2d09ef05d43) Importer(815301076,1909f56bfc062723c751e8b465ee728b) (PreviewImporter) -> (artifact id: '7d3ee9abe3e34140840400431fd4dba3') in 0.0071942 seconds
Number of updated asset objects reloaded before import = 0Number of asset objects unloaded after import = 2

========================================================================
Received Import Request.
  Time since last request: 40.224366 seconds.
  path: Assets/work/sound/Footsteps/foley_footstep_carpet_2.wav
  artifactKey: Guid(11622b823f25289479d910b9c66d1737) Importer(815301076,1909f56bfc062723c751e8b465ee728b)
Start importing Assets/work/sound/Footsteps/foley_footstep_carpet_2.wav using Guid(11622b823f25289479d910b9c66d1737) Importer(815301076,1909f56bfc062723c751e8b465ee728b) (PreviewImporter) -> (artifact id: 'eaa65b389be464003d9f31f55b8d3bb4') in 0.006227 seconds
Number of updated asset objects reloaded before import = 0Number of asset objects unloaded after import = 2

========================================================================
Received Import Request.
  Time since last request: 0.000016 seconds.
  path: Assets/work/sound/Footsteps/foley_footstep_gravel_2.wav
  artifactKey: Guid(fee90f91c191d724d98d9a60392d2dbd) Importer(815301076,1909f56bfc062723c751e8b465ee728b)
Start importing Assets/work/sound/Footsteps/foley_footstep_gravel_2.wav using Guid(fee90f91c191d724d98d9a60392d2dbd) Importer(815301076,1909f56bfc062723c751e8b465ee728b) (PreviewImporter) -> (artifact id: '061d25eaa10721ab33950f16df2fbbe7') in 0.0190016 seconds
Number of updated asset objects reloaded before import = 0Number of asset objects unloaded after import = 2

========================================================================
Received Import Request.
  Time since last request: 0.000024 seconds.
  path: Assets/work/sound/Footsteps/foley_footstep_vinyl_4.wav
  artifactKey: Guid(d201c273153603e4da169b15505f54ce) Importer(815301076,1909f56bfc062723c751e8b465ee728b)
Start importing Assets/work/sound/Footsteps/foley_footstep_vinyl_4.wav using Guid(d201c273153603e4da169b15505f54ce) Importer(815301076,1909f56bfc062723c751e8b465ee728b) (PreviewImporter) -> (artifact id: '5a814523f1bb70c414e706a5d90f3fbc') in 0.0079741 seconds
Number of updated asset objects reloaded before import = 0Number of asset objects unloaded after import = 2

========================================================================
Received Import Request.
  Time since last request: 0.000013 seconds.
  path: Assets/work/sound/Footsteps/foley_footstep_gravel_4.wav
  artifactKey: Guid(bb7967165d15a834780101278cd1d58c) Importer(815301076,1909f56bfc062723c751e8b465ee728b)
Start importing Assets/work/sound/Footsteps/foley_footstep_gravel_4.wav using Guid(bb7967165d15a834780101278cd1d58c) Importer(815301076,1909f56bfc062723c751e8b465ee728b) (PreviewImporter) -> (artifact id: '044f3a56e5844d08f9aba4a1b9cf16d1') in 0.0077256 seconds
Number of updated asset objects reloaded before import = 0Number of asset objects unloaded after import = 2

========================================================================
Received Import Request.
  Time since last request: 0.000016 seconds.
  path: Assets/work/sound/Footsteps/foley_footstep_concrete_4.wav
  artifactKey: Guid(69b2f5dccac8a364b82b1592222672d7) Importer(815301076,1909f56bfc062723c751e8b465ee728b)
Start importing Assets/work/sound/Footsteps/foley_footstep_concrete_4.wav using Guid(69b2f5dccac8a364b82b1592222672d7) Importer(815301076,1909f56bfc062723c751e8b465ee728b) (PreviewImporter) -> (artifact id: 'b09280f6e7a132957afdf9d8d341a1bf') in 0.0075228 seconds
Number of updated asset objects reloaded before import = 0Number of asset objects unloaded after import = 2

========================================================================
Received Import Request.
  Time since last request: 0.000023 seconds.
  path: Assets/work/sound/Footsteps/foley_footstep_vinyl_2.wav
  artifactKey: Guid(3e108516cce70994c81ad55904c0693d) Importer(815301076,1909f56bfc062723c751e8b465ee728b)
Start importing Assets/work/sound/Footsteps/foley_footstep_vinyl_2.wav using Guid(3e108516cce70994c81ad55904c0693d) Importer(815301076,1909f56bfc062723c751e8b465ee728b) (PreviewImporter) -> (artifact id: 'a3773d7bd3b6ae61e042b50661b5ee9a') in 0.0053769 seconds
Number of updated asset objects reloaded before import = 0Number of asset objects unloaded after import = 2

========================================================================
Received Import Request.
  Time since last request: 1.051059 seconds.
  path: Assets/work/sound/Footsteps/digital/digital_footstep_grass_3.wav
  artifactKey: Guid(5c241fdfe09bd964e81d90d16566056d) Importer(815301076,1909f56bfc062723c751e8b465ee728b)
Start importing Assets/work/sound/Footsteps/digital/digital_footstep_grass_3.wav using Guid(5c241fdfe09bd964e81d90d16566056d) Importer(815301076,1909f56bfc062723c751e8b465ee728b) (PreviewImporter) -> (artifact id: '74703dafa217a19b0a7a2b8362e212d9') in 0.0367131 seconds
Number of updated asset objects reloaded before import = 0Number of asset objects unloaded after import = 2

========================================================================
Received Import Request.
  Time since last request: 0.000017 seconds.
  path: Assets/work/sound/Footsteps/digital/digital_footstep_grass_4.wav
  artifactKey: Guid(ea813e1ac7a33a34fa0c8f4a7bb5c662) Importer(815301076,1909f56bfc062723c751e8b465ee728b)
Start importing Assets/work/sound/Footsteps/digital/digital_footstep_grass_4.wav using Guid(ea813e1ac7a33a34fa0c8f4a7bb5c662) Importer(815301076,1909f56bfc062723c751e8b465ee728b) (PreviewImporter) -> (artifact id: 'c2d26b71230e9f9a960f54065870abd1') in 0.0890948 seconds
Number of updated asset objects reloaded before import = 0Number of asset objects unloaded after import = 2

========================================================================
Received Import Request.
  Time since last request: 0.000027 seconds.
  path: Assets/work/sound/Footsteps/digital/digital_footstep_snow_1.wav
  artifactKey: Guid(3231d41df9efbde4b9f862110a5b2e23) Importer(815301076,1909f56bfc062723c751e8b465ee728b)
Start importing Assets/work/sound/Footsteps/digital/digital_footstep_snow_1.wav using Guid(3231d41df9efbde4b9f862110a5b2e23) Importer(815301076,1909f56bfc062723c751e8b465ee728b) (PreviewImporter) -> (artifact id: '6ec5811f82c2ffdd426d45742fb4dc8a') in 0.0371095 seconds
Number of updated asset objects reloaded before import = 0Number of asset objects unloaded after import = 2

========================================================================
Received Import Request.
  Time since last request: 0.000016 seconds.
  path: Assets/work/sound/Footsteps/digital/digital_footstep_gravel_4.wav
  artifactKey: Guid(e87aac4c7e73e654fbbe3e821f309075) Importer(815301076,1909f56bfc062723c751e8b465ee728b)
Start importing Assets/work/sound/Footsteps/digital/digital_footstep_gravel_4.wav using Guid(e87aac4c7e73e654fbbe3e821f309075) Importer(815301076,1909f56bfc062723c751e8b465ee728b) (PreviewImporter) -> (artifact id: '29d759f03748d7cdd8233efdc785ca59') in 0.0068859 seconds
Number of updated asset objects reloaded before import = 0Number of asset objects unloaded after import = 2

========================================================================
Received Import Request.
  Time since last request: 0.000015 seconds.
  path: Assets/work/sound/Footsteps/digital/digital_footstep_gravel_2.wav
  artifactKey: Guid(3c6f0183abbb9e44296e5eb3ce2f50ce) Importer(815301076,1909f56bfc062723c751e8b465ee728b)
Start importing Assets/work/sound/Footsteps/digital/digital_footstep_gravel_2.wav using Guid(3c6f0183abbb9e44296e5eb3ce2f50ce) Importer(815301076,1909f56bfc062723c751e8b465ee728b) (PreviewImporter) -> (artifact id: 'f36d49626ffa35b11cf79c28d5a9d600') in 0.0062488 seconds
Number of updated asset objects reloaded before import = 0Number of asset objects unloaded after import = 2

========================================================================
Received Import Request.
  Time since last request: 0.000038 seconds.
  path: Assets/work/sound/Footsteps/digital/digital_footstep_gravel_1.wav
  artifactKey: Guid(43995377f99c080449f4d6157961ae59) Importer(815301076,1909f56bfc062723c751e8b465ee728b)
Start importing Assets/work/sound/Footsteps/digital/digital_footstep_gravel_1.wav using Guid(43995377f99c080449f4d6157961ae59) Importer(815301076,1909f56bfc062723c751e8b465ee728b) (PreviewImporter) -> (artifact id: '5059991c49e1825e8d9f0f6edf014e74') in 0.0058432 seconds
Number of updated asset objects reloaded before import = 0Number of asset objects unloaded after import = 2

========================================================================
Received Import Request.
  Time since last request: 10.232871 seconds.
  path: Assets/work/sound/Other/controller_button_press_2.wav
  artifactKey: Guid(3fb8f919821c9ea45a96bf5b7603170f) Importer(815301076,1909f56bfc062723c751e8b465ee728b)
Start importing Assets/work/sound/Other/controller_button_press_2.wav using Guid(3fb8f919821c9ea45a96bf5b7603170f) Importer(815301076,1909f56bfc062723c751e8b465ee728b) (PreviewImporter) -> (artifact id: 'e6b158bb0443854f3937a78d2ec3c6b5') in 0.0063128 seconds
Number of updated asset objects reloaded before import = 0Number of asset objects unloaded after import = 2

========================================================================
Received Import Request.
  Time since last request: 0.000018 seconds.
  path: Assets/work/sound/Other/ghost_long.wav
  artifactKey: Guid(6cb4b4d1ea6a803498eb91bc576f78dc) Importer(815301076,1909f56bfc062723c751e8b465ee728b)
Start importing Assets/work/sound/Other/ghost_long.wav using Guid(6cb4b4d1ea6a803498eb91bc576f78dc) Importer(815301076,1909f56bfc062723c751e8b465ee728b) (PreviewImporter) -> (artifact id: '33d0ddde1f00ea231aabdc9a8fa85086') in 0.0265602 seconds
Number of updated asset objects reloaded before import = 0Number of asset objects unloaded after import = 2

========================================================================
Received Import Request.
  Time since last request: 0.000025 seconds.
  path: Assets/work/sound/Other/whoosh_2.wav
  artifactKey: Guid(32e8291d39674ab44a40d1f379b9321d) Importer(815301076,1909f56bfc062723c751e8b465ee728b)
Start importing Assets/work/sound/Other/whoosh_2.wav using Guid(32e8291d39674ab44a40d1f379b9321d) Importer(815301076,1909f56bfc062723c751e8b465ee728b) (PreviewImporter) -> (artifact id: '856a57efccce828b4b6dab2e744884ff') in 0.0069129 seconds
Number of updated asset objects reloaded before import = 0Number of asset objects unloaded after import = 2

========================================================================
Received Import Request.
  Time since last request: 0.000019 seconds.
  path: Assets/work/sound/Other/white_noise_short.wav
  artifactKey: Guid(4442574715ffa774aa0db0667e57d9ac) Importer(815301076,1909f56bfc062723c751e8b465ee728b)
Start importing Assets/work/sound/Other/white_noise_short.wav using Guid(4442574715ffa774aa0db0667e57d9ac) Importer(815301076,1909f56bfc062723c751e8b465ee728b) (PreviewImporter) -> (artifact id: '942306c3f6982052439459d7d45bc2b2') in 0.0053257 seconds
Number of updated asset objects reloaded before import = 0Number of asset objects unloaded after import = 2

========================================================================
Received Import Request.
  Time since last request: 0.000020 seconds.
  path: Assets/work/sound/Other/elastic_twang.wav
  artifactKey: Guid(7867cbfa6e2d1804f960409fb3b5e858) Importer(815301076,1909f56bfc062723c751e8b465ee728b)
Start importing Assets/work/sound/Other/elastic_twang.wav using Guid(7867cbfa6e2d1804f960409fb3b5e858) Importer(815301076,1909f56bfc062723c751e8b465ee728b) (PreviewImporter) -> (artifact id: '3c592d573aa69cc0fad447b37f7d9d1f') in 0.0053106 seconds
Number of updated asset objects reloaded before import = 0Number of asset objects unloaded after import = 2

========================================================================
Received Import Request.
  Time since last request: 0.000027 seconds.
  path: Assets/work/sound/Other/drink_slurp.wav
  artifactKey: Guid(19fe2191eaefb45408b40810fb1b8bf1) Importer(815301076,1909f56bfc062723c751e8b465ee728b)
Start importing Assets/work/sound/Other/drink_slurp.wav using Guid(19fe2191eaefb45408b40810fb1b8bf1) Importer(815301076,1909f56bfc062723c751e8b465ee728b) (PreviewImporter) -> (artifact id: '7e4244917b28a69943efa483c3e38ed3') in 0.0058643 seconds
Number of updated asset objects reloaded before import = 0Number of asset objects unloaded after import = 2

========================================================================
Received Import Request.
  Time since last request: 0.000017 seconds.
  path: Assets/work/sound/Other/itching.wav
  artifactKey: Guid(da3ecd0805957524ea2eaec4b43a93b4) Importer(815301076,1909f56bfc062723c751e8b465ee728b)
Start importing Assets/work/sound/Other/itching.wav using Guid(da3ecd0805957524ea2eaec4b43a93b4) Importer(815301076,1909f56bfc062723c751e8b465ee728b) (PreviewImporter) -> (artifact id: 'acbd73aca4c5df484b68f543b0781292') in 0.0106963 seconds
Number of updated asset objects reloaded before import = 0Number of asset objects unloaded after import = 2

========================================================================
Received Import Request.
  Time since last request: 44.044872 seconds.
  path: Assets/work/sound/Environment/clock_tick_only.wav
  artifactKey: Guid(836e62dfd372089489ecf11d9279cf3b) Importer(815301076,1909f56bfc062723c751e8b465ee728b)
Start importing Assets/work/sound/Environment/clock_tick_only.wav using Guid(836e62dfd372089489ecf11d9279cf3b) Importer(815301076,1909f56bfc062723c751e8b465ee728b) (PreviewImporter) -> (artifact id: 'cd8dd218572011af354f4a6f733ab0ee') in 0.0111557 seconds
Number of updated asset objects reloaded before import = 0Number of asset objects unloaded after import = 2

========================================================================
Received Import Request.
  Time since last request: 0.000017 seconds.
  path: Assets/work/sound/Environment/water_drop_medium.wav
  artifactKey: Guid(6d4c53ea7c4c87447b7940ed82fbe6b3) Importer(815301076,1909f56bfc062723c751e8b465ee728b)
Start importing Assets/work/sound/Environment/water_drop_medium.wav using Guid(6d4c53ea7c4c87447b7940ed82fbe6b3) Importer(815301076,1909f56bfc062723c751e8b465ee728b) (PreviewImporter) -> (artifact id: 'b462b44b4fdb7eec457821a91e02742b') in 0.030791 seconds
Number of updated asset objects reloaded before import = 0Number of asset objects unloaded after import = 2

========================================================================
Received Import Request.
  Time since last request: 0.000031 seconds.
  path: Assets/work/sound/Environment/water_babbling_loop.wav
  artifactKey: Guid(b5271bf3e12849846b13a6a9e3cfdf1e) Importer(815301076,1909f56bfc062723c751e8b465ee728b)
Start importing Assets/work/sound/Environment/water_babbling_loop.wav using Guid(b5271bf3e12849846b13a6a9e3cfdf1e) Importer(815301076,1909f56bfc062723c751e8b465ee728b) (PreviewImporter) -> (artifact id: 'cd059d3b240b693c892524980992c03e') in 0.0263774 seconds
Number of updated asset objects reloaded before import = 0Number of asset objects unloaded after import = 2

========================================================================
Received Import Request.
  Time since last request: 0.000016 seconds.
  path: Assets/work/sound/Environment/water_drop_synthetic.wav
  artifactKey: Guid(b15610bd0d34eda49b1c0a536d4bea8c) Importer(815301076,1909f56bfc062723c751e8b465ee728b)
Start importing Assets/work/sound/Environment/water_drop_synthetic.wav using Guid(b15610bd0d34eda49b1c0a536d4bea8c) Importer(815301076,1909f56bfc062723c751e8b465ee728b) (PreviewImporter) -> (artifact id: 'ade989c1f345dc8a08bd10fbd91164d6') in 0.0058166 seconds
Number of updated asset objects reloaded before import = 0Number of asset objects unloaded after import = 2

========================================================================
Received Import Request.
  Time since last request: 0.000024 seconds.
  path: Assets/work/sound/Environment/water_boiling_loop.wav
  artifactKey: Guid(29c576bbe5f28a3489dc1d1754a166cd) Importer(815301076,1909f56bfc062723c751e8b465ee728b)
Start importing Assets/work/sound/Environment/water_boiling_loop.wav using Guid(29c576bbe5f28a3489dc1d1754a166cd) Importer(815301076,1909f56bfc062723c751e8b465ee728b) (PreviewImporter) -> (artifact id: '2278731dccd15b775a8c0938fc07555a') in 0.0052486 seconds
Number of updated asset objects reloaded before import = 0Number of asset objects unloaded after import = 2

========================================================================
Received Import Request.
  Time since last request: 0.000015 seconds.
  path: Assets/work/sound/Environment/zipper_down.wav
  artifactKey: Guid(63a9cd2b5999f9b4daf4dc60e75b9c1d) Importer(815301076,1909f56bfc062723c751e8b465ee728b)
Start importing Assets/work/sound/Environment/zipper_down.wav using Guid(63a9cd2b5999f9b4daf4dc60e75b9c1d) Importer(815301076,1909f56bfc062723c751e8b465ee728b) (PreviewImporter) -> (artifact id: '76418af84be32847b0afe4d8f3449c3f') in 0.0084647 seconds
Number of updated asset objects reloaded before import = 0Number of asset objects unloaded after import = 2

========================================================================
Received Import Request.
  Time since last request: 0.000037 seconds.
  path: Assets/work/sound/Environment/water_splashing.wav
  artifactKey: Guid(4455fa882a85729488ac72c4ebaf3070) Importer(815301076,1909f56bfc062723c751e8b465ee728b)
Start importing Assets/work/sound/Environment/water_splashing.wav using Guid(4455fa882a85729488ac72c4ebaf3070) Importer(815301076,1909f56bfc062723c751e8b465ee728b) (PreviewImporter) -> (artifact id: '7c5fab3212b870c9ce35a0f208d1f782') in 0.0094663 seconds
Number of updated asset objects reloaded before import = 0Number of asset objects unloaded after import = 2

========================================================================
Received Import Request.
  Time since last request: 0.000029 seconds.
  path: Assets/work/sound/Environment/door_knock.wav
  artifactKey: Guid(f46dcf66481f8b04785ab83510e8f26c) Importer(815301076,1909f56bfc062723c751e8b465ee728b)
Start importing Assets/work/sound/Environment/door_knock.wav using Guid(f46dcf66481f8b04785ab83510e8f26c) Importer(815301076,1909f56bfc062723c751e8b465ee728b) (PreviewImporter) -> (artifact id: '85472fa2788f7264281ee1e8922f2e1b') in 0.0057267 seconds
Number of updated asset objects reloaded before import = 0Number of asset objects unloaded after import = 2

========================================================================
Received Prepare
Begin MonoManager ReloadAssembly
[Licensing::Client] Successfully resolved entitlement details
- Loaded All Assemblies, in  1.199 seconds
Refreshing native plugins compatible for Editor in 1.39 ms, found 3 plugins.
Native extension for WindowsStandalone target not found
[Package Manager] Failed to launch server process. Reason: Unity was launched with the -noUpm command-line argument
[Package Manager] Unable to send message (not connected to server process).
[Package Manager] Cannot connect to Unity Package Manager local server
ScheduleIndexationOnStartup MainProcess:False IndexOnStartup:True
Mono: successfully reloaded assembly
- Finished resetting the current domain, in  1.162 seconds
Domain Reload Profiling: 2358ms
	BeginReloadAssembly (319ms)
		ExecutionOrderSort (0ms)
		DisableScriptedObjects (11ms)
		BackupInstance (0ms)
		ReleaseScriptingObjects (0ms)
		CreateAndSetChildDomain (77ms)
	RebuildCommonClasses (50ms)
	RebuildNativeTypeToScriptingClass (24ms)
	initialDomainReloadingComplete (39ms)
	LoadAllAssembliesAndSetupDomain (764ms)
		LoadAssemblies (510ms)
		RebuildTransferFunctionScriptingTraits (0ms)
		AnalyzeDomain (384ms)
			TypeCache.Refresh (14ms)
				TypeCache.ScanAssembly (0ms)
			BuildScriptInfoCaches (345ms)
			ResolveRequiredComponents (20ms)
	FinalizeReload (1163ms)
		ReleaseScriptCaches (0ms)
		RebuildScriptCaches (0ms)
		SetupLoadedEditorAssemblies (854ms)
			LogAssemblyErrors (0ms)
			InitializePlatformSupportModulesInManaged (21ms)
			SetLoadedEditorAssemblies (6ms)
			BeforeProcessingInitializeOnLoad (232ms)
			ProcessInitializeOnLoadAttributes (478ms)
			ProcessInitializeOnLoadMethodAttributes (105ms)
			AfterProcessingInitializeOnLoad (12ms)
			EditorAssembliesLoaded (1ms)
		ExecutionOrderSort2 (0ms)
		AwakeInstancesAfterBackupRestoration (24ms)
Refreshing native plugins compatible for Editor in 1.04 ms, found 3 plugins.
Preloading 0 native plugins for Editor in 0.00 ms.
Unloading 6 Unused Serialized files (Serialized files now loaded: 0)
Unloading 7339 unused Assets / (5.4 MB). Loaded Objects now: 8440.
Memory consumption went from 225.2 MB to 219.7 MB.
Total: 12.738500 ms (FindLiveObjects: 1.064600 ms CreateObjectMapping: 2.072200 ms MarkObjects: 6.595900 ms  DeleteObjects: 3.004600 ms)

Prepare: number of updated asset objects reloaded= 0
========================================================================
Received Prepare
Begin MonoManager ReloadAssembly
- Loaded All Assemblies, in  1.057 seconds
Refreshing native plugins compatible for Editor in 1.76 ms, found 3 plugins.
Native extension for WindowsStandalone target not found
[Package Manager] Failed to launch server process. Reason: Unity was launched with the -noUpm command-line argument
[Package Manager] Unable to send message (not connected to server process).
[Package Manager] Cannot connect to Unity Package Manager local server
ScheduleIndexationOnStartup MainProcess:False IndexOnStartup:True
Mono: successfully reloaded assembly
- Finished resetting the current domain, in  1.023 seconds
Domain Reload Profiling: 2078ms
	BeginReloadAssembly (278ms)
		ExecutionOrderSort (0ms)
		DisableScriptedObjects (8ms)
		BackupInstance (0ms)
		ReleaseScriptingObjects (0ms)
		CreateAndSetChildDomain (63ms)
	RebuildCommonClasses (50ms)
	RebuildNativeTypeToScriptingClass (17ms)
	initialDomainReloadingComplete (35ms)
	LoadAllAssembliesAndSetupDomain (674ms)
		LoadAssemblies (469ms)
		RebuildTransferFunctionScriptingTraits (0ms)
		AnalyzeDomain (333ms)
			TypeCache.Refresh (12ms)
				TypeCache.ScanAssembly (0ms)
			BuildScriptInfoCaches (302ms)
			ResolveRequiredComponents (14ms)
	FinalizeReload (1024ms)
		ReleaseScriptCaches (0ms)
		RebuildScriptCaches (0ms)
		SetupLoadedEditorAssemblies (768ms)
			LogAssemblyErrors (0ms)
			InitializePlatformSupportModulesInManaged (14ms)
			SetLoadedEditorAssemblies (4ms)
			BeforeProcessingInitializeOnLoad (204ms)
			ProcessInitializeOnLoadAttributes (427ms)
			ProcessInitializeOnLoadMethodAttributes (107ms)
			AfterProcessingInitializeOnLoad (12ms)
			EditorAssembliesLoaded (0ms)
		ExecutionOrderSort2 (0ms)
		AwakeInstancesAfterBackupRestoration (22ms)
Refreshing native plugins compatible for Editor in 1.19 ms, found 3 plugins.
Preloading 0 native plugins for Editor in 0.00 ms.
Unloading 6 Unused Serialized files (Serialized files now loaded: 0)
Unloading 7339 unused Assets / (5.3 MB). Loaded Objects now: 8443.
Memory consumption went from 225.0 MB to 219.7 MB.
Total: 15.480300 ms (FindLiveObjects: 0.985700 ms CreateObjectMapping: 1.909000 ms MarkObjects: 8.224000 ms  DeleteObjects: 4.360400 ms)

Prepare: number of updated asset objects reloaded= 0
========================================================================
Received Prepare
Begin MonoManager ReloadAssembly
[Licensing::Client] Successfully resolved entitlement details
- Loaded All Assemblies, in  1.097 seconds
Refreshing native plugins compatible for Editor in 1.02 ms, found 3 plugins.
Native extension for WindowsStandalone target not found
[Package Manager] Failed to launch server process. Reason: Unity was launched with the -noUpm command-line argument
[Package Manager] Unable to send message (not connected to server process).
[Package Manager] Cannot connect to Unity Package Manager local server
ScheduleIndexationOnStartup MainProcess:False IndexOnStartup:True
Mono: successfully reloaded assembly
- Finished resetting the current domain, in  1.013 seconds
Domain Reload Profiling: 2108ms
	BeginReloadAssembly (293ms)
		ExecutionOrderSort (0ms)
		DisableScriptedObjects (8ms)
		BackupInstance (0ms)
		ReleaseScriptingObjects (0ms)
		CreateAndSetChildDomain (63ms)
	RebuildCommonClasses (48ms)
	RebuildNativeTypeToScriptingClass (17ms)
	initialDomainReloadingComplete (36ms)
	LoadAllAssembliesAndSetupDomain (701ms)
		LoadAssemblies (467ms)
		RebuildTransferFunctionScriptingTraits (0ms)
		AnalyzeDomain (362ms)
			TypeCache.Refresh (11ms)
				TypeCache.ScanAssembly (0ms)
			BuildScriptInfoCaches (332ms)
			ResolveRequiredComponents (14ms)
	FinalizeReload (1013ms)
		ReleaseScriptCaches (0ms)
		RebuildScriptCaches (0ms)
		SetupLoadedEditorAssemblies (753ms)
			LogAssemblyErrors (0ms)
			InitializePlatformSupportModulesInManaged (18ms)
			SetLoadedEditorAssemblies (4ms)
			BeforeProcessingInitializeOnLoad (207ms)
			ProcessInitializeOnLoadAttributes (421ms)
			ProcessInitializeOnLoadMethodAttributes (93ms)
			AfterProcessingInitializeOnLoad (9ms)
			EditorAssembliesLoaded (0ms)
		ExecutionOrderSort2 (0ms)
		AwakeInstancesAfterBackupRestoration (19ms)
Refreshing native plugins compatible for Editor in 1.00 ms, found 3 plugins.
Preloading 0 native plugins for Editor in 0.00 ms.
Unloading 6 Unused Serialized files (Serialized files now loaded: 0)
Unloading 7339 unused Assets / (5.1 MB). Loaded Objects now: 8446.
Memory consumption went from 225.1 MB to 220.1 MB.
Total: 11.386100 ms (FindLiveObjects: 1.059200 ms CreateObjectMapping: 1.508100 ms MarkObjects: 6.055500 ms  DeleteObjects: 2.762100 ms)

Prepare: number of updated asset objects reloaded= 0
========================================================================
Received Prepare
Begin MonoManager ReloadAssembly
[Licensing::Client] Successfully resolved entitlement details
- Loaded All Assemblies, in  1.066 seconds
Refreshing native plugins compatible for Editor in 1.05 ms, found 3 plugins.
Native extension for WindowsStandalone target not found
[Package Manager] Failed to launch server process. Reason: Unity was launched with the -noUpm command-line argument
[Package Manager] Unable to send message (not connected to server process).
[Package Manager] Cannot connect to Unity Package Manager local server
ScheduleIndexationOnStartup MainProcess:False IndexOnStartup:True
Mono: successfully reloaded assembly
- Finished resetting the current domain, in  0.977 seconds
Domain Reload Profiling: 2041ms
	BeginReloadAssembly (282ms)
		ExecutionOrderSort (0ms)
		DisableScriptedObjects (8ms)
		BackupInstance (0ms)
		ReleaseScriptingObjects (0ms)
		CreateAndSetChildDomain (61ms)
	RebuildCommonClasses (47ms)
	RebuildNativeTypeToScriptingClass (17ms)
	initialDomainReloadingComplete (35ms)
	LoadAllAssembliesAndSetupDomain (682ms)
		LoadAssemblies (457ms)
		RebuildTransferFunctionScriptingTraits (0ms)
		AnalyzeDomain (348ms)
			TypeCache.Refresh (10ms)
				TypeCache.ScanAssembly (0ms)
			BuildScriptInfoCaches (319ms)
			ResolveRequiredComponents (14ms)
	FinalizeReload (977ms)
		ReleaseScriptCaches (0ms)
		RebuildScriptCaches (0ms)
		SetupLoadedEditorAssemblies (720ms)
			LogAssemblyErrors (0ms)
			InitializePlatformSupportModulesInManaged (17ms)
			SetLoadedEditorAssemblies (4ms)
			BeforeProcessingInitializeOnLoad (189ms)
			ProcessInitializeOnLoadAttributes (412ms)
			ProcessInitializeOnLoadMethodAttributes (90ms)
			AfterProcessingInitializeOnLoad (7ms)
			EditorAssembliesLoaded (0ms)
		ExecutionOrderSort2 (0ms)
		AwakeInstancesAfterBackupRestoration (17ms)
Refreshing native plugins compatible for Editor in 1.27 ms, found 3 plugins.
Preloading 0 native plugins for Editor in 0.00 ms.
Unloading 6 Unused Serialized files (Serialized files now loaded: 0)
Unloading 7339 unused Assets / (4.7 MB). Loaded Objects now: 8449.
Memory consumption went from 225.2 MB to 220.5 MB.
Total: 13.065900 ms (FindLiveObjects: 1.064200 ms CreateObjectMapping: 2.232100 ms MarkObjects: 6.297400 ms  DeleteObjects: 3.471400 ms)

Prepare: number of updated asset objects reloaded= 0
========================================================================
Received Prepare
Begin MonoManager ReloadAssembly
[Licensing::Client] Successfully resolved entitlement details
- Loaded All Assemblies, in  1.145 seconds
Refreshing native plugins compatible for Editor in 1.46 ms, found 3 plugins.
Native extension for WindowsStandalone target not found
[Package Manager] Failed to launch server process. Reason: Unity was launched with the -noUpm command-line argument
[Package Manager] Unable to send message (not connected to server process).
[Package Manager] Cannot connect to Unity Package Manager local server
ScheduleIndexationOnStartup MainProcess:False IndexOnStartup:True
Mono: successfully reloaded assembly
- Finished resetting the current domain, in  1.017 seconds
Domain Reload Profiling: 2161ms
	BeginReloadAssembly (283ms)
		ExecutionOrderSort (0ms)
		DisableScriptedObjects (12ms)
		BackupInstance (0ms)
		ReleaseScriptingObjects (0ms)
		CreateAndSetChildDomain (62ms)
	RebuildCommonClasses (50ms)
	RebuildNativeTypeToScriptingClass (25ms)
	initialDomainReloadingComplete (38ms)
	LoadAllAssembliesAndSetupDomain (747ms)
		LoadAssemblies (466ms)
		RebuildTransferFunctionScriptingTraits (0ms)
		AnalyzeDomain (401ms)
			TypeCache.Refresh (11ms)
				TypeCache.ScanAssembly (0ms)
			BuildScriptInfoCaches (370ms)
			ResolveRequiredComponents (14ms)
	FinalizeReload (1017ms)
		ReleaseScriptCaches (0ms)
		RebuildScriptCaches (0ms)
		SetupLoadedEditorAssemblies (764ms)
			LogAssemblyErrors (0ms)
			InitializePlatformSupportModulesInManaged (15ms)
			SetLoadedEditorAssemblies (5ms)
			BeforeProcessingInitializeOnLoad (193ms)
			ProcessInitializeOnLoadAttributes (429ms)
			ProcessInitializeOnLoadMethodAttributes (111ms)
			AfterProcessingInitializeOnLoad (9ms)
			EditorAssembliesLoaded (0ms)
		ExecutionOrderSort2 (0ms)
		AwakeInstancesAfterBackupRestoration (24ms)
Refreshing native plugins compatible for Editor in 1.27 ms, found 3 plugins.
Preloading 0 native plugins for Editor in 0.00 ms.
Unloading 6 Unused Serialized files (Serialized files now loaded: 0)
Unloading 7339 unused Assets / (5.1 MB). Loaded Objects now: 8452.
Memory consumption went from 225.3 MB to 220.3 MB.
Total: 13.073500 ms (FindLiveObjects: 1.420200 ms CreateObjectMapping: 2.028700 ms MarkObjects: 6.651600 ms  DeleteObjects: 2.971500 ms)

Prepare: number of updated asset objects reloaded= 0
========================================================================
Received Import Request.
  Time since last request: 482.942264 seconds.
  path: Assets/work/sound/Retro/explosion_large.wav
  artifactKey: Guid(984fc830592a8cc4a87856f9378ec535) Importer(2089858483,b0f066a214c2f5e87bad3c948f4d605d)
Start importing Assets/work/sound/Retro/explosion_large.wav using Guid(984fc830592a8cc4a87856f9378ec535) Importer(2089858483,b0f066a214c2f5e87bad3c948f4d605d) (ScriptedImporter) -> (artifact id: 'b853175cd4e7d7741dd6932b429b0397') in 0.1799514 seconds
Number of updated asset objects reloaded before import = 0Number of asset objects unloaded after import = 1

========================================================================
Received Import Request.
  Time since last request: 0.000021 seconds.
  path: Assets/work/sound/Weapons/sword_sharpen.wav
  artifactKey: Guid(ecd34fa338b37a54aba52a97e6c19194) Importer(2089858483,b0f066a214c2f5e87bad3c948f4d605d)
Start importing Assets/work/sound/Weapons/sword_sharpen.wav using Guid(ecd34fa338b37a54aba52a97e6c19194) Importer(2089858483,b0f066a214c2f5e87bad3c948f4d605d) (ScriptedImporter) -> (artifact id: '8a91e4fd39cada4828de28784044c09a') in 0.0325106 seconds
Number of updated asset objects reloaded before import = 0Number of asset objects unloaded after import = 1

========================================================================
Received Import Request.
  Time since last request: 0.000023 seconds.
  path: Assets/work/sound/Human/man_8.wav
  artifactKey: Guid(0557a6224feeef34aa42c9ec95ef5a5d) Importer(2089858483,b0f066a214c2f5e87bad3c948f4d605d)
Start importing Assets/work/sound/Human/man_8.wav using Guid(0557a6224feeef34aa42c9ec95ef5a5d) Importer(2089858483,b0f066a214c2f5e87bad3c948f4d605d) (ScriptedImporter) -> (artifact id: '568f29c133bfb3cbcb94abbdeb1066ce') in 0.0338146 seconds
Number of updated asset objects reloaded before import = 0Number of asset objects unloaded after import = 1

========================================================================
Received Import Request.
  Time since last request: 0.000015 seconds.
  path: Assets/work/sound/Retro/jump_short.wav
  artifactKey: Guid(c9d6428884c08f2429200fc808290530) Importer(2089858483,b0f066a214c2f5e87bad3c948f4d605d)
Start importing Assets/work/sound/Retro/jump_short.wav using Guid(c9d6428884c08f2429200fc808290530) Importer(2089858483,b0f066a214c2f5e87bad3c948f4d605d) (ScriptedImporter) -> (artifact id: '3b38588f7134f2f07f08690e0cb61f31') in 0.018235 seconds
Number of updated asset objects reloaded before import = 0Number of asset objects unloaded after import = 1

========================================================================
Received Import Request.
  Time since last request: 0.000016 seconds.
  path: Assets/work/sound/Materials/wood_small_pickup.wav
  artifactKey: Guid(56a002c067b2e914994f426380c17579) Importer(2089858483,b0f066a214c2f5e87bad3c948f4d605d)
Start importing Assets/work/sound/Materials/wood_small_pickup.wav using Guid(56a002c067b2e914994f426380c17579) Importer(2089858483,b0f066a214c2f5e87bad3c948f4d605d) (ScriptedImporter) -> (artifact id: '1add9114deaa3e72c3a13f7dff0d3174') in 0.0331371 seconds
Number of updated asset objects reloaded before import = 0Number of asset objects unloaded after import = 1

========================================================================
Received Import Request.
  Time since last request: 0.000026 seconds.
  path: Assets/work/sound/Footsteps
  artifactKey: Guid(f6da53464de1ab04b83857f7fe554df6) Importer(2089858483,b0f066a214c2f5e87bad3c948f4d605d)
Start importing Assets/work/sound/Footsteps using Guid(f6da53464de1ab04b83857f7fe554df6) Importer(2089858483,b0f066a214c2f5e87bad3c948f4d605d) (ScriptedImporter) -> (artifact id: '14aca43f89fa7a0d4cd22a401ff3523d') in 0.0051386 seconds
Number of updated asset objects reloaded before import = 0Number of asset objects unloaded after import = 1

========================================================================
Received Import Request.
  Time since last request: 0.000014 seconds.
  path: Assets/work/sound/Card and Board/card_draw_1.wav
  artifactKey: Guid(3c1fcd1c77d73234ea564799a8dd12cd) Importer(2089858483,b0f066a214c2f5e87bad3c948f4d605d)
Start importing Assets/work/sound/Card and Board/card_draw_1.wav using Guid(3c1fcd1c77d73234ea564799a8dd12cd) Importer(2089858483,b0f066a214c2f5e87bad3c948f4d605d) (ScriptedImporter) -> (artifact id: 'e84d89e80a66566aedb80aaf014594bb') in 0.0312245 seconds
Number of updated asset objects reloaded before import = 0Number of asset objects unloaded after import = 1

========================================================================
Received Import Request.
  Time since last request: 0.000040 seconds.
  path: Assets/work/sound/Musical Effects/vibraphone_negative.wav
  artifactKey: Guid(00e1d3a3e12bdcd498f3c1d192d02fc0) Importer(2089858483,b0f066a214c2f5e87bad3c948f4d605d)
Start importing Assets/work/sound/Musical Effects/vibraphone_negative.wav using Guid(00e1d3a3e12bdcd498f3c1d192d02fc0) Importer(2089858483,b0f066a214c2f5e87bad3c948f4d605d) (ScriptedImporter) -> (artifact id: 'd4c0ff61452b464c1be869f13e5e6a3d') in 0.0286036 seconds
Number of updated asset objects reloaded before import = 0Number of asset objects unloaded after import = 1

========================================================================
Received Import Request.
  Time since last request: 0.000024 seconds.
  path: Assets/work/sound/Environment/lock_quick.wav
  artifactKey: Guid(4f352eb230ce2b9488ab3b505ad38385) Importer(2089858483,b0f066a214c2f5e87bad3c948f4d605d)
Start importing Assets/work/sound/Environment/lock_quick.wav using Guid(4f352eb230ce2b9488ab3b505ad38385) Importer(2089858483,b0f066a214c2f5e87bad3c948f4d605d) (ScriptedImporter) -> (artifact id: '38eb62d0189d08473f4947c340ce389b') in 0.0299798 seconds
Number of updated asset objects reloaded before import = 0Number of asset objects unloaded after import = 1

========================================================================
Received Import Request.
  Time since last request: 0.000017 seconds.
  path: Assets/work/sound/Musical Effects/8_bit_defeated.wav
  artifactKey: Guid(9fd5b14247e022444b1564c9db4e4dc7) Importer(2089858483,b0f066a214c2f5e87bad3c948f4d605d)
Start importing Assets/work/sound/Musical Effects/8_bit_defeated.wav using Guid(9fd5b14247e022444b1564c9db4e4dc7) Importer(2089858483,b0f066a214c2f5e87bad3c948f4d605d) (ScriptedImporter) -> (artifact id: '2b4c6125bdc41fda43d0c7a470daed16') in 0.0294396 seconds
Number of updated asset objects reloaded before import = 0Number of asset objects unloaded after import = 1

========================================================================
Received Import Request.
  Time since last request: 0.000024 seconds.
  path: Assets/work/sound/Musical Effects/vibraphone_defeated.wav
  artifactKey: Guid(6004d46ddd215e4428a18d81a72cf8fa) Importer(2089858483,b0f066a214c2f5e87bad3c948f4d605d)
Start importing Assets/work/sound/Musical Effects/vibraphone_defeated.wav using Guid(6004d46ddd215e4428a18d81a72cf8fa) Importer(2089858483,b0f066a214c2f5e87bad3c948f4d605d) (ScriptedImporter) -> (artifact id: '7030b6fc824a8ca6ae1afe9903da74b7') in 0.0299904 seconds
Number of updated asset objects reloaded before import = 0Number of asset objects unloaded after import = 1

========================================================================
Received Import Request.
  Time since last request: 0.000014 seconds.
  path: Assets/work/sound/Retro/menu_blip.wav
  artifactKey: Guid(b79b1befd36ad1146ba6591df6e4c215) Importer(2089858483,b0f066a214c2f5e87bad3c948f4d605d)
Start importing Assets/work/sound/Retro/menu_blip.wav using Guid(b79b1befd36ad1146ba6591df6e4c215) Importer(2089858483,b0f066a214c2f5e87bad3c948f4d605d) (ScriptedImporter) -> (artifact id: '3db2e8ab77f7d4b444239a6e91988f9e') in 0.0164328 seconds
Number of updated asset objects reloaded before import = 0Number of asset objects unloaded after import = 1

========================================================================
Received Import Request.
  Time since last request: 0.000017 seconds.
  path: Assets/work/sound/UI/cancel.wav
  artifactKey: Guid(6eb40eb63e6a0624997e799ad0858796) Importer(2089858483,b0f066a214c2f5e87bad3c948f4d605d)
Start importing Assets/work/sound/UI/cancel.wav using Guid(6eb40eb63e6a0624997e799ad0858796) Importer(2089858483,b0f066a214c2f5e87bad3c948f4d605d) (ScriptedImporter) -> (artifact id: '3de39bb183ff8b1daed1ba582e8211c1') in 0.0268543 seconds
Number of updated asset objects reloaded before import = 0Number of asset objects unloaded after import = 1

========================================================================
Received Import Request.
  Time since last request: 0.000023 seconds.
  path: Assets/work/sound/Musical Effects/sitar_inn.wav
  artifactKey: Guid(334eac3cd64a70841a22b885b3d79a50) Importer(2089858483,b0f066a214c2f5e87bad3c948f4d605d)
Start importing Assets/work/sound/Musical Effects/sitar_inn.wav using Guid(334eac3cd64a70841a22b885b3d79a50) Importer(2089858483,b0f066a214c2f5e87bad3c948f4d605d) (ScriptedImporter) -> (artifact id: '59976703dd6e2362d89931f60837ab5c') in 0.0259759 seconds
Number of updated asset objects reloaded before import = 0Number of asset objects unloaded after import = 1

========================================================================
Received Import Request.
  Time since last request: 0.000015 seconds.
  path: Assets/work/sound/UI/synth_process_complete.wav
  artifactKey: Guid(274083e957bbea046928ae0ac18c8a91) Importer(2089858483,b0f066a214c2f5e87bad3c948f4d605d)
Start importing Assets/work/sound/UI/synth_process_complete.wav using Guid(274083e957bbea046928ae0ac18c8a91) Importer(2089858483,b0f066a214c2f5e87bad3c948f4d605d) (ScriptedImporter) -> (artifact id: '759ec85d8f3f50b774245717ba10a181') in 0.0321851 seconds
Number of updated asset objects reloaded before import = 0Number of asset objects unloaded after import = 1

========================================================================
Received Import Request.
  Time since last request: 0.000015 seconds.
  path: Assets/work/sound/Footsteps/digital/digital_footstep_gravel_4.wav
  artifactKey: Guid(e87aac4c7e73e654fbbe3e821f309075) Importer(2089858483,b0f066a214c2f5e87bad3c948f4d605d)
Start importing Assets/work/sound/Footsteps/digital/digital_footstep_gravel_4.wav using Guid(e87aac4c7e73e654fbbe3e821f309075) Importer(2089858483,b0f066a214c2f5e87bad3c948f4d605d) (ScriptedImporter) -> (artifact id: '3f7a249755caeda4e74a5d9684c178fb') in 0.0145862 seconds
Number of updated asset objects reloaded before import = 0Number of asset objects unloaded after import = 1

========================================================================
Received Import Request.
  Time since last request: 0.000023 seconds.
  path: Assets/work/sound/Footsteps/foley_footstep_gravel_2.wav
  artifactKey: Guid(fee90f91c191d724d98d9a60392d2dbd) Importer(2089858483,b0f066a214c2f5e87bad3c948f4d605d)
Start importing Assets/work/sound/Footsteps/foley_footstep_gravel_2.wav using Guid(fee90f91c191d724d98d9a60392d2dbd) Importer(2089858483,b0f066a214c2f5e87bad3c948f4d605d) (ScriptedImporter) -> (artifact id: '3b275c35a2c4c095f77c4cc3507ab51e') in 0.0298342 seconds
Number of updated asset objects reloaded before import = 0Number of asset objects unloaded after import = 1

========================================================================
Received Import Request.
  Time since last request: 0.017778 seconds.
  path: Assets/work/sound/Combat and Gore/squelching_3.wav
  artifactKey: Guid(d0b68d9db95d0224aa38b2d09ef05d43) Importer(2089858483,b0f066a214c2f5e87bad3c948f4d605d)
Start importing Assets/work/sound/Combat and Gore/squelching_3.wav using Guid(d0b68d9db95d0224aa38b2d09ef05d43) Importer(2089858483,b0f066a214c2f5e87bad3c948f4d605d) (ScriptedImporter) -> (artifact id: 'dd331e0348b82acebda92fa36276e8eb') in 0.0330995 seconds
Number of updated asset objects reloaded before import = 0Number of asset objects unloaded after import = 1

========================================================================
Received Import Request.
  Time since last request: 0.000016 seconds.
  path: Assets/work/sound/Environment/gurgling.wav
  artifactKey: Guid(bf6e17db71e49034382f39f6c54df6a2) Importer(2089858483,b0f066a214c2f5e87bad3c948f4d605d)
Start importing Assets/work/sound/Environment/gurgling.wav using Guid(bf6e17db71e49034382f39f6c54df6a2) Importer(2089858483,b0f066a214c2f5e87bad3c948f4d605d) (ScriptedImporter) -> (artifact id: 'da165136906f52ee1fcc19fc5a466170') in 0.0263909 seconds
Number of updated asset objects reloaded before import = 0Number of asset objects unloaded after import = 1

========================================================================
Received Import Request.
  Time since last request: 0.115036 seconds.
  path: Assets/work/sound/Musical Effects/harpsichord_chime_quick.wav
  artifactKey: Guid(9159a28c8f0833f4b9bf0a9fd40b9d4c) Importer(2089858483,b0f066a214c2f5e87bad3c948f4d605d)
Start importing Assets/work/sound/Musical Effects/harpsichord_chime_quick.wav using Guid(9159a28c8f0833f4b9bf0a9fd40b9d4c) Importer(2089858483,b0f066a214c2f5e87bad3c948f4d605d) (ScriptedImporter) -> (artifact id: '21b2044a262eb255ff0ba5343b534a50') in 0.0250548 seconds
Number of updated asset objects reloaded before import = 0Number of asset objects unloaded after import = 1

========================================================================
Received Import Request.
  Time since last request: 0.000018 seconds.
  path: Assets/work/sound/Machines/drill_whizz.wav
  artifactKey: Guid(93a2b3003a181f24fb6a8d563e5b3395) Importer(2089858483,b0f066a214c2f5e87bad3c948f4d605d)
Start importing Assets/work/sound/Machines/drill_whizz.wav using Guid(93a2b3003a181f24fb6a8d563e5b3395) Importer(2089858483,b0f066a214c2f5e87bad3c948f4d605d) (ScriptedImporter) -> (artifact id: 'be97298ba4c6ff60e992210ee251814c') in 0.0280994 seconds
Number of updated asset objects reloaded before import = 0Number of asset objects unloaded after import = 1

========================================================================
Received Import Request.
  Time since last request: 0.113764 seconds.
  path: Assets/work/sound/Card and Board/chips_stack_2.wav
  artifactKey: Guid(3f5d8a47a63235543a7b4ca65cc7267d) Importer(2089858483,b0f066a214c2f5e87bad3c948f4d605d)
Start importing Assets/work/sound/Card and Board/chips_stack_2.wav using Guid(3f5d8a47a63235543a7b4ca65cc7267d) Importer(2089858483,b0f066a214c2f5e87bad3c948f4d605d) (ScriptedImporter) -> (artifact id: '67ee9b5e475ba7498fe9b9179245ccc8') in 0.0293655 seconds
Number of updated asset objects reloaded before import = 0Number of asset objects unloaded after import = 1

========================================================================
Received Import Request.
  Time since last request: 0.000018 seconds.
  path: Assets/work/sound/Musical Effects/brass_positive_long.wav
  artifactKey: Guid(04770eeacebce944fbfe835e2ca0b27d) Importer(2089858483,b0f066a214c2f5e87bad3c948f4d605d)
Start importing Assets/work/sound/Musical Effects/brass_positive_long.wav using Guid(04770eeacebce944fbfe835e2ca0b27d) Importer(2089858483,b0f066a214c2f5e87bad3c948f4d605d) (ScriptedImporter) -> (artifact id: 'ff579161c46b96c9ee1ad27bd0d290c9') in 0.0274381 seconds
Number of updated asset objects reloaded before import = 0Number of asset objects unloaded after import = 1

========================================================================
Received Import Request.
  Time since last request: 0.112005 seconds.
  path: Assets/work/sound/Retro/wobble.wav
  artifactKey: Guid(9528ae6004debb44686b49a00f8c750b) Importer(2089858483,b0f066a214c2f5e87bad3c948f4d605d)
Start importing Assets/work/sound/Retro/wobble.wav using Guid(9528ae6004debb44686b49a00f8c750b) Importer(2089858483,b0f066a214c2f5e87bad3c948f4d605d) (ScriptedImporter) -> (artifact id: '5f2b3ed9b5478f35dcf3f49601352396') in 0.0170867 seconds
Number of updated asset objects reloaded before import = 0Number of asset objects unloaded after import = 1

========================================================================
Received Import Request.
  Time since last request: 0.000023 seconds.
  path: Assets/work/sound/Other/slide_and_click.wav
  artifactKey: Guid(e5a20eeb4e4c4c2439b7b7399a9e48f6) Importer(2089858483,b0f066a214c2f5e87bad3c948f4d605d)
Start importing Assets/work/sound/Other/slide_and_click.wav using Guid(e5a20eeb4e4c4c2439b7b7399a9e48f6) Importer(2089858483,b0f066a214c2f5e87bad3c948f4d605d) (ScriptedImporter) -> (artifact id: 'b94c785ad6d9b27bd4f93c0524f176a5') in 0.0325912 seconds
Number of updated asset objects reloaded before import = 0Number of asset objects unloaded after import = 1

========================================================================
Received Import Request.
  Time since last request: 0.107186 seconds.
  path: Assets/work/sound/Materials/paper_tear_2.wav
  artifactKey: Guid(afad8007aeac64c42ae5a0742b0dd4d1) Importer(2089858483,b0f066a214c2f5e87bad3c948f4d605d)
Start importing Assets/work/sound/Materials/paper_tear_2.wav using Guid(afad8007aeac64c42ae5a0742b0dd4d1) Importer(2089858483,b0f066a214c2f5e87bad3c948f4d605d) (ScriptedImporter) -> (artifact id: 'b01c36b44019b1a66dc8c231269a4b3b') in 0.0303979 seconds
Number of updated asset objects reloaded before import = 0Number of asset objects unloaded after import = 1

========================================================================
Received Import Request.
  Time since last request: 0.000023 seconds.
  path: Assets/work/sound/UI/synth_shut_down.wav
  artifactKey: Guid(72cbefc53adbb4e46ad65893d6a7e912) Importer(2089858483,b0f066a214c2f5e87bad3c948f4d605d)
Start importing Assets/work/sound/UI/synth_shut_down.wav using Guid(72cbefc53adbb4e46ad65893d6a7e912) Importer(2089858483,b0f066a214c2f5e87bad3c948f4d605d) (ScriptedImporter) -> (artifact id: 'deb02588604488a0b82c9bdf777a026b') in 0.0275121 seconds
Number of updated asset objects reloaded before import = 0Number of asset objects unloaded after import = 1

========================================================================
Received Import Request.
  Time since last request: 0.085598 seconds.
  path: Assets/work/sound/Card and Board/chips_gather.wav
  artifactKey: Guid(07d6ee540c838014cbb5cc3e6ab6873e) Importer(2089858483,b0f066a214c2f5e87bad3c948f4d605d)
Start importing Assets/work/sound/Card and Board/chips_gather.wav using Guid(07d6ee540c838014cbb5cc3e6ab6873e) Importer(2089858483,b0f066a214c2f5e87bad3c948f4d605d) (ScriptedImporter) -> (artifact id: '9e6809c4e7ca62db7483a388011a6def') in 0.0296286 seconds
Number of updated asset objects reloaded before import = 0Number of asset objects unloaded after import = 1

========================================================================
Received Import Request.
  Time since last request: 0.295701 seconds.
  path: Assets/work/sound/Musical Effects/vibraphone_inn.wav
  artifactKey: Guid(f36734f5389e12142bfafe51a4bc2860) Importer(2089858483,b0f066a214c2f5e87bad3c948f4d605d)
Start importing Assets/work/sound/Musical Effects/vibraphone_inn.wav using Guid(f36734f5389e12142bfafe51a4bc2860) Importer(2089858483,b0f066a214c2f5e87bad3c948f4d605d) (ScriptedImporter) -> (artifact id: '9a3a6852d16e91725f787715152b6edb') in 0.0249625 seconds
Number of updated asset objects reloaded before import = 0Number of asset objects unloaded after import = 1

========================================================================
Received Import Request.
  Time since last request: 0.312599 seconds.
  path: Assets/work/sound/Combat and Gore/kick.wav
  artifactKey: Guid(a1e26a947bf1a2a4a8469acfc4aa8550) Importer(2089858483,b0f066a214c2f5e87bad3c948f4d605d)
Start importing Assets/work/sound/Combat and Gore/kick.wav using Guid(a1e26a947bf1a2a4a8469acfc4aa8550) Importer(2089858483,b0f066a214c2f5e87bad3c948f4d605d) (ScriptedImporter) -> (artifact id: '4bf12100f237be89acea171f7fb1e6d0') in 0.0261252 seconds
Number of updated asset objects reloaded before import = 0Number of asset objects unloaded after import = 1

========================================================================
Received Import Request.
  Time since last request: 0.316277 seconds.
  path: Assets/work/sound/Retro/power_up.wav
  artifactKey: Guid(352196ebce914d74895ae250e49e3ce9) Importer(2089858483,b0f066a214c2f5e87bad3c948f4d605d)
Start importing Assets/work/sound/Retro/power_up.wav using Guid(352196ebce914d74895ae250e49e3ce9) Importer(2089858483,b0f066a214c2f5e87bad3c948f4d605d) (ScriptedImporter) -> (artifact id: 'f74ee24196053008d64fa875c896ff9d') in 0.0201857 seconds
Number of updated asset objects reloaded before import = 0Number of asset objects unloaded after import = 1

========================================================================
Received Import Request.
  Time since last request: 0.317240 seconds.
  path: Assets/work/sound/Retro/jump_square.wav
  artifactKey: Guid(3f3e35d793df9eb49adf2dcb41c03256) Importer(2089858483,b0f066a214c2f5e87bad3c948f4d605d)
Start importing Assets/work/sound/Retro/jump_square.wav using Guid(3f3e35d793df9eb49adf2dcb41c03256) Importer(2089858483,b0f066a214c2f5e87bad3c948f4d605d) (ScriptedImporter) -> (artifact id: '5272b8052c7ba228d57bd521cfe570d9') in 0.0153237 seconds
Number of updated asset objects reloaded before import = 0Number of asset objects unloaded after import = 1

========================================================================
Received Import Request.
  Time since last request: 0.000016 seconds.
  path: Assets/work/sound/Other/applause.wav
  artifactKey: Guid(c1b517b06c08a194fbce909a67318982) Importer(2089858483,b0f066a214c2f5e87bad3c948f4d605d)
Start importing Assets/work/sound/Other/applause.wav using Guid(c1b517b06c08a194fbce909a67318982) Importer(2089858483,b0f066a214c2f5e87bad3c948f4d605d) (ScriptedImporter) -> (artifact id: 'b5be98b2eb46622ce7a5cfcadf88a2ee') in 0.0257832 seconds
Number of updated asset objects reloaded before import = 0Number of asset objects unloaded after import = 1

========================================================================
Received Import Request.
  Time since last request: 0.108421 seconds.
  path: Assets/work/sound/Combat and Gore/punch_3.wav
  artifactKey: Guid(a92453b0d79bf6344b7a25ad8fc4d10e) Importer(2089858483,b0f066a214c2f5e87bad3c948f4d605d)
Start importing Assets/work/sound/Combat and Gore/punch_3.wav using Guid(a92453b0d79bf6344b7a25ad8fc4d10e) Importer(2089858483,b0f066a214c2f5e87bad3c948f4d605d) (ScriptedImporter) -> (artifact id: '0aafb0fb59eae83b5f3902c74b804f8c') in 0.024222 seconds
Number of updated asset objects reloaded before import = 0Number of asset objects unloaded after import = 1

========================================================================
Received Import Request.
  Time since last request: 3.884026 seconds.
  path: Assets/work/sound/Materials/cardboard_pick_up.wav
  artifactKey: Guid(9be4ed0a7cd646d4eb278696ca39816a) Importer(2089858483,b0f066a214c2f5e87bad3c948f4d605d)
Start importing Assets/work/sound/Materials/cardboard_pick_up.wav using Guid(9be4ed0a7cd646d4eb278696ca39816a) Importer(2089858483,b0f066a214c2f5e87bad3c948f4d605d) (ScriptedImporter) -> (artifact id: 'a990f4a4c02db776043d6e4f2caf4c61') in 0.0339161 seconds
Number of updated asset objects reloaded before import = 0Number of asset objects unloaded after import = 1

========================================================================
Received Import Request.
  Time since last request: 0.000016 seconds.
  path: Assets/work/sound/UI/select_2.wav
  artifactKey: Guid(a178e1a0c9bc3d846a386950688d4ff8) Importer(2089858483,b0f066a214c2f5e87bad3c948f4d605d)
Start importing Assets/work/sound/UI/select_2.wav using Guid(a178e1a0c9bc3d846a386950688d4ff8) Importer(2089858483,b0f066a214c2f5e87bad3c948f4d605d) (ScriptedImporter) -> (artifact id: '3576a06d12609cc27a28d9d2857e9dc5') in 0.0277829 seconds
Number of updated asset objects reloaded before import = 0Number of asset objects unloaded after import = 1

========================================================================
Received Import Request.
  Time since last request: 0.000024 seconds.
  path: Assets/work/sound/Musical Effects/xylophone_mystery.wav
  artifactKey: Guid(85810f6567a62ed4ba188b7cd883dba7) Importer(2089858483,b0f066a214c2f5e87bad3c948f4d605d)
Start importing Assets/work/sound/Musical Effects/xylophone_mystery.wav using Guid(85810f6567a62ed4ba188b7cd883dba7) Importer(2089858483,b0f066a214c2f5e87bad3c948f4d605d) (ScriptedImporter) -> (artifact id: '6be368b76c08439e7121a7e85a22690e') in 0.0276331 seconds
Number of updated asset objects reloaded before import = 0Number of asset objects unloaded after import = 1

========================================================================
Received Import Request.
  Time since last request: 0.000020 seconds.
  path: Assets/work/sound/Environment/creaky_door_long.wav
  artifactKey: Guid(7664d8b053c62b14b9c7230789e540ab) Importer(2089858483,b0f066a214c2f5e87bad3c948f4d605d)
Start importing Assets/work/sound/Environment/creaky_door_long.wav using Guid(7664d8b053c62b14b9c7230789e540ab) Importer(2089858483,b0f066a214c2f5e87bad3c948f4d605d) (ScriptedImporter) -> (artifact id: 'c5ac35e29dba0ae4dd51649a0b18cc14') in 0.0255111 seconds
Number of updated asset objects reloaded before import = 0Number of asset objects unloaded after import = 1

========================================================================
Received Import Request.
  Time since last request: 0.000023 seconds.
  path: Assets/work/sound/Musical Effects/music_box_negative_quick.wav
  artifactKey: Guid(0f39d0e28e48514488d7944f2196c643) Importer(2089858483,b0f066a214c2f5e87bad3c948f4d605d)
Start importing Assets/work/sound/Musical Effects/music_box_negative_quick.wav using Guid(0f39d0e28e48514488d7944f2196c643) Importer(2089858483,b0f066a214c2f5e87bad3c948f4d605d) (ScriptedImporter) -> (artifact id: 'bc1a98f2db11b5fbfa430a519ff189a7') in 0.0292331 seconds
Number of updated asset objects reloaded before import = 0Number of asset objects unloaded after import = 1

========================================================================
Received Import Request.
  Time since last request: 0.000023 seconds.
  path: Assets/work/sound/UI/sci_fi_hover.wav
  artifactKey: Guid(0aeee6e94f569194ba1b9eff355d09f9) Importer(2089858483,b0f066a214c2f5e87bad3c948f4d605d)
Start importing Assets/work/sound/UI/sci_fi_hover.wav using Guid(0aeee6e94f569194ba1b9eff355d09f9) Importer(2089858483,b0f066a214c2f5e87bad3c948f4d605d) (ScriptedImporter) -> (artifact id: '271a7a698822cacd9d3c98958a194571') in 0.0290861 seconds
Number of updated asset objects reloaded before import = 0Number of asset objects unloaded after import = 1

========================================================================
Received Import Request.
  Time since last request: 0.000032 seconds.
  path: Assets/work/sound/Materials/metal_blunt_tap.wav
  artifactKey: Guid(cd193a1dbcaa37d449e334434e084c28) Importer(2089858483,b0f066a214c2f5e87bad3c948f4d605d)
Start importing Assets/work/sound/Materials/metal_blunt_tap.wav using Guid(cd193a1dbcaa37d449e334434e084c28) Importer(2089858483,b0f066a214c2f5e87bad3c948f4d605d) (ScriptedImporter) -> (artifact id: '49bcaede26fa6d1682e2c4a57f4dca60') in 0.0299477 seconds
Number of updated asset objects reloaded before import = 0Number of asset objects unloaded after import = 1

========================================================================
Received Import Request.
  Time since last request: 0.000014 seconds.
  path: Assets/work/sound/Retro/grow_big.wav
  artifactKey: Guid(01f5966a1dcf20348b69776be6116770) Importer(2089858483,b0f066a214c2f5e87bad3c948f4d605d)
Start importing Assets/work/sound/Retro/grow_big.wav using Guid(01f5966a1dcf20348b69776be6116770) Importer(2089858483,b0f066a214c2f5e87bad3c948f4d605d) (ScriptedImporter) -> (artifact id: 'f4e4214985cb8809783f857868439db2') in 0.02243 seconds
Number of updated asset objects reloaded before import = 0Number of asset objects unloaded after import = 1

========================================================================
Received Import Request.
  Time since last request: 0.000017 seconds.
  path: Assets/work/sound/Items/air_pump.wav
  artifactKey: Guid(9c27cdc608220464e980681c431cb7aa) Importer(2089858483,b0f066a214c2f5e87bad3c948f4d605d)
Start importing Assets/work/sound/Items/air_pump.wav using Guid(9c27cdc608220464e980681c431cb7aa) Importer(2089858483,b0f066a214c2f5e87bad3c948f4d605d) (ScriptedImporter) -> (artifact id: '27ea0fe54221bd0ecbfe1770f1f3b174') in 0.0258284 seconds
Number of updated asset objects reloaded before import = 0Number of asset objects unloaded after import = 1

========================================================================
Received Import Request.
  Time since last request: 0.000023 seconds.
  path: Assets/work/sound/Other/whoosh_2.wav
  artifactKey: Guid(32e8291d39674ab44a40d1f379b9321d) Importer(2089858483,b0f066a214c2f5e87bad3c948f4d605d)
Start importing Assets/work/sound/Other/whoosh_2.wav using Guid(32e8291d39674ab44a40d1f379b9321d) Importer(2089858483,b0f066a214c2f5e87bad3c948f4d605d) (ScriptedImporter) -> (artifact id: '9d149a5d312faf4d193a595033b07d27') in 0.0302306 seconds
Number of updated asset objects reloaded before import = 0Number of asset objects unloaded after import = 1

========================================================================
Received Import Request.
  Time since last request: 0.000014 seconds.
  path: Assets/work/sound/Card and Board/chips_place_1.wav
  artifactKey: Guid(6ce99dd0605de2e4ebee006060145e61) Importer(2089858483,b0f066a214c2f5e87bad3c948f4d605d)
Start importing Assets/work/sound/Card and Board/chips_place_1.wav using Guid(6ce99dd0605de2e4ebee006060145e61) Importer(2089858483,b0f066a214c2f5e87bad3c948f4d605d) (ScriptedImporter) -> (artifact id: 'e4afd33bfeb7fd31d41b3063e96c9efd') in 0.0288678 seconds
Number of updated asset objects reloaded before import = 0Number of asset objects unloaded after import = 1

========================================================================
Received Import Request.
  Time since last request: 0.000015 seconds.
  path: Assets/work/sound/Musical Effects/harpsichord_level_complete.wav
  artifactKey: Guid(4cdf0fcbc152c9a4bbcf44f80801291d) Importer(2089858483,b0f066a214c2f5e87bad3c948f4d605d)
Start importing Assets/work/sound/Musical Effects/harpsichord_level_complete.wav using Guid(4cdf0fcbc152c9a4bbcf44f80801291d) Importer(2089858483,b0f066a214c2f5e87bad3c948f4d605d) (ScriptedImporter) -> (artifact id: '436fb294afdd2f43dc4c7286dcee6770') in 0.0294288 seconds
Number of updated asset objects reloaded before import = 0Number of asset objects unloaded after import = 1

========================================================================
Received Import Request.
  Time since last request: 0.000028 seconds.
  path: Assets/work/sound/Musical Effects/sitar_negative_quick.wav
  artifactKey: Guid(895a68b8c3242234d91e3cced166a71e) Importer(2089858483,b0f066a214c2f5e87bad3c948f4d605d)
Start importing Assets/work/sound/Musical Effects/sitar_negative_quick.wav using Guid(895a68b8c3242234d91e3cced166a71e) Importer(2089858483,b0f066a214c2f5e87bad3c948f4d605d) (ScriptedImporter) -> (artifact id: 'aaa057cfcb6a1800a4099eced0abd880') in 0.0257784 seconds
Number of updated asset objects reloaded before import = 0Number of asset objects unloaded after import = 1

========================================================================
Received Import Request.
  Time since last request: 0.000018 seconds.
  path: Assets/work/sound/Footsteps/digital/digital_footstep_gravel_1.wav
  artifactKey: Guid(43995377f99c080449f4d6157961ae59) Importer(2089858483,b0f066a214c2f5e87bad3c948f4d605d)
Start importing Assets/work/sound/Footsteps/digital/digital_footstep_gravel_1.wav using Guid(43995377f99c080449f4d6157961ae59) Importer(2089858483,b0f066a214c2f5e87bad3c948f4d605d) (ScriptedImporter) -> (artifact id: 'a7cc8e39abdf69abebda9dd3948d4b56') in 0.0201215 seconds
Number of updated asset objects reloaded before import = 0Number of asset objects unloaded after import = 1

========================================================================
Received Import Request.
  Time since last request: 0.000018 seconds.
  path: Assets/work/sound/Combat and Gore/crunch_quick.wav
  artifactKey: Guid(f2c88ef414236974793a6b4eb849ead9) Importer(2089858483,b0f066a214c2f5e87bad3c948f4d605d)
Start importing Assets/work/sound/Combat and Gore/crunch_quick.wav using Guid(f2c88ef414236974793a6b4eb849ead9) Importer(2089858483,b0f066a214c2f5e87bad3c948f4d605d) (ScriptedImporter) -> (artifact id: '08ca637eebacef9d3557583db77346d3') in 0.027441 seconds
Number of updated asset objects reloaded before import = 0Number of asset objects unloaded after import = 1

========================================================================
Received Import Request.
  Time since last request: 0.000022 seconds.
  path: Assets/work/sound/Musical Effects/grand_piano_negative_long.wav
  artifactKey: Guid(12e8103f57c44b2408cf75b38b5a8dc0) Importer(2089858483,b0f066a214c2f5e87bad3c948f4d605d)
Start importing Assets/work/sound/Musical Effects/grand_piano_negative_long.wav using Guid(12e8103f57c44b2408cf75b38b5a8dc0) Importer(2089858483,b0f066a214c2f5e87bad3c948f4d605d) (ScriptedImporter) -> (artifact id: '003a16d39fc095fbed639386e89f0736') in 0.0319229 seconds
Number of updated asset objects reloaded before import = 0Number of asset objects unloaded after import = 1

========================================================================
Received Import Request.
  Time since last request: 0.000018 seconds.
  path: Assets/work/sound/Retro/coin_4.wav
  artifactKey: Guid(845b77b946bd76b4bbfb70f353c87ce4) Importer(2089858483,b0f066a214c2f5e87bad3c948f4d605d)
Start importing Assets/work/sound/Retro/coin_4.wav using Guid(845b77b946bd76b4bbfb70f353c87ce4) Importer(2089858483,b0f066a214c2f5e87bad3c948f4d605d) (ScriptedImporter) -> (artifact id: '2e0b5b640fb22f39ab7aa1be73e4cb9e') in 0.0170891 seconds
Number of updated asset objects reloaded before import = 0Number of asset objects unloaded after import = 1

========================================================================
Received Import Request.
  Time since last request: 0.000030 seconds.
  path: Assets/work/sound/Environment/zipper_down.wav
  artifactKey: Guid(63a9cd2b5999f9b4daf4dc60e75b9c1d) Importer(2089858483,b0f066a214c2f5e87bad3c948f4d605d)
Start importing Assets/work/sound/Environment/zipper_down.wav using Guid(63a9cd2b5999f9b4daf4dc60e75b9c1d) Importer(2089858483,b0f066a214c2f5e87bad3c948f4d605d) (ScriptedImporter) -> (artifact id: '6a67c6923beac84ccaa5c0b30a82ae63') in 0.0334795 seconds
Number of updated asset objects reloaded before import = 0Number of asset objects unloaded after import = 1

========================================================================
Received Import Request.
  Time since last request: 0.000021 seconds.
  path: Assets/work/sound/Environment/air_burst.wav
  artifactKey: Guid(a8c205519ffa04640a22c04edc4d6eb8) Importer(2089858483,b0f066a214c2f5e87bad3c948f4d605d)
Start importing Assets/work/sound/Environment/air_burst.wav using Guid(a8c205519ffa04640a22c04edc4d6eb8) Importer(2089858483,b0f066a214c2f5e87bad3c948f4d605d) (ScriptedImporter) -> (artifact id: '24e3db56a657addb8e7c709cb8dfd6d9') in 0.0286105 seconds
Number of updated asset objects reloaded before import = 0Number of asset objects unloaded after import = 1

========================================================================
Received Import Request.
  Time since last request: 0.000017 seconds.
  path: Assets/work/sound/Combat and Gore/punch.wav
  artifactKey: Guid(8264476adbd8b9d458d471ade0fe73a0) Importer(2089858483,b0f066a214c2f5e87bad3c948f4d605d)
Start importing Assets/work/sound/Combat and Gore/punch.wav using Guid(8264476adbd8b9d458d471ade0fe73a0) Importer(2089858483,b0f066a214c2f5e87bad3c948f4d605d) (ScriptedImporter) -> (artifact id: '4de5fc10976d69cae099e33179957fc6') in 0.0318857 seconds
Number of updated asset objects reloaded before import = 0Number of asset objects unloaded after import = 1

========================================================================
Received Import Request.
  Time since last request: 0.000023 seconds.
  path: Assets/work/sound/Footsteps/foley_footstep_concrete_4.wav
  artifactKey: Guid(69b2f5dccac8a364b82b1592222672d7) Importer(2089858483,b0f066a214c2f5e87bad3c948f4d605d)
Start importing Assets/work/sound/Footsteps/foley_footstep_concrete_4.wav using Guid(69b2f5dccac8a364b82b1592222672d7) Importer(2089858483,b0f066a214c2f5e87bad3c948f4d605d) (ScriptedImporter) -> (artifact id: '038dbe8ac9cf3f5c5fa00c73e0808ed3') in 0.0308287 seconds
Number of updated asset objects reloaded before import = 0Number of asset objects unloaded after import = 1

========================================================================
Received Import Request.
  Time since last request: 0.000017 seconds.
  path: Assets/work/sound/Environment/water_drop_medium.wav
  artifactKey: Guid(6d4c53ea7c4c87447b7940ed82fbe6b3) Importer(2089858483,b0f066a214c2f5e87bad3c948f4d605d)
Start importing Assets/work/sound/Environment/water_drop_medium.wav using Guid(6d4c53ea7c4c87447b7940ed82fbe6b3) Importer(2089858483,b0f066a214c2f5e87bad3c948f4d605d) (ScriptedImporter) -> (artifact id: 'ae846e9cfb0754f520cbb415838c3c1f') in 0.0365543 seconds
Number of updated asset objects reloaded before import = 0Number of asset objects unloaded after import = 1

========================================================================
Received Import Request.
  Time since last request: 0.000023 seconds.
  path: Assets/work/sound/Footsteps/digital/digital_footstep_gravel_2.wav
  artifactKey: Guid(3c6f0183abbb9e44296e5eb3ce2f50ce) Importer(2089858483,b0f066a214c2f5e87bad3c948f4d605d)
Start importing Assets/work/sound/Footsteps/digital/digital_footstep_gravel_2.wav using Guid(3c6f0183abbb9e44296e5eb3ce2f50ce) Importer(2089858483,b0f066a214c2f5e87bad3c948f4d605d) (ScriptedImporter) -> (artifact id: '3434baf52fef9fe1e72a279ad8b85400') in 0.0207392 seconds
Number of updated asset objects reloaded before import = 0Number of asset objects unloaded after import = 1

========================================================================
Received Import Request.
  Time since last request: 0.000016 seconds.
  path: Assets/work/sound/Musical Effects/synth_bass_negative_quick.wav
  artifactKey: Guid(9562e9e6b870638418922047166dd731) Importer(2089858483,b0f066a214c2f5e87bad3c948f4d605d)
Start importing Assets/work/sound/Musical Effects/synth_bass_negative_quick.wav using Guid(9562e9e6b870638418922047166dd731) Importer(2089858483,b0f066a214c2f5e87bad3c948f4d605d) (ScriptedImporter) -> (artifact id: '07767a5f75e66fe0ea66f91e863d1ee7') in 0.0296158 seconds
Number of updated asset objects reloaded before import = 0Number of asset objects unloaded after import = 1

========================================================================
Received Import Request.
  Time since last request: 0.000026 seconds.
  path: Assets/work/sound/Materials/clothing_thud.wav
  artifactKey: Guid(579ad2bde1707dd4b88451701dd12011) Importer(2089858483,b0f066a214c2f5e87bad3c948f4d605d)
Start importing Assets/work/sound/Materials/clothing_thud.wav using Guid(579ad2bde1707dd4b88451701dd12011) Importer(2089858483,b0f066a214c2f5e87bad3c948f4d605d) (ScriptedImporter) -> (artifact id: '284496ec647788b52377f33ccc3297d9') in 0.0384465 seconds
Number of updated asset objects reloaded before import = 0Number of asset objects unloaded after import = 1

========================================================================
Received Import Request.
  Time since last request: 0.000016 seconds.
  path: Assets/work/sound/Environment/door_close.wav
  artifactKey: Guid(e54b388114f783f4f8441ec149cc53b1) Importer(2089858483,b0f066a214c2f5e87bad3c948f4d605d)
Start importing Assets/work/sound/Environment/door_close.wav using Guid(e54b388114f783f4f8441ec149cc53b1) Importer(2089858483,b0f066a214c2f5e87bad3c948f4d605d) (ScriptedImporter) -> (artifact id: '559c958dcf28d51e0106a525f0f6899e') in 0.0338971 seconds
Number of updated asset objects reloaded before import = 0Number of asset objects unloaded after import = 1

========================================================================
Received Import Request.
  Time since last request: 0.000029 seconds.
  path: Assets/work/sound/Environment/clock_tick_only.wav
  artifactKey: Guid(836e62dfd372089489ecf11d9279cf3b) Importer(2089858483,b0f066a214c2f5e87bad3c948f4d605d)
Start importing Assets/work/sound/Environment/clock_tick_only.wav using Guid(836e62dfd372089489ecf11d9279cf3b) Importer(2089858483,b0f066a214c2f5e87bad3c948f4d605d) (ScriptedImporter) -> (artifact id: 'aa43ed924f994d115b60e1ff5d128f77') in 0.0338916 seconds
Number of updated asset objects reloaded before import = 0Number of asset objects unloaded after import = 1

========================================================================
Received Import Request.
  Time since last request: 0.000039 seconds.
  path: Assets/work/sound/Other/elastic_twang.wav
  artifactKey: Guid(7867cbfa6e2d1804f960409fb3b5e858) Importer(2089858483,b0f066a214c2f5e87bad3c948f4d605d)
Start importing Assets/work/sound/Other/elastic_twang.wav using Guid(7867cbfa6e2d1804f960409fb3b5e858) Importer(2089858483,b0f066a214c2f5e87bad3c948f4d605d) (ScriptedImporter) -> (artifact id: 'cf6461bb4ec1659d9bd2c3f3623cd420') in 0.0335837 seconds
Number of updated asset objects reloaded before import = 0Number of asset objects unloaded after import = 1

========================================================================
Received Import Request.
  Time since last request: 0.000026 seconds.
  path: Assets/work/sound/Match Three/match_synth_2.wav
  artifactKey: Guid(35034378a7e8fe140b65d1d0eded35c0) Importer(2089858483,b0f066a214c2f5e87bad3c948f4d605d)
Start importing Assets/work/sound/Match Three/match_synth_2.wav using Guid(35034378a7e8fe140b65d1d0eded35c0) Importer(2089858483,b0f066a214c2f5e87bad3c948f4d605d) (ScriptedImporter) -> (artifact id: 'b118229cdc96b97d44ef4a090d14587e') in 0.0378516 seconds
Number of updated asset objects reloaded before import = 0Number of asset objects unloaded after import = 1

========================================================================
Received Import Request.
  Time since last request: 0.000025 seconds.
  path: Assets/work/sound/Musical Effects/harpsichord_level_start.wav
  artifactKey: Guid(db9091543478d52499bbad4a282d3756) Importer(2089858483,b0f066a214c2f5e87bad3c948f4d605d)
Start importing Assets/work/sound/Musical Effects/harpsichord_level_start.wav using Guid(db9091543478d52499bbad4a282d3756) Importer(2089858483,b0f066a214c2f5e87bad3c948f4d605d) (ScriptedImporter) -> (artifact id: 'add28934bcc687c4354b543c29db19ea') in 0.0319809 seconds
Number of updated asset objects reloaded before import = 0Number of asset objects unloaded after import = 1

========================================================================
Received Import Request.
  Time since last request: 0.000034 seconds.
  path: Assets/work/sound/Footsteps/digital/digital_footstep_wood_3.wav
  artifactKey: Guid(c7dcfd238571fe54ea54f984020ec8b1) Importer(2089858483,b0f066a214c2f5e87bad3c948f4d605d)
Start importing Assets/work/sound/Footsteps/digital/digital_footstep_wood_3.wav using Guid(c7dcfd238571fe54ea54f984020ec8b1) Importer(2089858483,b0f066a214c2f5e87bad3c948f4d605d) (ScriptedImporter) -> (artifact id: 'e60d3d8727446915d0c0300c2ec5b40a') in 0.0222692 seconds
Number of updated asset objects reloaded before import = 0Number of asset objects unloaded after import = 1

========================================================================
Received Import Request.
  Time since last request: 0.000017 seconds.
  path: Assets/work/sound/Human/man_10.wav
  artifactKey: Guid(1b7bda99721973a49b9a64b2c6f2823c) Importer(2089858483,b0f066a214c2f5e87bad3c948f4d605d)
Start importing Assets/work/sound/Human/man_10.wav using Guid(1b7bda99721973a49b9a64b2c6f2823c) Importer(2089858483,b0f066a214c2f5e87bad3c948f4d605d) (ScriptedImporter) -> (artifact id: '65153bbaba5dd0364b70246ee6868af6') in 0.0334972 seconds
Number of updated asset objects reloaded before import = 0Number of asset objects unloaded after import = 1

========================================================================
Received Import Request.
  Time since last request: 0.000041 seconds.
  path: Assets/work/sound/Musical Effects/synth_bass_inn.wav
  artifactKey: Guid(e20215fc7cd863e45a07b0e733abd340) Importer(2089858483,b0f066a214c2f5e87bad3c948f4d605d)
Start importing Assets/work/sound/Musical Effects/synth_bass_inn.wav using Guid(e20215fc7cd863e45a07b0e733abd340) Importer(2089858483,b0f066a214c2f5e87bad3c948f4d605d) (ScriptedImporter) -> (artifact id: '7013f7b45f457b95f9d7855638128f65') in 0.0345729 seconds
Number of updated asset objects reloaded before import = 0Number of asset objects unloaded after import = 1

========================================================================
Received Import Request.
  Time since last request: 0.000036 seconds.
  path: Assets/work/sound/Footsteps/foley_footstep_vinyl_1.wav
  artifactKey: Guid(079a600c6ab4c3c4d87c0aad17af7510) Importer(2089858483,b0f066a214c2f5e87bad3c948f4d605d)
Start importing Assets/work/sound/Footsteps/foley_footstep_vinyl_1.wav using Guid(079a600c6ab4c3c4d87c0aad17af7510) Importer(2089858483,b0f066a214c2f5e87bad3c948f4d605d) (ScriptedImporter) -> (artifact id: '8bfe303021e3df3ed4c0e48eddc8656f') in 0.0339335 seconds
Number of updated asset objects reloaded before import = 0Number of asset objects unloaded after import = 1

========================================================================
Received Import Request.
  Time since last request: 0.000029 seconds.
  path: Assets/work/sound/Machines/industrial_door_close.wav
  artifactKey: Guid(51d3ef7cb2af3bc4894ff72da02f4ecb) Importer(2089858483,b0f066a214c2f5e87bad3c948f4d605d)
Start importing Assets/work/sound/Machines/industrial_door_close.wav using Guid(51d3ef7cb2af3bc4894ff72da02f4ecb) Importer(2089858483,b0f066a214c2f5e87bad3c948f4d605d) (ScriptedImporter) -> (artifact id: '1d890aff1758934da6976681a9cde85e') in 0.0364343 seconds
Number of updated asset objects reloaded before import = 0Number of asset objects unloaded after import = 1

========================================================================
Received Import Request.
  Time since last request: 0.000017 seconds.
  path: Assets/work/sound/Weapons/weapon_equip.wav
  artifactKey: Guid(040d94887c25eb84bbe296241109aa1b) Importer(2089858483,b0f066a214c2f5e87bad3c948f4d605d)
Start importing Assets/work/sound/Weapons/weapon_equip.wav using Guid(040d94887c25eb84bbe296241109aa1b) Importer(2089858483,b0f066a214c2f5e87bad3c948f4d605d) (ScriptedImporter) -> (artifact id: '2fd543852558b4a844f90c3e661169e6') in 0.034286 seconds
Number of updated asset objects reloaded before import = 0Number of asset objects unloaded after import = 1

========================================================================
Received Import Request.
  Time since last request: 0.000025 seconds.
  path: Assets/work/sound/Materials/aluminium_can_place.wav
  artifactKey: Guid(eabfeb9c9e2e69944afa4e99bf85c3c9) Importer(2089858483,b0f066a214c2f5e87bad3c948f4d605d)
Start importing Assets/work/sound/Materials/aluminium_can_place.wav using Guid(eabfeb9c9e2e69944afa4e99bf85c3c9) Importer(2089858483,b0f066a214c2f5e87bad3c948f4d605d) (ScriptedImporter) -> (artifact id: 'd9c2b51b3861277c203341738e1c69f8') in 0.0285174 seconds
Number of updated asset objects reloaded before import = 0Number of asset objects unloaded after import = 1

========================================================================
Received Import Request.
  Time since last request: 0.000021 seconds.
  path: Assets/work/sound/Combat and Gore/splat_double_quick.wav
  artifactKey: Guid(0ea0b8c03fe3f5948b4e388c89162a0f) Importer(2089858483,b0f066a214c2f5e87bad3c948f4d605d)
Start importing Assets/work/sound/Combat and Gore/splat_double_quick.wav using Guid(0ea0b8c03fe3f5948b4e388c89162a0f) Importer(2089858483,b0f066a214c2f5e87bad3c948f4d605d) (ScriptedImporter) -> (artifact id: 'c3b7aa0e4413a2db4bf15cff628830bb') in 0.0310147 seconds
Number of updated asset objects reloaded before import = 0Number of asset objects unloaded after import = 1

========================================================================
Received Import Request.
  Time since last request: 0.000018 seconds.
  path: Assets/work/sound/Musical Effects/music_box_positive_long.wav
  artifactKey: Guid(a4e99ec0db3a1c2498917af9db2d8bc0) Importer(2089858483,b0f066a214c2f5e87bad3c948f4d605d)
Start importing Assets/work/sound/Musical Effects/music_box_positive_long.wav using Guid(a4e99ec0db3a1c2498917af9db2d8bc0) Importer(2089858483,b0f066a214c2f5e87bad3c948f4d605d) (ScriptedImporter) -> (artifact id: '39bc2bffcaaef09b55c61e5da95a38de') in 0.0330813 seconds
Number of updated asset objects reloaded before import = 0Number of asset objects unloaded after import = 1

========================================================================
Received Import Request.
  Time since last request: 0.000031 seconds.
  path: Assets/work/sound/Environment/door_knock.wav
  artifactKey: Guid(f46dcf66481f8b04785ab83510e8f26c) Importer(2089858483,b0f066a214c2f5e87bad3c948f4d605d)
Start importing Assets/work/sound/Environment/door_knock.wav using Guid(f46dcf66481f8b04785ab83510e8f26c) Importer(2089858483,b0f066a214c2f5e87bad3c948f4d605d) (ScriptedImporter) -> (artifact id: '6dc8c676254c2e5932922fa8f01ec563') in 0.0291348 seconds
Number of updated asset objects reloaded before import = 0Number of asset objects unloaded after import = 1

========================================================================
Received Import Request.
  Time since last request: 0.000015 seconds.
  path: Assets/work/sound/UI/pop_4.wav
  artifactKey: Guid(c4ae73d30f3886d4d9a4c867bc06867b) Importer(2089858483,b0f066a214c2f5e87bad3c948f4d605d)
Start importing Assets/work/sound/UI/pop_4.wav using Guid(c4ae73d30f3886d4d9a4c867bc06867b) Importer(2089858483,b0f066a214c2f5e87bad3c948f4d605d) (ScriptedImporter) -> (artifact id: '4b39f99cadc359d3dc29dcd7720b9b08') in 0.0273831 seconds
Number of updated asset objects reloaded before import = 0Number of asset objects unloaded after import = 1

========================================================================
Received Import Request.
  Time since last request: 0.000027 seconds.
  path: Assets/work/sound/Materials/cork_stabbed.wav
  artifactKey: Guid(f8a7f5e99bf00484faf03f4c15fab48e) Importer(2089858483,b0f066a214c2f5e87bad3c948f4d605d)
Start importing Assets/work/sound/Materials/cork_stabbed.wav using Guid(f8a7f5e99bf00484faf03f4c15fab48e) Importer(2089858483,b0f066a214c2f5e87bad3c948f4d605d) (ScriptedImporter) -> (artifact id: 'fa82f28257d0cc78fdf3bac674c9c721') in 0.0302212 seconds
Number of updated asset objects reloaded before import = 0Number of asset objects unloaded after import = 1

========================================================================
Received Import Request.
  Time since last request: 0.000035 seconds.
  path: Assets/work/sound/Weapons/sword_clash_2.wav
  artifactKey: Guid(8cb9b4a9f99b90e46ac18ad6b337b1ad) Importer(2089858483,b0f066a214c2f5e87bad3c948f4d605d)
Start importing Assets/work/sound/Weapons/sword_clash_2.wav using Guid(8cb9b4a9f99b90e46ac18ad6b337b1ad) Importer(2089858483,b0f066a214c2f5e87bad3c948f4d605d) (ScriptedImporter) -> (artifact id: '10ff6c8ba22a96247d74536dfd7a7184') in 0.0358917 seconds
Number of updated asset objects reloaded before import = 0Number of asset objects unloaded after import = 1

========================================================================
Received Import Request.
  Time since last request: 0.000031 seconds.
  path: Assets/work/sound/Weapons/harsh_thud.wav
  artifactKey: Guid(065c7fb9be261ea49908082ccd60d210) Importer(2089858483,b0f066a214c2f5e87bad3c948f4d605d)
Start importing Assets/work/sound/Weapons/harsh_thud.wav using Guid(065c7fb9be261ea49908082ccd60d210) Importer(2089858483,b0f066a214c2f5e87bad3c948f4d605d) (ScriptedImporter) -> (artifact id: 'f6219a7f10d2bae3aa0426638e57ffad') in 0.0306822 seconds
Number of updated asset objects reloaded before import = 0Number of asset objects unloaded after import = 1

========================================================================
Received Import Request.
  Time since last request: 0.000025 seconds.
  path: Assets/work/sound/Musical Effects/steel_drums_chime_quick.wav
  artifactKey: Guid(88d7256a70b1baa4b87aaec8f3153769) Importer(2089858483,b0f066a214c2f5e87bad3c948f4d605d)
Start importing Assets/work/sound/Musical Effects/steel_drums_chime_quick.wav using Guid(88d7256a70b1baa4b87aaec8f3153769) Importer(2089858483,b0f066a214c2f5e87bad3c948f4d605d) (ScriptedImporter) -> (artifact id: 'ef73daf860676f342c0020e68ac06774') in 0.0292896 seconds
Number of updated asset objects reloaded before import = 0Number of asset objects unloaded after import = 1

========================================================================
Received Import Request.
  Time since last request: 0.000018 seconds.
  path: Assets/work/sound/Match Three/match_xylophone_9.wav
  artifactKey: Guid(18c75208f9a67904da5f016578c101d9) Importer(2089858483,b0f066a214c2f5e87bad3c948f4d605d)
Start importing Assets/work/sound/Match Three/match_xylophone_9.wav using Guid(18c75208f9a67904da5f016578c101d9) Importer(2089858483,b0f066a214c2f5e87bad3c948f4d605d) (ScriptedImporter) -> (artifact id: '7741e34cb1825e468df8b71a328a9a37') in 0.0311041 seconds
Number of updated asset objects reloaded before import = 0Number of asset objects unloaded after import = 1

========================================================================
Received Import Request.
  Time since last request: 0.000031 seconds.
  path: Assets/work/sound/Musical Effects/vibraphone_level_start.wav
  artifactKey: Guid(03f99a1d5d1bc7b409e4acee75f603e9) Importer(2089858483,b0f066a214c2f5e87bad3c948f4d605d)
Start importing Assets/work/sound/Musical Effects/vibraphone_level_start.wav using Guid(03f99a1d5d1bc7b409e4acee75f603e9) Importer(2089858483,b0f066a214c2f5e87bad3c948f4d605d) (ScriptedImporter) -> (artifact id: '375933127a7eb980ea9f0bce51bd7843') in 0.0336792 seconds
Number of updated asset objects reloaded before import = 0Number of asset objects unloaded after import = 1

========================================================================
Received Import Request.
  Time since last request: 0.000018 seconds.
  path: Assets/work/sound/Musical Effects/8_bit_chime_positive.wav
  artifactKey: Guid(c5ee30d4c58ca044c920e2756fd872d2) Importer(2089858483,b0f066a214c2f5e87bad3c948f4d605d)
Start importing Assets/work/sound/Musical Effects/8_bit_chime_positive.wav using Guid(c5ee30d4c58ca044c920e2756fd872d2) Importer(2089858483,b0f066a214c2f5e87bad3c948f4d605d) (ScriptedImporter) -> (artifact id: 'd4f247c6c10434fd7437cc180f11869f') in 0.0282676 seconds
Number of updated asset objects reloaded before import = 0Number of asset objects unloaded after import = 1

========================================================================
Received Import Request.
  Time since last request: 0.000022 seconds.
  path: Assets/work/sound/Musical Effects/brass_negative_quick.wav
  artifactKey: Guid(f02d8e6d8ee0d0241ad28abe9b808058) Importer(2089858483,b0f066a214c2f5e87bad3c948f4d605d)
Start importing Assets/work/sound/Musical Effects/brass_negative_quick.wav using Guid(f02d8e6d8ee0d0241ad28abe9b808058) Importer(2089858483,b0f066a214c2f5e87bad3c948f4d605d) (ScriptedImporter) -> (artifact id: '811b77da00166a6e4e0ac38aba9c5851') in 0.026605 seconds
Number of updated asset objects reloaded before import = 0Number of asset objects unloaded after import = 1

========================================================================
Received Import Request.
  Time since last request: 0.000015 seconds.
  path: Assets/work/sound/Materials/stone_push_medium.wav
  artifactKey: Guid(7978224328071884aa0e7b6fa7d98c65) Importer(2089858483,b0f066a214c2f5e87bad3c948f4d605d)
Start importing Assets/work/sound/Materials/stone_push_medium.wav using Guid(7978224328071884aa0e7b6fa7d98c65) Importer(2089858483,b0f066a214c2f5e87bad3c948f4d605d) (ScriptedImporter) -> (artifact id: 'c26b9938b113c1cdbdf2e88287baa110') in 0.0314046 seconds
Number of updated asset objects reloaded before import = 0Number of asset objects unloaded after import = 1

========================================================================
Received Import Request.
  Time since last request: 0.000015 seconds.
  path: Assets/work/sound/Weapons/shot_muffled.wav
  artifactKey: Guid(73fbd6ed05b8cca42a5587f7c0b37fee) Importer(2089858483,b0f066a214c2f5e87bad3c948f4d605d)
Start importing Assets/work/sound/Weapons/shot_muffled.wav using Guid(73fbd6ed05b8cca42a5587f7c0b37fee) Importer(2089858483,b0f066a214c2f5e87bad3c948f4d605d) (ScriptedImporter) -> (artifact id: '1d31dd5280dbd474d4d458a64d48a8e3') in 0.0267593 seconds
Number of updated asset objects reloaded before import = 0Number of asset objects unloaded after import = 1

========================================================================
Received Import Request.
  Time since last request: 0.000024 seconds.
  path: Assets/work/sound/Footsteps/foley_footstep_carpet_4.wav
  artifactKey: Guid(eddaebc248663c24dad75b95ae6f40fe) Importer(2089858483,b0f066a214c2f5e87bad3c948f4d605d)
Start importing Assets/work/sound/Footsteps/foley_footstep_carpet_4.wav using Guid(eddaebc248663c24dad75b95ae6f40fe) Importer(2089858483,b0f066a214c2f5e87bad3c948f4d605d) (ScriptedImporter) -> (artifact id: 'b77f820513f6fc83066c14d6f3b21416') in 0.0244101 seconds
Number of updated asset objects reloaded before import = 0Number of asset objects unloaded after import = 1

========================================================================
Received Import Request.
  Time since last request: 0.000023 seconds.
  path: Assets/work/sound/Musical Effects/harpsichord_positive_long.wav
  artifactKey: Guid(9951f4655ace0e040b5f214ff73d515a) Importer(2089858483,b0f066a214c2f5e87bad3c948f4d605d)
Start importing Assets/work/sound/Musical Effects/harpsichord_positive_long.wav using Guid(9951f4655ace0e040b5f214ff73d515a) Importer(2089858483,b0f066a214c2f5e87bad3c948f4d605d) (ScriptedImporter) -> (artifact id: 'ad48756aec935b80bb21554ce8515a81') in 0.0290155 seconds
Number of updated asset objects reloaded before import = 0Number of asset objects unloaded after import = 1

========================================================================
Received Import Request.
  Time since last request: 0.000021 seconds.
  path: Assets/work/sound/Musical Effects/steel_drums_negative_quick.wav
  artifactKey: Guid(ede7059aab9b08b4b82ea040782ebd5a) Importer(2089858483,b0f066a214c2f5e87bad3c948f4d605d)
Start importing Assets/work/sound/Musical Effects/steel_drums_negative_quick.wav using Guid(ede7059aab9b08b4b82ea040782ebd5a) Importer(2089858483,b0f066a214c2f5e87bad3c948f4d605d) (ScriptedImporter) -> (artifact id: '390234eafe689ed3eda85a92c8a4e4f9') in 0.0287301 seconds
Number of updated asset objects reloaded before import = 0Number of asset objects unloaded after import = 1

========================================================================
Received Import Request.
  Time since last request: 0.000033 seconds.
  path: Assets/work/sound/Materials/stone_push_short.wav
  artifactKey: Guid(674c2a5dfab17f340addcf03048c9e9f) Importer(2089858483,b0f066a214c2f5e87bad3c948f4d605d)
Start importing Assets/work/sound/Materials/stone_push_short.wav using Guid(674c2a5dfab17f340addcf03048c9e9f) Importer(2089858483,b0f066a214c2f5e87bad3c948f4d605d) (ScriptedImporter) -> (artifact id: '2f007ca12223ecfed2fa99b1e686458d') in 0.0258162 seconds
Number of updated asset objects reloaded before import = 0Number of asset objects unloaded after import = 1

========================================================================
Received Import Request.
  Time since last request: 0.000019 seconds.
  path: Assets/work/sound/Musical Effects/vibraphone_negative_long.wav
  artifactKey: Guid(e0b9188941e506b449cb11676a085c89) Importer(2089858483,b0f066a214c2f5e87bad3c948f4d605d)
Start importing Assets/work/sound/Musical Effects/vibraphone_negative_long.wav using Guid(e0b9188941e506b449cb11676a085c89) Importer(2089858483,b0f066a214c2f5e87bad3c948f4d605d) (ScriptedImporter) -> (artifact id: 'e66f91535707951d99466046d1f4a1e1') in 0.0265363 seconds
Number of updated asset objects reloaded before import = 0Number of asset objects unloaded after import = 1

========================================================================
Received Import Request.
  Time since last request: 0.000018 seconds.
  path: Assets/work/sound/Musical Effects/music_box_mystery.wav
  artifactKey: Guid(5ff24db88cbeeab45b07cc6d823ef953) Importer(2089858483,b0f066a214c2f5e87bad3c948f4d605d)
Start importing Assets/work/sound/Musical Effects/music_box_mystery.wav using Guid(5ff24db88cbeeab45b07cc6d823ef953) Importer(2089858483,b0f066a214c2f5e87bad3c948f4d605d) (ScriptedImporter) -> (artifact id: 'f5deb5d713f4091edd24037579654f60') in 0.0322843 seconds
Number of updated asset objects reloaded before import = 0Number of asset objects unloaded after import = 1

========================================================================
Received Import Request.
  Time since last request: 0.000028 seconds.
  path: Assets/work/sound/Card and Board/chips_in_sack_short.wav
  artifactKey: Guid(f658ed40b00fe9d4d805c4b502ff820c) Importer(2089858483,b0f066a214c2f5e87bad3c948f4d605d)
Start importing Assets/work/sound/Card and Board/chips_in_sack_short.wav using Guid(f658ed40b00fe9d4d805c4b502ff820c) Importer(2089858483,b0f066a214c2f5e87bad3c948f4d605d) (ScriptedImporter) -> (artifact id: 'dab2a94ba9c1ce65998346e98e0f4f99') in 0.0283333 seconds
Number of updated asset objects reloaded before import = 0Number of asset objects unloaded after import = 1

========================================================================
Received Import Request.
  Time since last request: 0.000021 seconds.
  path: Assets/work/sound/Footsteps/foley_footstep_vinyl_3.wav
  artifactKey: Guid(00d8aa4ea8a037741bd4a111bab7d24b) Importer(2089858483,b0f066a214c2f5e87bad3c948f4d605d)
Start importing Assets/work/sound/Footsteps/foley_footstep_vinyl_3.wav using Guid(00d8aa4ea8a037741bd4a111bab7d24b) Importer(2089858483,b0f066a214c2f5e87bad3c948f4d605d) (ScriptedImporter) -> (artifact id: '37751133998ba3797f530968a926d92d') in 0.0259477 seconds
Number of updated asset objects reloaded before import = 0Number of asset objects unloaded after import = 1

========================================================================
Received Import Request.
  Time since last request: 0.000022 seconds.
  path: Assets/work/sound/Materials/ceramic_jar_open.wav
  artifactKey: Guid(ff943b4fed1bbdd45ad1d81e4ca97f42) Importer(2089858483,b0f066a214c2f5e87bad3c948f4d605d)
Start importing Assets/work/sound/Materials/ceramic_jar_open.wav using Guid(ff943b4fed1bbdd45ad1d81e4ca97f42) Importer(2089858483,b0f066a214c2f5e87bad3c948f4d605d) (ScriptedImporter) -> (artifact id: '7b91e4d865a31b62f740fe6edaf32167') in 0.0282748 seconds
Number of updated asset objects reloaded before import = 0Number of asset objects unloaded after import = 1

========================================================================
Received Import Request.
  Time since last request: 0.000025 seconds.
  path: Assets/work/sound/Footsteps/foley_footstep_vinyl_4.wav
  artifactKey: Guid(d201c273153603e4da169b15505f54ce) Importer(2089858483,b0f066a214c2f5e87bad3c948f4d605d)
Start importing Assets/work/sound/Footsteps/foley_footstep_vinyl_4.wav using Guid(d201c273153603e4da169b15505f54ce) Importer(2089858483,b0f066a214c2f5e87bad3c948f4d605d) (ScriptedImporter) -> (artifact id: 'c271d5f3836c1b89879dfa646d3773f8') in 0.0297826 seconds
Number of updated asset objects reloaded before import = 0Number of asset objects unloaded after import = 1

========================================================================
Received Import Request.
  Time since last request: 0.000016 seconds.
  path: Assets/work/sound/Materials/paper_scrunch.wav
  artifactKey: Guid(3013ac6d0bb55f24287f99983f087bf5) Importer(2089858483,b0f066a214c2f5e87bad3c948f4d605d)
Start importing Assets/work/sound/Materials/paper_scrunch.wav using Guid(3013ac6d0bb55f24287f99983f087bf5) Importer(2089858483,b0f066a214c2f5e87bad3c948f4d605d) (ScriptedImporter) -> (artifact id: '0e8533cb7a4be746ca8dca736609d54f') in 0.0291009 seconds
Number of updated asset objects reloaded before import = 0Number of asset objects unloaded after import = 1

========================================================================
Received Import Request.
  Time since last request: 0.000026 seconds.
  path: Assets/work/sound/Human/cough_short.wav
  artifactKey: Guid(3f249da5553fbcb498e22492626044aa) Importer(2089858483,b0f066a214c2f5e87bad3c948f4d605d)
Start importing Assets/work/sound/Human/cough_short.wav using Guid(3f249da5553fbcb498e22492626044aa) Importer(2089858483,b0f066a214c2f5e87bad3c948f4d605d) (ScriptedImporter) -> (artifact id: 'd1b2917aa98a3b781c82d61777acf1a6') in 0.0249421 seconds
Number of updated asset objects reloaded before import = 0Number of asset objects unloaded after import = 1

========================================================================
Received Import Request.
  Time since last request: 0.000019 seconds.
  path: Assets/work/sound/Weapons/weapon_upgrade.wav
  artifactKey: Guid(a1d3eef5a5c80b340af088420aaefa17) Importer(2089858483,b0f066a214c2f5e87bad3c948f4d605d)
Start importing Assets/work/sound/Weapons/weapon_upgrade.wav using Guid(a1d3eef5a5c80b340af088420aaefa17) Importer(2089858483,b0f066a214c2f5e87bad3c948f4d605d) (ScriptedImporter) -> (artifact id: 'a43d3d9737f5ed0c90a03e4786356936') in 0.0254806 seconds
Number of updated asset objects reloaded before import = 0Number of asset objects unloaded after import = 1

========================================================================
Received Import Request.
  Time since last request: 0.000031 seconds.
  path: Assets/work/sound/Environment/water_drop_synthetic.wav
  artifactKey: Guid(b15610bd0d34eda49b1c0a536d4bea8c) Importer(2089858483,b0f066a214c2f5e87bad3c948f4d605d)
Start importing Assets/work/sound/Environment/water_drop_synthetic.wav using Guid(b15610bd0d34eda49b1c0a536d4bea8c) Importer(2089858483,b0f066a214c2f5e87bad3c948f4d605d) (ScriptedImporter) -> (artifact id: 'dd5dff2da50545a9c95e13815c549917') in 0.0359367 seconds
Number of updated asset objects reloaded before import = 0Number of asset objects unloaded after import = 1

========================================================================
Received Import Request.
  Time since last request: 0.000021 seconds.
  path: Assets/work/sound/Other/snap.wav
  artifactKey: Guid(63b953bcb0a6a4d4c9521611e9ca2980) Importer(2089858483,b0f066a214c2f5e87bad3c948f4d605d)
Start importing Assets/work/sound/Other/snap.wav using Guid(63b953bcb0a6a4d4c9521611e9ca2980) Importer(2089858483,b0f066a214c2f5e87bad3c948f4d605d) (ScriptedImporter) -> (artifact id: 'b716e2967f55ab47eb5a7f7e7cfdb548') in 0.0283089 seconds
Number of updated asset objects reloaded before import = 0Number of asset objects unloaded after import = 1

========================================================================
Received Import Request.
  Time since last request: 0.000025 seconds.
  path: Assets/work/sound/Combat and Gore/crunch_splat.wav
  artifactKey: Guid(79f38d570ea090844ac2b7a73e2fde4b) Importer(2089858483,b0f066a214c2f5e87bad3c948f4d605d)
Start importing Assets/work/sound/Combat and Gore/crunch_splat.wav using Guid(79f38d570ea090844ac2b7a73e2fde4b) Importer(2089858483,b0f066a214c2f5e87bad3c948f4d605d) (ScriptedImporter) -> (artifact id: 'ad36e83ee7576ae90bb3e7a47c497e3a') in 0.0285504 seconds
Number of updated asset objects reloaded before import = 0Number of asset objects unloaded after import = 1

========================================================================
Received Import Request.
  Time since last request: 0.000021 seconds.
  path: Assets/work/sound/Items/coins_gather_small.wav
  artifactKey: Guid(93fd4d86adea89d4b94ccb5f9b5f4e0e) Importer(2089858483,b0f066a214c2f5e87bad3c948f4d605d)
Start importing Assets/work/sound/Items/coins_gather_small.wav using Guid(93fd4d86adea89d4b94ccb5f9b5f4e0e) Importer(2089858483,b0f066a214c2f5e87bad3c948f4d605d) (ScriptedImporter) -> (artifact id: 'b3445b8e3b2b670f2002a2c1998391f0') in 0.0271386 seconds
Number of updated asset objects reloaded before import = 0Number of asset objects unloaded after import = 1

========================================================================
Received Import Request.
  Time since last request: 0.000014 seconds.
  path: Assets/work/sound/Musical Effects/xylophone_negative_quick.wav
  artifactKey: Guid(a9d5e0b46cac86f4792d1cb539940ec9) Importer(2089858483,b0f066a214c2f5e87bad3c948f4d605d)
Start importing Assets/work/sound/Musical Effects/xylophone_negative_quick.wav using Guid(a9d5e0b46cac86f4792d1cb539940ec9) Importer(2089858483,b0f066a214c2f5e87bad3c948f4d605d) (ScriptedImporter) -> (artifact id: 'c3958154e16850bd872f7191e0e1ddec') in 0.025601 seconds
Number of updated asset objects reloaded before import = 0Number of asset objects unloaded after import = 1

========================================================================
Received Import Request.
  Time since last request: 0.000028 seconds.
  path: Assets/work/sound/Other/whoosh_1.wav
  artifactKey: Guid(04062c76349128f4088fbe10d72ee706) Importer(2089858483,b0f066a214c2f5e87bad3c948f4d605d)
Start importing Assets/work/sound/Other/whoosh_1.wav using Guid(04062c76349128f4088fbe10d72ee706) Importer(2089858483,b0f066a214c2f5e87bad3c948f4d605d) (ScriptedImporter) -> (artifact id: '70101a4bb2107aafd2a4e0708bf2ad32') in 0.0305299 seconds
Number of updated asset objects reloaded before import = 0Number of asset objects unloaded after import = 1

========================================================================
Received Import Request.
  Time since last request: 0.000031 seconds.
  path: Assets/work/sound/Materials/cardboard_push.wav
  artifactKey: Guid(afa06f10de570254584b3d98c817e060) Importer(2089858483,b0f066a214c2f5e87bad3c948f4d605d)
Start importing Assets/work/sound/Materials/cardboard_push.wav using Guid(afa06f10de570254584b3d98c817e060) Importer(2089858483,b0f066a214c2f5e87bad3c948f4d605d) (ScriptedImporter) -> (artifact id: '9ec245478e748398e4355aa4c1e74eed') in 0.0280459 seconds
Number of updated asset objects reloaded before import = 0Number of asset objects unloaded after import = 1

========================================================================
Received Import Request.
  Time since last request: 0.000029 seconds.
  path: Assets/work/sound/Combat and Gore/swipe.wav
  artifactKey: Guid(35d57446dcd4cf843b0c5e50513565a8) Importer(2089858483,b0f066a214c2f5e87bad3c948f4d605d)
Start importing Assets/work/sound/Combat and Gore/swipe.wav using Guid(35d57446dcd4cf843b0c5e50513565a8) Importer(2089858483,b0f066a214c2f5e87bad3c948f4d605d) (ScriptedImporter) -> (artifact id: '72db2975ee6825c358dc9245c4b603cd') in 0.0311387 seconds
Number of updated asset objects reloaded before import = 0Number of asset objects unloaded after import = 1

========================================================================
Received Import Request.
  Time since last request: 0.000020 seconds.
  path: Assets/work/sound/Musical Effects/sitar_level_complete.wav
  artifactKey: Guid(e363bd42a6077d24c8395849f449ff01) Importer(2089858483,b0f066a214c2f5e87bad3c948f4d605d)
Start importing Assets/work/sound/Musical Effects/sitar_level_complete.wav using Guid(e363bd42a6077d24c8395849f449ff01) Importer(2089858483,b0f066a214c2f5e87bad3c948f4d605d) (ScriptedImporter) -> (artifact id: '82bae1d6baf8ab56654fd56d0b9ebcf8') in 0.030133 seconds
Number of updated asset objects reloaded before import = 0Number of asset objects unloaded after import = 1

========================================================================
Received Import Request.
  Time since last request: 0.000026 seconds.
  path: Assets/work/sound/Musical Effects/music_box_negative_long.wav
  artifactKey: Guid(9842c5d930992064e8fbbeac5118b07f) Importer(2089858483,b0f066a214c2f5e87bad3c948f4d605d)
Start importing Assets/work/sound/Musical Effects/music_box_negative_long.wav using Guid(9842c5d930992064e8fbbeac5118b07f) Importer(2089858483,b0f066a214c2f5e87bad3c948f4d605d) (ScriptedImporter) -> (artifact id: '2d2c52c498902bbfa00bc187ad2ef41c') in 0.0308 seconds
Number of updated asset objects reloaded before import = 0Number of asset objects unloaded after import = 1

========================================================================
Received Import Request.
  Time since last request: 0.000019 seconds.
  path: Assets/work/sound/Environment/lock_unlock.wav
  artifactKey: Guid(a476327b46aa52545b8542bcb6896814) Importer(2089858483,b0f066a214c2f5e87bad3c948f4d605d)
Start importing Assets/work/sound/Environment/lock_unlock.wav using Guid(a476327b46aa52545b8542bcb6896814) Importer(2089858483,b0f066a214c2f5e87bad3c948f4d605d) (ScriptedImporter) -> (artifact id: 'd44f1eec5795bb59787c99489da17112') in 0.0305751 seconds
Number of updated asset objects reloaded before import = 0Number of asset objects unloaded after import = 1

========================================================================
Received Import Request.
  Time since last request: 0.000030 seconds.
  path: Assets/work/sound/Musical Effects/grand_piano_mystery.wav
  artifactKey: Guid(711d8698fddba6247872f30230804c33) Importer(2089858483,b0f066a214c2f5e87bad3c948f4d605d)
Start importing Assets/work/sound/Musical Effects/grand_piano_mystery.wav using Guid(711d8698fddba6247872f30230804c33) Importer(2089858483,b0f066a214c2f5e87bad3c948f4d605d) (ScriptedImporter) -> (artifact id: '37a9f27d2bbdb425af06ed66cae5d938') in 0.0313812 seconds
Number of updated asset objects reloaded before import = 0Number of asset objects unloaded after import = 1

========================================================================
Received Import Request.
  Time since last request: 0.000018 seconds.
  path: Assets/work/sound/Footsteps/foley_footstep_carpet_1.wav
  artifactKey: Guid(d1df063e7d2457b4e854a466bf4f4d1a) Importer(2089858483,b0f066a214c2f5e87bad3c948f4d605d)
Start importing Assets/work/sound/Footsteps/foley_footstep_carpet_1.wav using Guid(d1df063e7d2457b4e854a466bf4f4d1a) Importer(2089858483,b0f066a214c2f5e87bad3c948f4d605d) (ScriptedImporter) -> (artifact id: 'cfd471b8f5829cb6109917cadf369539') in 0.0271081 seconds
Number of updated asset objects reloaded before import = 0Number of asset objects unloaded after import = 1

========================================================================
Received Import Request.
  Time since last request: 0.000020 seconds.
  path: Assets/work/sound/Musical Effects/sitar_chime_positive.wav
  artifactKey: Guid(8e98d782cf0628042a942ab68db0d097) Importer(2089858483,b0f066a214c2f5e87bad3c948f4d605d)
Start importing Assets/work/sound/Musical Effects/sitar_chime_positive.wav using Guid(8e98d782cf0628042a942ab68db0d097) Importer(2089858483,b0f066a214c2f5e87bad3c948f4d605d) (ScriptedImporter) -> (artifact id: 'c266c4d34c8d2c30b4613d27e0dc3c49') in 0.0259449 seconds
Number of updated asset objects reloaded before import = 0Number of asset objects unloaded after import = 1

========================================================================
Received Import Request.
  Time since last request: 0.000026 seconds.
  path: Assets/work/sound/Items
  artifactKey: Guid(c257e89d61b50094891da696a9d74d9d) Importer(2089858483,b0f066a214c2f5e87bad3c948f4d605d)
Start importing Assets/work/sound/Items using Guid(c257e89d61b50094891da696a9d74d9d) Importer(2089858483,b0f066a214c2f5e87bad3c948f4d605d) (ScriptedImporter) -> (artifact id: 'f6d6706c4912f6bc9a3276e4eeafcb89') in 0.0048052 seconds
Number of updated asset objects reloaded before import = 0Number of asset objects unloaded after import = 1

========================================================================
Received Import Request.
  Time since last request: 0.000014 seconds.
  path: Assets/work/sound/Weapons/weapon_unequip.wav
  artifactKey: Guid(6705a8ab40ac8574691aa72521d1de36) Importer(2089858483,b0f066a214c2f5e87bad3c948f4d605d)
Start importing Assets/work/sound/Weapons/weapon_unequip.wav using Guid(6705a8ab40ac8574691aa72521d1de36) Importer(2089858483,b0f066a214c2f5e87bad3c948f4d605d) (ScriptedImporter) -> (artifact id: '0a499a4b43f7e55a1449f66ade0df6ba') in 0.0262859 seconds
Number of updated asset objects reloaded before import = 0Number of asset objects unloaded after import = 1

========================================================================
Received Import Request.
  Time since last request: 0.000016 seconds.
  path: Assets/work/sound/Musical Effects/synth_bass_negative.wav
  artifactKey: Guid(f59a34cd6c687774c9ff96dd8e338c48) Importer(2089858483,b0f066a214c2f5e87bad3c948f4d605d)
Start importing Assets/work/sound/Musical Effects/synth_bass_negative.wav using Guid(f59a34cd6c687774c9ff96dd8e338c48) Importer(2089858483,b0f066a214c2f5e87bad3c948f4d605d) (ScriptedImporter) -> (artifact id: 'a46698375d2f179f6c9399c1a70921a5') in 0.0329279 seconds
Number of updated asset objects reloaded before import = 0Number of asset objects unloaded after import = 1

========================================================================
Received Import Request.
  Time since last request: 0.000025 seconds.
  path: Assets/work/sound/Footsteps/foley_footstep_carpet_2.wav
  artifactKey: Guid(11622b823f25289479d910b9c66d1737) Importer(2089858483,b0f066a214c2f5e87bad3c948f4d605d)
Start importing Assets/work/sound/Footsteps/foley_footstep_carpet_2.wav using Guid(11622b823f25289479d910b9c66d1737) Importer(2089858483,b0f066a214c2f5e87bad3c948f4d605d) (ScriptedImporter) -> (artifact id: 'f3725498cb278a647a880d3f7d544252') in 0.0256461 seconds
Number of updated asset objects reloaded before import = 0Number of asset objects unloaded after import = 1

========================================================================
Received Import Request.
  Time since last request: 0.000012 seconds.
  path: Assets/work/sound/Materials/ceramic_jar_close.wav
  artifactKey: Guid(7bf1b392ac360f140bf6503b5c004d7e) Importer(2089858483,b0f066a214c2f5e87bad3c948f4d605d)
Start importing Assets/work/sound/Materials/ceramic_jar_close.wav using Guid(7bf1b392ac360f140bf6503b5c004d7e) Importer(2089858483,b0f066a214c2f5e87bad3c948f4d605d) (ScriptedImporter) -> (artifact id: 'da4671ff814e05d136c21be55590c858') in 0.0335267 seconds
Number of updated asset objects reloaded before import = 0Number of asset objects unloaded after import = 1

========================================================================
Received Import Request.
  Time since last request: 0.000027 seconds.
  path: Assets/work/sound/Musical Effects/sitar_positive_long.wav
  artifactKey: Guid(5158046f3a94e1b41ae89a47f9d11521) Importer(2089858483,b0f066a214c2f5e87bad3c948f4d605d)
Start importing Assets/work/sound/Musical Effects/sitar_positive_long.wav using Guid(5158046f3a94e1b41ae89a47f9d11521) Importer(2089858483,b0f066a214c2f5e87bad3c948f4d605d) (ScriptedImporter) -> (artifact id: '071be97c826b39fdd0687bb39ed0a0ea') in 0.0348486 seconds
Number of updated asset objects reloaded before import = 0Number of asset objects unloaded after import = 1

========================================================================
Received Import Request.
  Time since last request: 0.000022 seconds.
  path: Assets/work/sound/Weapons/sword_slice.wav
  artifactKey: Guid(8ca8aa3c93d6cf64ba365b8bd3700764) Importer(2089858483,b0f066a214c2f5e87bad3c948f4d605d)
Start importing Assets/work/sound/Weapons/sword_slice.wav using Guid(8ca8aa3c93d6cf64ba365b8bd3700764) Importer(2089858483,b0f066a214c2f5e87bad3c948f4d605d) (ScriptedImporter) -> (artifact id: '2d4eb78115d1a0ce827006184dfe50dc') in 0.0345648 seconds
Number of updated asset objects reloaded before import = 0Number of asset objects unloaded after import = 1

========================================================================
Received Import Request.
  Time since last request: 0.000017 seconds.
  path: Assets/work/sound/Environment/ice_in_water.wav
  artifactKey: Guid(5a1acfe27b7da9a4ab19bc7577622804) Importer(2089858483,b0f066a214c2f5e87bad3c948f4d605d)
Start importing Assets/work/sound/Environment/ice_in_water.wav using Guid(5a1acfe27b7da9a4ab19bc7577622804) Importer(2089858483,b0f066a214c2f5e87bad3c948f4d605d) (ScriptedImporter) -> (artifact id: '33d2f20345f275b9511ee224930a7f5b') in 0.0348746 seconds
Number of updated asset objects reloaded before import = 0Number of asset objects unloaded after import = 1

========================================================================
Received Import Request.
  Time since last request: 0.000030 seconds.
  path: Assets/work/sound/UI/sci_fi_select_big.wav
  artifactKey: Guid(5b2ed2e1da3185a4e8e27712022ef901) Importer(2089858483,b0f066a214c2f5e87bad3c948f4d605d)
Start importing Assets/work/sound/UI/sci_fi_select_big.wav using Guid(5b2ed2e1da3185a4e8e27712022ef901) Importer(2089858483,b0f066a214c2f5e87bad3c948f4d605d) (ScriptedImporter) -> (artifact id: '1cb986d8a961bab1f003e156316c2b12') in 0.0333694 seconds
Number of updated asset objects reloaded before import = 0Number of asset objects unloaded after import = 1

========================================================================
Received Import Request.
  Time since last request: 0.000015 seconds.
  path: Assets/work/sound/Other/record_scratch.wav
  artifactKey: Guid(ef4d526f11eda4f42ab49bc0e7e4a70e) Importer(2089858483,b0f066a214c2f5e87bad3c948f4d605d)
Start importing Assets/work/sound/Other/record_scratch.wav using Guid(ef4d526f11eda4f42ab49bc0e7e4a70e) Importer(2089858483,b0f066a214c2f5e87bad3c948f4d605d) (ScriptedImporter) -> (artifact id: 'b403bbea0e375aab05446f2583ac3b89') in 0.0281777 seconds
Number of updated asset objects reloaded before import = 0Number of asset objects unloaded after import = 1

========================================================================
Received Import Request.
  Time since last request: 0.000019 seconds.
  path: Assets/work/sound/Musical Effects/music_box_inn.wav
  artifactKey: Guid(8a1809ad7e69d0a4e92e73882ad8ecbb) Importer(2089858483,b0f066a214c2f5e87bad3c948f4d605d)
Start importing Assets/work/sound/Musical Effects/music_box_inn.wav using Guid(8a1809ad7e69d0a4e92e73882ad8ecbb) Importer(2089858483,b0f066a214c2f5e87bad3c948f4d605d) (ScriptedImporter) -> (artifact id: 'f056798d647a98f52e2068be293614c6') in 0.0333159 seconds
Number of updated asset objects reloaded before import = 0Number of asset objects unloaded after import = 1

========================================================================
Received Import Request.
  Time since last request: 0.000027 seconds.
  path: Assets/work/sound/Combat and Gore/punch_2.wav
  artifactKey: Guid(68304df12197ea0478c319bc10743eb6) Importer(2089858483,b0f066a214c2f5e87bad3c948f4d605d)
Start importing Assets/work/sound/Combat and Gore/punch_2.wav using Guid(68304df12197ea0478c319bc10743eb6) Importer(2089858483,b0f066a214c2f5e87bad3c948f4d605d) (ScriptedImporter) -> (artifact id: '0970a30a3efec782db291836ebe0fcf4') in 0.029006 seconds
Number of updated asset objects reloaded before import = 0Number of asset objects unloaded after import = 1

========================================================================
Received Import Request.
  Time since last request: 0.000020 seconds.
  path: Assets/work/sound/Musical Effects/steel_drums_chime_positive.wav
  artifactKey: Guid(21d269a4eee893a43a29a3c055f5488d) Importer(2089858483,b0f066a214c2f5e87bad3c948f4d605d)
Start importing Assets/work/sound/Musical Effects/steel_drums_chime_positive.wav using Guid(21d269a4eee893a43a29a3c055f5488d) Importer(2089858483,b0f066a214c2f5e87bad3c948f4d605d) (ScriptedImporter) -> (artifact id: 'd1de264c42b68657139190067ac970db') in 0.0268848 seconds
Number of updated asset objects reloaded before import = 0Number of asset objects unloaded after import = 1

========================================================================
Received Import Request.
  Time since last request: 0.000031 seconds.
  path: Assets/work/sound/Musical Effects/8_bit_positive_long.wav
  artifactKey: Guid(b4fe8b8dd03eb0d48b64843a1e3dbb88) Importer(2089858483,b0f066a214c2f5e87bad3c948f4d605d)
Start importing Assets/work/sound/Musical Effects/8_bit_positive_long.wav using Guid(b4fe8b8dd03eb0d48b64843a1e3dbb88) Importer(2089858483,b0f066a214c2f5e87bad3c948f4d605d) (ScriptedImporter) -> (artifact id: 'c3971a280119c6ed46d7f287dbf29113') in 0.0332653 seconds
Number of updated asset objects reloaded before import = 0Number of asset objects unloaded after import = 1

========================================================================
Received Import Request.
  Time since last request: 0.000016 seconds.
  path: Assets/work/sound/Card and Board/dice_shake_2.wav
  artifactKey: Guid(ae10b30ecb892e64da190b073cca44f1) Importer(2089858483,b0f066a214c2f5e87bad3c948f4d605d)
Start importing Assets/work/sound/Card and Board/dice_shake_2.wav using Guid(ae10b30ecb892e64da190b073cca44f1) Importer(2089858483,b0f066a214c2f5e87bad3c948f4d605d) (ScriptedImporter) -> (artifact id: '76830d881041f9766363d15d52b18155') in 0.0354231 seconds
Number of updated asset objects reloaded before import = 0Number of asset objects unloaded after import = 1

========================================================================
Received Import Request.
  Time since last request: 0.000026 seconds.
  path: Assets/work/sound/Musical Effects/steel_drums_defeated.wav
  artifactKey: Guid(c6840ef378c764343a068b96978bae20) Importer(2089858483,b0f066a214c2f5e87bad3c948f4d605d)
Start importing Assets/work/sound/Musical Effects/steel_drums_defeated.wav using Guid(c6840ef378c764343a068b96978bae20) Importer(2089858483,b0f066a214c2f5e87bad3c948f4d605d) (ScriptedImporter) -> (artifact id: '3bbf99f5bc684be6832db5addab9fc58') in 0.0245243 seconds
Number of updated asset objects reloaded before import = 0Number of asset objects unloaded after import = 1

========================================================================
Received Import Request.
  Time since last request: 0.000017 seconds.
  path: Assets/work/sound/Environment/ambient_wind.wav
  artifactKey: Guid(eee5e62cad268864d972717363009ca1) Importer(2089858483,b0f066a214c2f5e87bad3c948f4d605d)
Start importing Assets/work/sound/Environment/ambient_wind.wav using Guid(eee5e62cad268864d972717363009ca1) Importer(2089858483,b0f066a214c2f5e87bad3c948f4d605d) (ScriptedImporter) -> (artifact id: 'c99718a2526829fdf4bd5dbbf52e8e8a') in 0.0253606 seconds
Number of updated asset objects reloaded before import = 0Number of asset objects unloaded after import = 1

========================================================================
Received Import Request.
  Time since last request: 0.000024 seconds.
  path: Assets/work/sound/UI/pop_2.wav
  artifactKey: Guid(d4d273cb4992aff42b20166a4602785a) Importer(2089858483,b0f066a214c2f5e87bad3c948f4d605d)
Start importing Assets/work/sound/UI/pop_2.wav using Guid(d4d273cb4992aff42b20166a4602785a) Importer(2089858483,b0f066a214c2f5e87bad3c948f4d605d) (ScriptedImporter) -> (artifact id: '92c9d609b432627bfdffa041ddf1f9cc') in 0.0283527 seconds
Number of updated asset objects reloaded before import = 0Number of asset objects unloaded after import = 1

========================================================================
Received Import Request.
  Time since last request: 0.000027 seconds.
  path: Assets/work/sound/Items/map_open.wav
  artifactKey: Guid(e9498db2601e6ef4681fbe739fd449f9) Importer(2089858483,b0f066a214c2f5e87bad3c948f4d605d)
Start importing Assets/work/sound/Items/map_open.wav using Guid(e9498db2601e6ef4681fbe739fd449f9) Importer(2089858483,b0f066a214c2f5e87bad3c948f4d605d) (ScriptedImporter) -> (artifact id: 'd6d11c83f10e58271745803e66ae85ce') in 0.0253191 seconds
Number of updated asset objects reloaded before import = 0Number of asset objects unloaded after import = 1

========================================================================
Received Import Request.
  Time since last request: 0.000021 seconds.
  path: Assets/work/sound/Other/finger_click.wav
  artifactKey: Guid(c8e7b4882444f844184722dff0d221e9) Importer(2089858483,b0f066a214c2f5e87bad3c948f4d605d)
Start importing Assets/work/sound/Other/finger_click.wav using Guid(c8e7b4882444f844184722dff0d221e9) Importer(2089858483,b0f066a214c2f5e87bad3c948f4d605d) (ScriptedImporter) -> (artifact id: 'dbe8c93580a9364c8a82063eaf012196') in 0.0334081 seconds
Number of updated asset objects reloaded before import = 0Number of asset objects unloaded after import = 1

========================================================================
Received Import Request.
  Time since last request: 0.000022 seconds.
  path: Assets/work/sound/Match Three/match_xylophone_6.wav
  artifactKey: Guid(3d1b06a209bf8d543a3e9c07b25c541f) Importer(2089858483,b0f066a214c2f5e87bad3c948f4d605d)
Start importing Assets/work/sound/Match Three/match_xylophone_6.wav using Guid(3d1b06a209bf8d543a3e9c07b25c541f) Importer(2089858483,b0f066a214c2f5e87bad3c948f4d605d) (ScriptedImporter) -> (artifact id: '59c388066282da24066aa9f2b572de40') in 0.0291021 seconds
Number of updated asset objects reloaded before import = 0Number of asset objects unloaded after import = 1

========================================================================
Received Import Request.
  Time since last request: 0.000028 seconds.
  path: Assets/work/sound/UI/sci_fi_error.wav
  artifactKey: Guid(9b692ee7499eace47857b4379cd2d2b3) Importer(2089858483,b0f066a214c2f5e87bad3c948f4d605d)
Start importing Assets/work/sound/UI/sci_fi_error.wav using Guid(9b692ee7499eace47857b4379cd2d2b3) Importer(2089858483,b0f066a214c2f5e87bad3c948f4d605d) (ScriptedImporter) -> (artifact id: 'df3da2a04c75bde998ed8a9424010a5c') in 0.0289453 seconds
Number of updated asset objects reloaded before import = 0Number of asset objects unloaded after import = 1

========================================================================
Received Import Request.
  Time since last request: 0.000023 seconds.
  path: Assets/work/sound/Musical Effects/8_bit_negative.wav
  artifactKey: Guid(41f3365b74fcd794eb4cd4cb70fba931) Importer(2089858483,b0f066a214c2f5e87bad3c948f4d605d)
Start importing Assets/work/sound/Musical Effects/8_bit_negative.wav using Guid(41f3365b74fcd794eb4cd4cb70fba931) Importer(2089858483,b0f066a214c2f5e87bad3c948f4d605d) (ScriptedImporter) -> (artifact id: '9c2cc38406663a36a27172333064ea98') in 0.0313033 seconds
Number of updated asset objects reloaded before import = 0Number of asset objects unloaded after import = 1

========================================================================
Received Import Request.
  Time since last request: 0.000024 seconds.
  path: Assets/work/sound/UI/toggle_on.wav
  artifactKey: Guid(2b6eb5c36f13a2c4bab28374a4f03a82) Importer(2089858483,b0f066a214c2f5e87bad3c948f4d605d)
Start importing Assets/work/sound/UI/toggle_on.wav using Guid(2b6eb5c36f13a2c4bab28374a4f03a82) Importer(2089858483,b0f066a214c2f5e87bad3c948f4d605d) (ScriptedImporter) -> (artifact id: 'e5a5231e906609c47ef2f67f9432bd9c') in 0.0266589 seconds
Number of updated asset objects reloaded before import = 0Number of asset objects unloaded after import = 1

========================================================================
Received Import Request.
  Time since last request: 0.000015 seconds.
  path: Assets/work/sound/UI/synth_warning.wav
  artifactKey: Guid(9109248a48aca1345b0877de3e1dab6b) Importer(2089858483,b0f066a214c2f5e87bad3c948f4d605d)
Start importing Assets/work/sound/UI/synth_warning.wav using Guid(9109248a48aca1345b0877de3e1dab6b) Importer(2089858483,b0f066a214c2f5e87bad3c948f4d605d) (ScriptedImporter) -> (artifact id: '1ecacebb06b57ba5e9a0b44c7a78ffa4') in 0.0285681 seconds
Number of updated asset objects reloaded before import = 0Number of asset objects unloaded after import = 1

========================================================================
Received Import Request.
  Time since last request: 0.000018 seconds.
  path: Assets/work/sound/Other/keyboard_typing.wav
  artifactKey: Guid(0ec86d4f82e2461478feee1c2d9dc41d) Importer(2089858483,b0f066a214c2f5e87bad3c948f4d605d)
Start importing Assets/work/sound/Other/keyboard_typing.wav using Guid(0ec86d4f82e2461478feee1c2d9dc41d) Importer(2089858483,b0f066a214c2f5e87bad3c948f4d605d) (ScriptedImporter) -> (artifact id: 'c81e29df57e60f0cd260b877fd92f21f') in 0.0311793 seconds
Number of updated asset objects reloaded before import = 0Number of asset objects unloaded after import = 1

========================================================================
Received Import Request.
  Time since last request: 0.000024 seconds.
  path: Assets/work/sound/Musical Effects/synth_bass_positive_long.wav
  artifactKey: Guid(f4c27d3b2acfc6a4697b6c3ae8999a12) Importer(2089858483,b0f066a214c2f5e87bad3c948f4d605d)
Start importing Assets/work/sound/Musical Effects/synth_bass_positive_long.wav using Guid(f4c27d3b2acfc6a4697b6c3ae8999a12) Importer(2089858483,b0f066a214c2f5e87bad3c948f4d605d) (ScriptedImporter) -> (artifact id: '4d612df83e033b715f5c2dce8abd34d4') in 0.0248787 seconds
Number of updated asset objects reloaded before import = 0Number of asset objects unloaded after import = 1

========================================================================
Received Import Request.
  Time since last request: 0.000017 seconds.
  path: Assets/work/sound/Musical Effects/brass_level_complete.wav
  artifactKey: Guid(5c7b09edf359b99429e2cbe764a982a4) Importer(2089858483,b0f066a214c2f5e87bad3c948f4d605d)
Start importing Assets/work/sound/Musical Effects/brass_level_complete.wav using Guid(5c7b09edf359b99429e2cbe764a982a4) Importer(2089858483,b0f066a214c2f5e87bad3c948f4d605d) (ScriptedImporter) -> (artifact id: 'cd2bf5431a8dd952e5bed23703db3398') in 0.0238174 seconds
Number of updated asset objects reloaded before import = 0Number of asset objects unloaded after import = 1

========================================================================
Received Import Request.
  Time since last request: 0.000021 seconds.
  path: Assets/work/sound/Musical Effects/xylophone_positive_long.wav
  artifactKey: Guid(fad8f0ad3bbb5e94e9b12a02ddd736de) Importer(2089858483,b0f066a214c2f5e87bad3c948f4d605d)
Start importing Assets/work/sound/Musical Effects/xylophone_positive_long.wav using Guid(fad8f0ad3bbb5e94e9b12a02ddd736de) Importer(2089858483,b0f066a214c2f5e87bad3c948f4d605d) (ScriptedImporter) -> (artifact id: 'd58ef3a85c932b3583f8ff127b418f3b') in 0.0264598 seconds
Number of updated asset objects reloaded before import = 0Number of asset objects unloaded after import = 1

========================================================================
Received Import Request.
  Time since last request: 0.000036 seconds.
  path: Assets/work/sound/Other/munching_food.wav
  artifactKey: Guid(66ee82830abb44c4c826f08313923ad3) Importer(2089858483,b0f066a214c2f5e87bad3c948f4d605d)
Start importing Assets/work/sound/Other/munching_food.wav using Guid(66ee82830abb44c4c826f08313923ad3) Importer(2089858483,b0f066a214c2f5e87bad3c948f4d605d) (ScriptedImporter) -> (artifact id: '94aceb91cee93aca3933eda2fc54498b') in 0.0242919 seconds
Number of updated asset objects reloaded before import = 0Number of asset objects unloaded after import = 1

========================================================================
Received Import Request.
  Time since last request: 0.000021 seconds.
  path: Assets/work/sound/Musical Effects/harpsichord_defeated.wav
  artifactKey: Guid(f819fd382c8e7d54fb5112e2dcd1085f) Importer(2089858483,b0f066a214c2f5e87bad3c948f4d605d)
Start importing Assets/work/sound/Musical Effects/harpsichord_defeated.wav using Guid(f819fd382c8e7d54fb5112e2dcd1085f) Importer(2089858483,b0f066a214c2f5e87bad3c948f4d605d) (ScriptedImporter) -> (artifact id: '12e958e01437a99777b99b83c2ff60f5') in 0.0256387 seconds
Number of updated asset objects reloaded before import = 0Number of asset objects unloaded after import = 1

========================================================================
Received Import Request.
  Time since last request: 0.000018 seconds.
  path: Assets/work/sound/Musical Effects/xylophone_negative.wav
  artifactKey: Guid(671f6f459360c874a82652ceba6e6cbb) Importer(2089858483,b0f066a214c2f5e87bad3c948f4d605d)
Start importing Assets/work/sound/Musical Effects/xylophone_negative.wav using Guid(671f6f459360c874a82652ceba6e6cbb) Importer(2089858483,b0f066a214c2f5e87bad3c948f4d605d) (ScriptedImporter) -> (artifact id: '4c9d0d1492dbdd74f9a131b352bd98b8') in 0.0232894 seconds
Number of updated asset objects reloaded before import = 0Number of asset objects unloaded after import = 1

========================================================================
Received Import Request.
  Time since last request: 0.000031 seconds.
  path: Assets/work/sound/Footsteps/foley_footstep_concrete_3.wav
  artifactKey: Guid(e7cb1e46f87e12c4f9017653ebae8e1c) Importer(2089858483,b0f066a214c2f5e87bad3c948f4d605d)
Start importing Assets/work/sound/Footsteps/foley_footstep_concrete_3.wav using Guid(e7cb1e46f87e12c4f9017653ebae8e1c) Importer(2089858483,b0f066a214c2f5e87bad3c948f4d605d) (ScriptedImporter) -> (artifact id: 'a51032e0d9e6a5b2034332f605b093b4') in 0.0252044 seconds
Number of updated asset objects reloaded before import = 0Number of asset objects unloaded after import = 1

========================================================================
Received Import Request.
  Time since last request: 0.000016 seconds.
  path: Assets/work/sound/Environment/lock_lock.wav
  artifactKey: Guid(3e94862e7aac04c40b846785e0537f25) Importer(2089858483,b0f066a214c2f5e87bad3c948f4d605d)
Start importing Assets/work/sound/Environment/lock_lock.wav using Guid(3e94862e7aac04c40b846785e0537f25) Importer(2089858483,b0f066a214c2f5e87bad3c948f4d605d) (ScriptedImporter) -> (artifact id: '847e1a98e30c2ebc1dacc0715fe87f3e') in 0.0253026 seconds
Number of updated asset objects reloaded before import = 0Number of asset objects unloaded after import = 1

Editor requested this worker to shutdown with reason: Scaling down because of idle timeout
AssetImportWorker is now disconnected from the server
Process exiting
Exiting without the bug reporter. Application will terminate with return code 0